output_id,task_id,output_index,root_length_min,root_length_max,root_length_mean,unique_prompt_lengths,profile,resident_width,physical_batch_ceiling,resident_group_count,initial_kv_capacity,final_required_kv_capacity,aug00_token_length,aug01_token_length,aug02_token_length,aug03_token_length,aug04_token_length,aug05_token_length,aug06_token_length,aug07_token_length,aug08_token_length,aug09_token_length,aug10_token_length,aug11_token_length,aug12_token_length,aug13_token_length,aug14_token_length,aug15_token_length
0934a4d8:o0,0934a4d8,0,4793,4793,4793.0,1,PROFILE_L,8,8,2,4864,5888,4793,4793,4793,4793,4793,4793,4793,4793,4793,4793,4793,4793,4793,4793,4793,4793
13e47133:o0,13e47133,0,2914,2920,2916.625,2,PROFILE_L,8,8,2,3072,4096,2914,2914,2920,2920,2920,2914,2920,2914,2914,2920,2914,2920,2914,2914,2920,2914
13e47133:o1,13e47133,1,2914,2920,2916.625,2,PROFILE_L,8,8,2,3072,4096,2914,2914,2920,2920,2920,2914,2920,2914,2914,2920,2914,2920,2914,2914,2920,2914
142ca369:o0,142ca369,0,2730,2730,2730.0,1,PROFILE_L,8,8,2,2816,3840,2730,2730,2730,2730,2730,2730,2730,2730,2730,2730,2730,2730,2730,2730,2730,2730
142ca369:o1,142ca369,1,2787,2788,2787.5625,2,PROFILE_L,8,8,2,2816,3840,2788,2788,2787,2787,2787,2788,2787,2788,2788,2787,2788,2787,2788,2788,2787,2788
16b78196:o0,16b78196,0,4668,4668,4668.0,1,PROFILE_L,8,8,2,4864,5632,4668,4668,4668,4668,4668,4668,4668,4668,4668,4668,4668,4668,4668,4668,4668,4668
16de56c4:o0,16de56c4,0,1064,1108,1083.25,2,PROFILE_S,16,16,1,1280,2048,1064,1064,1108,1108,1108,1064,1108,1064,1064,1108,1064,1108,1064,1064,1108,1064
16de56c4:o1,16de56c4,1,1064,1108,1083.25,2,PROFILE_S,16,16,1,1280,2048,1064,1064,1108,1108,1108,1064,1108,1064,1064,1108,1064,1108,1064,1064,1108,1064
1818057f:o0,1818057f,0,1642,1650,1645.5,2,PROFILE_S,16,16,1,1792,2816,1642,1642,1650,1650,1650,1642,1650,1642,1642,1650,1642,1650,1642,1642,1650,1642
20270e3b:o0,20270e3b,0,654,665,658.8125,2,PROFILE_S,16,16,1,768,1792,654,654,665,665,665,654,665,654,654,665,654,665,654,654,665,654
20270e3b:o1,20270e3b,1,599,605,601.625,2,PROFILE_S,16,16,1,768,1536,599,599,605,605,605,599,605,599,599,605,599,605,599,599,605,599
247ef758:o0,247ef758,0,1415,1450,1430.3125,2,PROFILE_S,16,16,1,1536,2560,1415,1415,1450,1450,1450,1415,1450,1415,1415,1450,1415,1450,1415,1415,1450,1415
247ef758:o1,247ef758,1,1328,1364,1343.75,2,PROFILE_S,16,16,1,1536,2304,1328,1328,1364,1364,1364,1328,1364,1328,1328,1364,1328,1364,1328,1328,1364,1328
2b83f449:o0,2b83f449,0,1254,1274,1262.75,2,PROFILE_S,16,16,1,1280,2304,1254,1254,1274,1274,1274,1254,1274,1254,1254,1274,1254,1274,1254,1254,1274,1254
2c181942:o0,2c181942,0,3470,3482,3475.25,2,PROFILE_L,8,8,2,3584,4608,3470,3470,3482,3482,3482,3470,3482,3470,3470,3482,3470,3482,3470,3470,3482,3470
2d0172a1:o0,2d0172a1,0,2723,2726,2724.3125,2,PROFILE_L,8,8,2,2816,3840,2723,2723,2726,2726,2726,2723,2726,2723,2723,2726,2723,2726,2723,2723,2726,2723
2d0172a1:o1,2d0172a1,1,2723,2726,2724.3125,2,PROFILE_L,8,8,2,2816,3840,2723,2723,2726,2726,2726,2723,2726,2723,2723,2726,2723,2726,2723,2723,2726,2723
31f7f899:o0,31f7f899,0,1286,1286,1286.0,1,PROFILE_S,16,16,1,1536,2304,1286,1286,1286,1286,1286,1286,1286,1286,1286,1286,1286,1286,1286,1286,1286,1286
332f06d7:o0,332f06d7,0,1946,1946,1946.0,1,PROFILE_S,16,16,1,2048,3072,1946,1946,1946,1946,1946,1946,1946,1946,1946,1946,1946,1946,1946,1946,1946,1946
36a08778:o0,36a08778,0,2356,2360,2357.75,2,PROFILE_M,16,8,1,2560,3328,2356,2356,2360,2360,2360,2356,2360,2356,2356,2360,2356,2360,2356,2356,2360,2356
36a08778:o1,36a08778,1,3014,3018,3015.75,2,PROFILE_L,8,8,2,3072,4096,3014,3014,3018,3018,3018,3014,3018,3014,3014,3018,3014,3018,3014,3014,3018,3014
3a25b0d8:o0,3a25b0d8,0,2190,2196,2193.375,2,PROFILE_M,16,8,1,2304,3328,2196,2196,2190,2190,2190,2196,2190,2196,2196,2190,2196,2190,2196,2196,2190,2196
3a25b0d8:o1,3a25b0d8,1,2072,2078,2075.375,2,PROFILE_M,16,8,1,2304,3072,2078,2078,2072,2072,2072,2078,2072,2078,2078,2072,2078,2072,2078,2078,2072,2078
446ef5d2:o0,446ef5d2,0,1444,1460,1451.0,2,PROFILE_S,16,16,1,1536,2560,1444,1444,1460,1460,1460,1444,1460,1444,1444,1460,1444,1460,1444,1444,1460,1444
446ef5d2:o1,446ef5d2,1,1162,1178,1169.0,2,PROFILE_S,16,16,1,1280,2304,1162,1162,1178,1178,1178,1162,1178,1162,1162,1178,1162,1178,1162,1162,1178,1162
45a5af55:o0,45a5af55,0,1863,1867,1865.25,2,PROFILE_S,16,16,1,2048,2816,1867,1867,1863,1863,1863,1867,1863,1867,1867,1863,1867,1863,1867,1867,1863,1867
4a21e3da:o0,4a21e3da,0,2496,2496,2496.0,1,PROFILE_M,16,8,1,2560,3584,2496,2496,2496,2496,2496,2496,2496,2496,2496,2496,2496,2496,2496,2496,2496,2496
4c3d4a41:o0,4c3d4a41,0,858,918,884.25,2,PROFILE_S,16,16,1,1024,2048,858,858,918,918,918,858,918,858,858,918,858,918,858,858,918,858
4c3d4a41:o1,4c3d4a41,1,858,918,884.25,2,PROFILE_S,16,16,1,1024,2048,858,858,918,918,918,858,918,858,858,918,858,918,858,858,918,858
4e34c42c:o0,4e34c42c,0,1972,1982,1976.375,2,PROFILE_S,16,16,1,2048,3072,1972,1972,1982,1982,1982,1972,1982,1972,1972,1982,1972,1982,1972,1972,1982,1972
4e34c42c:o1,4e34c42c,1,1846,1862,1853.0,2,PROFILE_S,16,16,1,2048,2816,1846,1846,1862,1862,1862,1846,1862,1846,1846,1862,1846,1862,1846,1846,1862,1846
53fb4810:o0,53fb4810,0,1810,1857,1836.4375,2,PROFILE_S,16,16,1,2048,2816,1857,1857,1810,1810,1810,1857,1810,1857,1857,1810,1857,1810,1857,1857,1810,1857
58490d8a:o0,58490d8a,0,2226,2235,2229.9375,2,PROFILE_M,16,8,1,2304,3328,2226,2226,2235,2235,2235,2226,2235,2226,2226,2235,2226,2235,2226,2226,2235,2226
5dbc8537:o0,5dbc8537,0,1637,1640,1638.3125,2,PROFILE_S,16,16,1,1792,2816,1637,1637,1640,1640,1640,1637,1640,1637,1637,1640,1637,1640,1637,1637,1640,1637
5dbc8537:o1,5dbc8537,1,1407,1410,1408.3125,2,PROFILE_S,16,16,1,1536,2560,1407,1407,1410,1410,1410,1407,1410,1407,1407,1410,1407,1410,1407,1407,1410,1407
62593bfd:o0,62593bfd,0,3630,3648,3640.125,2,PROFILE_L,8,8,2,3840,4608,3648,3648,3630,3630,3630,3648,3630,3648,3648,3630,3648,3630,3648,3648,3630,3648
62593bfd:o1,62593bfd,1,3540,3549,3545.0625,2,PROFILE_L,8,8,2,3584,4608,3549,3549,3540,3540,3540,3549,3540,3549,3549,3540,3549,3540,3549,3549,3540,3549
64efde09:o0,64efde09,0,3624,3642,3631.875,2,PROFILE_L,8,8,2,3840,4608,3624,3624,3642,3642,3642,3624,3642,3624,3624,3642,3624,3642,3624,3624,3642,3624
67e490f4:o0,67e490f4,0,3122,3122,3122.0,1,PROFILE_L,8,8,2,3328,4096,3122,3122,3122,3122,3122,3122,3122,3122,3122,3122,3122,3122,3122,3122,3122,3122
6ffbe589:o0,6ffbe589,0,2106,2106,2106.0,1,PROFILE_M,16,8,1,2304,3072,2106,2106,2106,2106,2106,2106,2106,2106,2106,2106,2106,2106,2106,2106,2106,2106
71e489b6:o0,71e489b6,0,2064,2068,2066.25,2,PROFILE_M,16,8,1,2304,3072,2068,2068,2064,2064,2064,2068,2064,2068,2068,2064,2068,2064,2068,2068,2064,2068
71e489b6:o1,71e489b6,1,2153,2156,2154.6875,2,PROFILE_M,16,8,1,2304,3328,2156,2156,2153,2153,2153,2156,2153,2156,2156,2153,2156,2153,2156,2156,2153,2156
7491f3cf:o0,7491f3cf,0,1668,1830,1738.875,2,PROFILE_S,16,16,1,2048,2816,1668,1668,1830,1830,1830,1668,1830,1668,1668,1830,1668,1830,1668,1668,1830,1668
78332cb0:o0,78332cb0,0,792,810,802.125,2,PROFILE_S,16,16,1,1024,1792,810,810,792,792,792,810,792,810,810,792,810,792,810,810,792,810
78332cb0:o1,78332cb0,1,780,816,800.25,2,PROFILE_S,16,16,1,1024,1792,816,816,780,780,780,816,780,816,816,780,816,780,816,816,780,816
7b0280bc:o0,7b0280bc,0,2958,2958,2958.0,1,PROFILE_L,8,8,2,3072,4096,2958,2958,2958,2958,2958,2958,2958,2958,2958,2958,2958,2958,2958,2958,2958,2958
7b3084d4:o0,7b3084d4,0,1876,1876,1876.0,1,PROFILE_S,16,16,1,2048,2816,1876,1876,1876,1876,1876,1876,1876,1876,1876,1876,1876,1876,1876,1876,1876,1876
7ed72f31:o0,7ed72f31,0,1728,1728,1728.0,1,PROFILE_S,16,16,1,1792,2816,1728,1728,1728,1728,1728,1728,1728,1728,1728,1728,1728,1728,1728,1728,1728,1728
7ed72f31:o1,7ed72f31,1,2198,2198,2198.0,1,PROFILE_M,16,8,1,2304,3328,2198,2198,2198,2198,2198,2198,2198,2198,2198,2198,2198,2198,2198,2198,2198,2198
80a900e0:o0,80a900e0,0,2589,2590,2589.5625,2,PROFILE_M,16,8,1,2816,3584,2590,2590,2589,2589,2589,2590,2589,2590,2590,2589,2590,2589,2590,2590,2589,2590
88bcf3b4:o0,88bcf3b4,0,1978,1978,1978.0,1,PROFILE_S,16,16,1,2048,3072,1978,1978,1978,1978,1978,1978,1978,1978,1978,1978,1978,1978,1978,1978,1978,1978
88bcf3b4:o1,88bcf3b4,1,2228,2228,2228.0,1,PROFILE_M,16,8,1,2304,3328,2228,2228,2228,2228,2228,2228,2228,2228,2228,2228,2228,2228,2228,2228,2228,2228
898e7135:o0,898e7135,0,2599,2601,2600.125,2,PROFILE_M,16,8,1,2816,3584,2601,2601,2599,2599,2599,2601,2599,2601,2601,2599,2601,2599,2601,2601,2599,2601
8b7bacbf:o0,8b7bacbf,0,3180,3216,3195.75,2,PROFILE_L,8,8,2,3328,4352,3180,3180,3216,3216,3216,3180,3216,3180,3180,3216,3180,3216,3180,3180,3216,3180
8b7bacbf:o1,8b7bacbf,1,2844,2884,2861.5,2,PROFILE_L,8,8,2,3072,3840,2844,2844,2884,2884,2884,2844,2884,2844,2844,2884,2844,2884,2844,2844,2884,2844
8e5c0c38:o0,8e5c0c38,0,2548,2548,2548.0,1,PROFILE_M,16,8,1,2560,3584,2548,2548,2548,2548,2548,2548,2548,2548,2548,2548,2548,2548,2548,2548,2548,2548
8e5c0c38:o1,8e5c0c38,1,2548,2548,2548.0,1,PROFILE_M,16,8,1,2560,3584,2548,2548,2548,2548,2548,2548,2548,2548,2548,2548,2548,2548,2548,2548,2548,2548
9385bd28:o0,9385bd28,0,1738,1748,1742.375,2,PROFILE_S,16,16,1,1792,2816,1738,1738,1748,1748,1748,1738,1748,1738,1738,1748,1738,1748,1738,1738,1748,1738
9385bd28:o1,9385bd28,1,1732,1754,1741.625,2,PROFILE_S,16,16,1,1792,2816,1732,1732,1754,1754,1754,1732,1754,1732,1732,1754,1732,1754,1732,1732,1754,1732
97d7923e:o0,97d7923e,0,1094,1124,1107.125,2,PROFILE_S,16,16,1,1280,2304,1094,1094,1124,1124,1124,1094,1124,1094,1094,1124,1094,1124,1094,1094,1124,1094
981571dc:o0,981571dc,0,8400,8400,8400.0,1,PROFILE_XL,4,4,4,8448,9472,8400,8400,8400,8400,8400,8400,8400,8400,8400,8400,8400,8400,8400,8400,8400,8400
9bbf930d:o0,9bbf930d,0,2240,2256,2249.0,2,PROFILE_M,16,8,1,2304,3328,2256,2256,2240,2240,2240,2256,2240,2256,2256,2240,2256,2240,2256,2256,2240,2256
a32d8b75:o0,a32d8b75,0,4314,4356,4332.375,2,PROFILE_L,8,8,2,4608,5376,4314,4314,4356,4356,4356,4314,4356,4314,4314,4356,4314,4356,4314,4314,4356,4314
a32d8b75:o1,a32d8b75,1,4314,4356,4332.375,2,PROFILE_L,8,8,2,4608,5376,4314,4314,4356,4356,4356,4314,4356,4314,4314,4356,4314,4356,4314,4314,4356,4314
aa4ec2a5:o0,aa4ec2a5,0,3917,3932,3925.4375,2,PROFILE_L,8,8,2,4096,4864,3932,3932,3917,3917,3917,3932,3917,3932,3932,3917,3932,3917,3932,3932,3917,3932
b5ca7ac4:o0,b5ca7ac4,0,3566,3566,3566.0,1,PROFILE_L,8,8,2,3584,4608,3566,3566,3566,3566,3566,3566,3566,3566,3566,3566,3566,3566,3566,3566,3566,3566
b6f77b65:o0,b6f77b65,0,1752,1752,1752.0,1,PROFILE_S,16,16,1,1792,2816,1752,1752,1752,1752,1752,1752,1752,1752,1752,1752,1752,1752,1752,1752,1752,1752
b6f77b65:o1,b6f77b65,1,1752,1752,1752.0,1,PROFILE_S,16,16,1,1792,2816,1752,1752,1752,1752,1752,1752,1752,1752,1752,1752,1752,1752,1752,1752,1752,1752
b99e7126:o0,b99e7126,0,6114,6114,6114.0,1,PROFILE_L,8,8,2,6144,7168,6114,6114,6114,6114,6114,6114,6114,6114,6114,6114,6114,6114,6114,6114,6114,6114
c4d067a0:o0,c4d067a0,0,4092,4092,4092.0,1,PROFILE_L,8,8,2,4096,5120,4092,4092,4092,4092,4092,4092,4092,4092,4092,4092,4092,4092,4092,4092,4092,4092
c7f57c3e:o0,c7f57c3e,0,2198,2198,2198.0,1,PROFILE_M,16,8,1,2304,3328,2198,2198,2198,2198,2198,2198,2198,2198,2198,2198,2198,2198,2198,2198,2198,2198
cb2d8a2c:o0,cb2d8a2c,0,2860,2878,2867.875,2,PROFILE_L,8,8,2,3072,3840,2860,2860,2878,2878,2878,2860,2878,2860,2860,2878,2860,2878,2860,2860,2878,2860
cb2d8a2c:o1,cb2d8a2c,1,2968,2975,2971.9375,2,PROFILE_L,8,8,2,3072,4096,2975,2975,2968,2968,2968,2975,2968,2975,2975,2968,2975,2968,2975,2975,2968,2975
cbebaa4b:o0,cbebaa4b,0,2744,2744,2744.0,1,PROFILE_L,8,8,2,2816,3840,2744,2744,2744,2744,2744,2744,2744,2744,2744,2744,2744,2744,2744,2744,2744,2744
cbebaa4b:o1,cbebaa4b,1,2744,2744,2744.0,1,PROFILE_L,8,8,2,2816,3840,2744,2744,2744,2744,2744,2744,2744,2744,2744,2744,2744,2744,2744,2744,2744,2744
d59b0160:o0,d59b0160,0,1928,1928,1928.0,1,PROFILE_S,16,16,1,2048,3072,1928,1928,1928,1928,1928,1928,1928,1928,1928,1928,1928,1928,1928,1928,1928,1928
db0c5428:o0,db0c5428,0,2318,2318,2318.0,1,PROFILE_M,16,8,1,2560,3328,2318,2318,2318,2318,2318,2318,2318,2318,2318,2318,2318,2318,2318,2318,2318,2318
dd6b8c4b:o0,dd6b8c4b,0,948,948,948.0,1,PROFILE_S,16,16,1,1024,2048,948,948,948,948,948,948,948,948,948,948,948,948,948,948,948,948
dd6b8c4b:o1,dd6b8c4b,1,948,948,948.0,1,PROFILE_S,16,16,1,1024,2048,948,948,948,948,948,948,948,948,948,948,948,948,948,948,948,948
de809cff:o0,de809cff,0,2628,2628,2628.0,1,PROFILE_M,16,8,1,2816,3584,2628,2628,2628,2628,2628,2628,2628,2628,2628,2628,2628,2628,2628,2628,2628,2628
dfadab01:o0,dfadab01,0,2570,2570,2570.0,1,PROFILE_M,16,8,1,2816,3584,2570,2570,2570,2570,2570,2570,2570,2570,2570,2570,2570,2570,2570,2570,2570,2570
e3721c99:o0,e3721c99,0,4668,4668,4668.0,1,PROFILE_L,8,8,2,4864,5632,4668,4668,4668,4668,4668,4668,4668,4668,4668,4668,4668,4668,4668,4668,4668,4668
e3721c99:o1,e3721c99,1,4668,4668,4668.0,1,PROFILE_L,8,8,2,4864,5632,4668,4668,4668,4668,4668,4668,4668,4668,4668,4668,4668,4668,4668,4668,4668,4668
e376de54:o0,e376de54,0,1928,1928,1928.0,1,PROFILE_S,16,16,1,2048,3072,1928,1928,1928,1928,1928,1928,1928,1928,1928,1928,1928,1928,1928,1928,1928,1928
edb79dae:o0,edb79dae,0,2598,2609,2602.8125,2,PROFILE_M,16,8,1,2816,3584,2598,2598,2609,2609,2609,2598,2609,2598,2598,2609,2598,2609,2598,2598,2609,2598
f931b4a8:o0,f931b4a8,0,1154,1165,1160.1875,2,PROFILE_S,16,16,1,1280,2304,1165,1165,1154,1154,1154,1165,1154,1165,1165,1154,1165,1154,1165,1165,1154,1165
f931b4a8:o1,f931b4a8,1,1102,1113,1108.1875,2,PROFILE_S,16,16,1,1280,2048,1113,1113,1102,1102,1102,1113,1102,1113,1113,1102,1113,1102,1113,1113,1102,1113
