completion_order,cell_key,augmentation_id,termination_reason,nodes_expanded,candidate_count,candidate_pool_sha256
1,3a25b0d8:o1:d24:aug16:geom=identity__color=id__order=canonical,geom=identity__color=id__order=canonical,budget_exhausted,256,1,3efc37ffc1c29c5873bec46f81727ddb14440ad7260cb5b255be16d6764461f3
2,3a25b0d8:o1:d24:aug16:geom=flip_ud__color=id__order=canonical,geom=flip_ud__color=id__order=canonical,budget_exhausted,256,1,b907ab6e8d56a57c75e83371731e1a16bd027a9db67fd6d052045defaa9b5d95
3,3a25b0d8:o1:d24:aug16:geom=anti_transpose__color=id__order=canonical,geom=anti_transpose__color=id__order=canonical,search_exhausted,164,1,07c136f8a819dfe4bccda9ef7a37aeb868607dd4d699a9bc065a04930747041d
4,3a25b0d8:o1:d24:aug16:geom=rot270__color=id__order=canonical,geom=rot270__color=id__order=canonical,search_exhausted,164,1,212cda58be1322772e1c52559ed5591bce7f07cf51b602757db88a9564835247
5,3a25b0d8:o1:d24:aug16:geom=rot90__color=id__order=canonical,geom=rot90__color=id__order=canonical,budget_exhausted,256,2,0c5f241ca0f2f6f61a75d5d9ea0cffccbd4e2dd2fe3c5e093ba35d3ac3305840
6,3a25b0d8:o1:d24:aug16:geom=transpose__color=id__order=canonical,geom=transpose__color=id__order=canonical,budget_exhausted,256,2,cbd3e477f792e1bff118b91a46e49293cb132e21c6e1eadecefd956eb0f7218d
7,3a25b0d8:o1:d24:aug16:geom=rot180__color=id__order=canonical,geom=rot180__color=id__order=canonical,budget_exhausted,256,3,2b38b709cec62038977af3a3dea26c3341c232930dc7c3ac93fa47710ec343df
8,3a25b0d8:o1:d24:aug16:geom=flip_ud__color=p03_5980213764__order=canonical,geom=flip_ud__color=p03_5980213764__order=canonical,budget_exhausted,256,2,aef94c8aeda882441ba22a150bc4ee8006fb0ace594cfe85fa5137d0d96fcd61
9,3a25b0d8:o1:d24:aug16:geom=anti_transpose__color=p05_5436201789__order=canonical,geom=anti_transpose__color=p05_5436201789__order=canonical,search_exhausted,164,1,69718f399c9ac4643f7ec858ff4fac67af5ca3ee101171c2064f34f96d284961
10,3a25b0d8:o1:d24:aug16:geom=rot90__color=p02_4950812673__order=canonical,geom=rot90__color=p02_4950812673__order=canonical,budget_exhausted,256,1,5836ed414beecb6019a7aaadd1c1b649fb54093a87731b04a2a9b3df611622b0
11,3a25b0d8:o1:d24:aug16:geom=identity__color=id__order=reverse,geom=identity__color=id__order=reverse,budget_exhausted,256,1,b279bed304ad599a56a7448e5f42258e728284aed168572870db75d39a519ffa
12,3a25b0d8:o1:d24:aug16:geom=flip_lr__color=p07_7690351428__order=rotate_left_1,geom=flip_lr__color=p07_7690351428__order=rotate_left_1,budget_exhausted,256,1,59775f4c19e49c9f6b17662ee55a8f927a971866be145f6547994cad9a30c9a0
13,3a25b0d8:o1:d24:aug16:geom=flip_lr__color=id__order=canonical,geom=flip_lr__color=id__order=canonical,budget_exhausted,256,7,81c255cf6af9797110eadc319d035336cf331111a62e3ff3f31cd2fe47367430
14,3a25b0d8:o1:d24:aug16:geom=identity__color=p00_4150723698__order=canonical,geom=identity__color=p00_4150723698__order=canonical,budget_exhausted,256,2,60353489139dcbeaa4b695f1873d925c3e29a0afcb32ed06eeb08d6a98e76b29
15,3a25b0d8:o1:d24:aug16:geom=rot180__color=id__order=rotate_left_1,geom=rot180__color=id__order=rotate_left_1,budget_exhausted,256,2,9bf20fd04f59e6517c27069d985d7382d64dcf41c937c0d62564ba4dfbacb32b
16,3a25b0d8:o1:d24:aug16:geom=transpose__color=p01_1602397845__order=reverse,geom=transpose__color=p01_1602397845__order=reverse,budget_exhausted,256,1,0e28339b04e79055e5d66c2bfc0543352c26946bb5908256778d67bcecc8500e
