timestamp,utilization_gpu_pct,utilization_memory_pct,memory_used_mb,memory_total_mb,temperature_c,power_w,clocks_sm_mhz,clocks_mem_mhz
2026/10/06 15:56:54.558, 0, 0, 4112, 24576, 46, 112.21, 1695, 9501
2026/10/06 15:56:56.564, 100, 42, 6710, 24576, 56, 344.14, 1905, 9501
2026/10/06 15:56:58.565, 100, 20, 7974, 24576, 58, 342.41, 1950, 9501
2026/10/06 15:57:00.565, 100, 42, 8922, 24576, 59, 342.47, 1875, 9501
2026/10/06 15:57:02.566, 100, 72, 10820, 24576, 60, 345.68, 1875, 9501
2026/10/06 15:57:04.566, 100, 57, 10820, 24576, 60, 345.99, 1905, 9501
2026/10/06 15:57:06.567, 100, 30, 10820, 24576, 61, 343.96, 1935, 9501
2026/10/06 15:57:08.569, 100, 74, 10820, 24576, 62, 346.05, 1875, 9501
2026/10/06 15:57:10.570, 100, 58, 10820, 24576, 63, 345.83, 1905, 9501
2026/10/06 15:57:12.571, 100, 33, 10820, 24576, 63, 343.29, 1920, 9501
2026/10/06 15:57:14.571, 100, 73, 10820, 24576, 64, 346.33, 1875, 9501
2026/10/06 15:57:16.572, 100, 58, 10820, 24576, 64, 344.48, 1890, 9501
2026/10/06 15:57:18.572, 100, 45, 10820, 24576, 65, 344.98, 1905, 9501
2026/10/06 15:57:20.573, 100, 70, 10820, 24576, 66, 345.40, 1860, 9501
2026/10/06 15:57:22.573, 100, 55, 10820, 24576, 66, 346.76, 1890, 9501
2026/10/06 15:57:24.574, 39, 1, 11082, 24576, 63, 285.21, 1950, 9501
2026/10/06 15:57:26.574, 100, 17, 11096, 24576, 66, 340.84, 1905, 9501
2026/10/06 15:57:28.575, 100, 26, 11096, 24576, 67, 342.67, 1875, 9501
2026/10/06 15:57:30.575, 100, 42, 11096, 24576, 67, 342.90, 1830, 9501
2026/10/06 15:57:32.575, 100, 71, 11096, 24576, 68, 347.23, 1860, 9501
2026/10/06 15:57:34.576, 100, 54, 11096, 24576, 68, 346.20, 1875, 9501
2026/10/06 15:57:36.576, 100, 50, 11096, 24576, 68, 345.50, 1860, 9501
2026/10/06 15:57:38.577, 100, 60, 11096, 24576, 68, 346.56, 1800, 9501
2026/10/06 15:57:40.578, 100, 56, 11096, 24576, 68, 346.42, 1845, 9501
2026/10/06 15:57:42.579, 100, 58, 11096, 24576, 68, 347.11, 1860, 9501
2026/10/06 15:57:44.580, 100, 23, 11096, 24576, 69, 345.76, 1890, 9501
2026/10/06 15:57:46.580, 100, 72, 11096, 24576, 69, 345.32, 1830, 9501
2026/10/06 15:57:48.583, 100, 57, 11096, 24576, 69, 346.09, 1860, 9501
2026/10/06 15:57:50.584, 100, 61, 11096, 24576, 69, 348.38, 1845, 9501
2026/10/06 15:57:52.584, 100, 27, 11096, 24576, 70, 345.83, 1845, 9501
2026/10/06 15:57:54.584, 53, 34, 11098, 24576, 68, 284.29, 1935, 9501
2026/10/06 15:57:56.585, 70, 40, 11098, 24576, 69, 342.64, 1935, 9501
2026/10/06 15:57:58.587, 67, 40, 11098, 24576, 69, 301.77, 1935, 9501
2026/10/06 15:58:00.587, 100, 17, 11098, 24576, 70, 341.86, 1890, 9501
2026/10/06 15:58:02.588, 100, 20, 11098, 24576, 70, 342.40, 1830, 9501
2026/10/06 15:58:04.589, 100, 29, 11098, 24576, 70, 341.93, 1830, 9501
2026/10/06 15:58:06.590, 100, 26, 11098, 24576, 70, 346.40, 1830, 9501
2026/10/06 15:58:08.591, 100, 70, 11098, 24576, 70, 346.82, 1845, 9501
2026/10/06 15:58:10.591, 100, 55, 11098, 24576, 70, 346.05, 1860, 9501
2026/10/06 15:58:12.592, 100, 64, 11098, 24576, 69, 347.47, 1830, 9501
2026/10/06 15:58:14.592, 100, 41, 11098, 24576, 70, 346.12, 1800, 9501
2026/10/06 15:58:16.593, 100, 64, 11098, 24576, 70, 346.61, 1845, 9501
2026/10/06 15:58:18.593, 100, 58, 11098, 24576, 70, 345.69, 1860, 9501
2026/10/06 15:58:20.594, 100, 50, 11098, 24576, 70, 345.26, 1860, 9501
2026/10/06 15:58:22.594, 100, 54, 11098, 24576, 70, 347.31, 1785, 9501
2026/10/06 15:58:24.595, 100, 59, 11098, 24576, 70, 346.00, 1860, 9501
2026/10/06 15:58:26.595, 100, 58, 11098, 24576, 70, 346.88, 1860, 9501
2026/10/06 15:58:28.596, 100, 28, 11098, 24576, 70, 339.77, 1875, 9501
2026/10/06 15:58:30.596, 100, 21, 11098, 24576, 70, 339.78, 1890, 9501
2026/10/06 15:58:32.597, 100, 17, 11414, 24576, 70, 338.93, 1890, 9501
2026/10/06 15:58:34.597, 100, 17, 11414, 24576, 70, 345.47, 1890, 9501
2026/10/06 15:58:36.597, 100, 72, 11414, 24576, 70, 346.86, 1830, 9501
2026/10/06 15:58:38.598, 100, 56, 11414, 24576, 70, 346.67, 1845, 9501
2026/10/06 15:58:40.598, 100, 57, 11414, 24576, 70, 348.79, 1875, 9501
2026/10/06 15:58:42.599, 100, 20, 11414, 24576, 70, 344.17, 1830, 9501
2026/10/06 15:58:44.599, 100, 71, 11414, 24576, 70, 346.04, 1845, 9501
2026/10/06 15:58:46.600, 100, 57, 11414, 24576, 70, 346.72, 1860, 9501
2026/10/06 15:58:48.601, 100, 61, 11414, 24576, 70, 348.13, 1830, 9501
2026/10/06 15:58:50.601, 100, 30, 11414, 24576, 71, 344.73, 1800, 9501
2026/10/06 15:58:52.602, 100, 69, 11414, 24576, 70, 346.01, 1845, 9501
2026/10/06 15:58:54.602, 100, 59, 11414, 24576, 70, 348.16, 1860, 9501
2026/10/06 15:58:56.603, 100, 63, 11414, 24576, 70, 347.75, 1800, 9501
2026/10/06 15:58:58.604, 100, 59, 11414, 24576, 70, 348.31, 1845, 9501
2026/10/06 15:59:00.604, 100, 28, 11414, 24576, 70, 341.80, 1890, 9501
2026/10/06 15:59:02.605, 100, 25, 11414, 24576, 70, 340.68, 1875, 9501
2026/10/06 15:59:04.605, 100, 17, 11414, 24576, 70, 341.17, 1845, 9501
2026/10/06 15:59:06.606, 100, 56, 11414, 24576, 70, 346.64, 1845, 9501
2026/10/06 15:59:08.606, 100, 26, 11414, 24576, 70, 344.03, 1890, 9501
2026/10/06 15:59:10.607, 100, 68, 11414, 24576, 70, 346.75, 1830, 9501
2026/10/06 15:59:12.607, 100, 55, 11414, 24576, 70, 344.80, 1845, 9501
2026/10/06 15:59:14.608, 100, 60, 11414, 24576, 70, 348.12, 1875, 9501
2026/10/06 15:59:16.608, 100, 17, 11414, 24576, 70, 345.52, 1830, 9501
2026/10/06 15:59:18.609, 100, 69, 11414, 24576, 70, 347.41, 1830, 9501
2026/10/06 15:59:20.609, 100, 52, 11414, 24576, 70, 346.68, 1860, 9501
2026/10/06 15:59:22.610, 100, 59, 11414, 24576, 71, 347.26, 1815, 9501
2026/10/06 15:59:24.612, 100, 26, 11414, 24576, 71, 346.33, 1815, 9501
2026/10/06 15:59:26.613, 100, 69, 11414, 24576, 70, 345.55, 1860, 9501
2026/10/06 15:59:28.613, 100, 41, 11414, 24576, 70, 343.02, 1875, 9501
2026/10/06 15:59:30.613, 100, 41, 11414, 24576, 70, 343.40, 1875, 9501
2026/10/06 15:59:32.615, 100, 40, 11414, 24576, 70, 341.63, 1875, 9501
2026/10/06 15:59:34.615, 100, 58, 11414, 24576, 71, 345.42, 1860, 9501
2026/10/06 15:59:36.616, 100, 53, 11414, 24576, 70, 346.45, 1875, 9501
2026/10/06 15:59:38.616, 100, 49, 11414, 24576, 71, 347.36, 1815, 9501
2026/10/06 15:59:40.617, 100, 61, 11414, 24576, 70, 345.27, 1845, 9501
2026/10/06 15:59:42.617, 100, 60, 11414, 24576, 70, 347.60, 1845, 9501
2026/10/06 15:59:44.618, 100, 47, 11414, 24576, 70, 345.32, 1890, 9501
2026/10/06 15:59:46.618, 100, 58, 11414, 24576, 70, 347.34, 1830, 9501
2026/10/06 15:59:48.619, 100, 58, 11414, 24576, 70, 346.31, 1860, 9501
2026/10/06 15:59:50.619, 100, 57, 11414, 24576, 71, 348.31, 1860, 9501
2026/10/06 15:59:52.620, 100, 39, 11414, 24576, 70, 345.48, 1890, 9501
2026/10/06 15:59:54.620, 100, 68, 11414, 24576, 70, 347.09, 1845, 9501
2026/10/06 15:59:56.620, 100, 17, 11414, 24576, 71, 339.76, 1815, 9501
2026/10/06 15:59:58.621, 100, 23, 11414, 24576, 71, 340.88, 1830, 9501
2026/10/06 16:00:00.621, 100, 29, 11414, 24576, 71, 342.35, 1860, 9501
2026/10/06 16:00:02.622, 100, 53, 11414, 24576, 70, 346.62, 1860, 9501
2026/10/06 16:00:04.622, 100, 58, 11414, 24576, 70, 349.43, 1800, 9501
2026/10/06 16:00:06.623, 100, 19, 11414, 24576, 70, 345.65, 1770, 9501
2026/10/06 16:00:08.623, 100, 70, 11675, 24576, 70, 346.44, 1845, 9501
2026/10/06 16:00:10.625, 100, 55, 11414, 24576, 70, 345.44, 1845, 9501
2026/10/06 16:00:12.625, 100, 58, 11414, 24576, 70, 348.20, 1845, 9501
2026/10/06 16:00:14.626, 100, 24, 11414, 24576, 71, 345.96, 1785, 9501
2026/10/06 16:00:16.626, 100, 71, 11414, 24576, 70, 346.09, 1845, 9501
2026/10/06 16:00:18.627, 100, 57, 11414, 24576, 70, 346.26, 1860, 9501
2026/10/06 16:00:20.628, 100, 64, 11414, 24576, 70, 348.63, 1875, 9501
2026/10/06 16:00:22.629, 100, 35, 11414, 24576, 71, 347.21, 1800, 9501
2026/10/06 16:00:24.629, 100, 40, 11414, 24576, 70, 314.33, 1890, 9501
2026/10/06 16:00:26.630, 100, 34, 11414, 24576, 70, 341.78, 1890, 9501
2026/10/06 16:00:28.630, 100, 27, 11414, 24576, 70, 342.38, 1845, 9501
2026/10/06 16:00:30.631, 100, 53, 11414, 24576, 70, 341.33, 1875, 9501
2026/10/06 16:00:32.631, 100, 57, 11414, 24576, 70, 348.80, 1860, 9501
2026/10/06 16:00:34.631, 100, 21, 11414, 24576, 70, 344.86, 1785, 9501
2026/10/06 16:00:36.632, 100, 73, 11414, 24576, 70, 347.13, 1860, 9501
2026/10/06 16:00:38.632, 100, 55, 11414, 24576, 70, 343.63, 1860, 9501
2026/10/06 16:00:40.633, 100, 62, 11414, 24576, 70, 347.83, 1860, 9501
2026/10/06 16:00:42.634, 100, 32, 11414, 24576, 70, 346.01, 1815, 9501
2026/10/06 16:00:44.634, 100, 68, 11414, 24576, 70, 347.19, 1860, 9501
2026/10/06 16:00:46.638, 100, 54, 11414, 24576, 70, 346.64, 1845, 9501
2026/10/06 16:00:48.641, 100, 60, 11414, 24576, 70, 348.58, 1890, 9501
2026/10/06 16:00:50.642, 100, 43, 11414, 24576, 70, 347.70, 1815, 9501
2026/10/06 16:00:52.645, 100, 38, 11414, 24576, 71, 344.73, 1875, 9501
2026/10/06 16:00:54.645, 100, 41, 11414, 24576, 70, 343.41, 1875, 9501
2026/10/06 16:00:56.646, 100, 41, 11414, 24576, 70, 343.60, 1875, 9501
2026/10/06 16:00:58.647, 100, 60, 11414, 24576, 70, 345.36, 1875, 9501
2026/10/06 16:01:00.647, 100, 60, 11414, 24576, 70, 347.85, 1815, 9501
2026/10/06 16:01:02.648, 100, 35, 11414, 24576, 70, 345.63, 1815, 9501
2026/10/06 16:01:04.648, 100, 67, 11414, 24576, 70, 348.25, 1845, 9501
2026/10/06 16:01:06.649, 100, 56, 11414, 24576, 70, 345.42, 1860, 9501
2026/10/06 16:01:08.649, 100, 57, 11414, 24576, 71, 346.92, 1800, 9501
2026/10/06 16:01:10.649, 100, 23, 11414, 24576, 70, 348.49, 1800, 9501
2026/10/06 16:01:12.650, 100, 59, 11414, 24576, 70, 345.67, 1845, 9501
2026/10/06 16:01:14.650, 100, 62, 11414, 24576, 70, 349.65, 1845, 9501
2026/10/06 16:01:16.651, 100, 45, 11414, 24576, 70, 346.46, 1860, 9501
2026/10/06 16:01:18.651, 100, 63, 11414, 24576, 71, 348.33, 1785, 9501
2026/10/06 16:01:20.652, 45, 27, 11416, 24576, 69, 320.39, 1935, 9501
2026/10/06 16:01:22.652, 100, 27, 11416, 24576, 71, 340.23, 1875, 9501
2026/10/06 16:01:24.652, 100, 22, 11416, 24576, 70, 340.27, 1875, 9501
2026/10/06 16:01:26.653, 100, 17, 11416, 24576, 70, 337.81, 1875, 9501
2026/10/06 16:01:28.653, 100, 59, 11416, 24576, 70, 346.93, 1845, 9501
2026/10/06 16:01:30.654, 100, 25, 11416, 24576, 71, 345.50, 1875, 9501
2026/10/06 16:01:32.654, 100, 69, 11416, 24576, 71, 347.36, 1815, 9501
2026/10/06 16:01:34.655, 100, 54, 11416, 24576, 70, 346.90, 1845, 9501
2026/10/06 16:01:36.655, 100, 58, 11416, 24576, 70, 348.49, 1845, 9501
2026/10/06 16:01:38.655, 100, 18, 11416, 24576, 70, 346.37, 1875, 9501
2026/10/06 16:01:40.656, 100, 71, 11416, 24576, 71, 347.42, 1830, 9501
2026/10/06 16:01:42.656, 100, 53, 11416, 24576, 70, 346.65, 1860, 9501
2026/10/06 16:01:44.657, 100, 56, 11416, 24576, 70, 346.73, 1860, 9501
2026/10/06 16:01:46.658, 100, 24, 11416, 24576, 70, 345.81, 1890, 9501
2026/10/06 16:01:48.658, 100, 72, 11416, 24576, 71, 346.28, 1845, 9501
2026/10/06 16:01:50.658, 43, 25, 11416, 24576, 69, 325.72, 1935, 9501
2026/10/06 16:01:52.659, 31, 17, 11434, 24576, 68, 290.67, 1935, 9501
2026/10/06 16:01:54.659, 100, 40, 11434, 24576, 70, 341.76, 1860, 9501
2026/10/06 16:01:56.660, 100, 37, 11434, 24576, 71, 341.71, 1875, 9501
2026/10/06 16:01:58.660, 100, 31, 11434, 24576, 71, 339.52, 1875, 9501
2026/10/06 16:02:00.661, 100, 42, 11434, 24576, 70, 344.74, 1875, 9501
2026/10/06 16:02:02.661, 100, 67, 11434, 24576, 71, 347.85, 1785, 9501
2026/10/06 16:02:04.662, 100, 56, 11434, 24576, 70, 346.30, 1860, 9501
2026/10/06 16:02:06.662, 100, 60, 11434, 24576, 70, 348.40, 1860, 9501
2026/10/06 16:02:08.663, 100, 25, 11434, 24576, 70, 345.22, 1875, 9501
2026/10/06 16:02:10.664, 100, 69, 11434, 24576, 71, 346.71, 1815, 9501
2026/10/06 16:02:12.664, 100, 56, 11434, 24576, 70, 346.67, 1845, 9501
2026/10/06 16:02:14.665, 100, 59, 11434, 24576, 70, 349.45, 1845, 9501
2026/10/06 16:02:16.665, 100, 17, 11434, 24576, 71, 344.45, 1875, 9501
2026/10/06 16:02:18.666, 100, 70, 11434, 24576, 70, 346.02, 1830, 9501
2026/10/06 16:02:20.666, 100, 55, 11434, 24576, 71, 346.99, 1860, 9501
2026/10/06 16:02:22.669, 100, 40, 11434, 24576, 70, 343.00, 1875, 9501
2026/10/06 16:02:24.670, 100, 38, 11434, 24576, 71, 340.71, 1875, 9501
2026/10/06 16:02:26.675, 100, 33, 11434, 24576, 70, 339.54, 1875, 9501
2026/10/06 16:02:28.678, 100, 56, 11434, 24576, 71, 346.06, 1860, 9501
2026/10/06 16:02:30.678, 100, 50, 11434, 24576, 70, 346.82, 1860, 9501
2026/10/06 16:02:32.678, 100, 53, 11434, 24576, 71, 348.09, 1785, 9501
2026/10/06 16:02:34.679, 100, 59, 11434, 24576, 71, 347.31, 1845, 9501
2026/10/06 16:02:36.680, 100, 56, 11434, 24576, 71, 345.85, 1845, 9501
2026/10/06 16:02:38.681, 100, 44, 11434, 24576, 71, 345.84, 1875, 9501
2026/10/06 16:02:40.682, 100, 62, 11434, 24576, 71, 347.67, 1800, 9501
2026/10/06 16:02:42.683, 100, 58, 11434, 24576, 71, 345.88, 1845, 9501
2026/10/06 16:02:44.683, 100, 55, 11434, 24576, 71, 347.89, 1860, 9501
2026/10/06 16:02:46.684, 100, 37, 11434, 24576, 70, 346.11, 1875, 9501
2026/10/06 16:02:48.685, 100, 67, 11434, 24576, 71, 347.96, 1830, 9501
2026/10/06 16:02:50.686, 100, 64, 11434, 24576, 70, 349.57, 1815, 9501
2026/10/06 16:02:52.686, 26, 14, 11434, 24576, 68, 304.63, 1935, 9501
2026/10/06 16:02:54.687, 100, 39, 11458, 24576, 70, 304.65, 1860, 9501
2026/10/06 16:02:56.688, 100, 43, 11458, 24576, 70, 338.96, 1860, 9501
2026/10/06 16:02:58.690, 100, 50, 11458, 24576, 70, 348.29, 1815, 9501
2026/10/06 16:03:00.691, 100, 52, 11458, 24576, 70, 346.15, 1875, 9501
2026/10/06 16:03:02.691, 100, 71, 11458, 24576, 70, 347.63, 1845, 9501
2026/10/06 16:03:04.692, 100, 58, 11458, 24576, 70, 347.91, 1815, 9501
2026/10/06 16:03:06.693, 100, 40, 11458, 24576, 70, 344.05, 1830, 9501
2026/10/06 16:03:08.694, 100, 42, 11458, 24576, 70, 343.52, 1860, 9501
2026/10/06 16:03:10.694, 100, 41, 11458, 24576, 70, 342.87, 1875, 9501
2026/10/06 16:03:12.695, 100, 70, 11458, 24576, 70, 346.93, 1845, 9501
2026/10/06 16:03:14.695, 100, 53, 11458, 24576, 70, 346.15, 1845, 9501
2026/10/06 16:03:16.696, 100, 64, 11458, 24576, 71, 348.05, 1815, 9501
2026/10/06 16:03:18.697, 100, 28, 11458, 24576, 71, 346.50, 1755, 9501
2026/10/06 16:03:20.698, 100, 70, 11458, 24576, 70, 346.54, 1845, 9501
2026/10/06 16:03:22.698, 100, 54, 11458, 24576, 70, 345.96, 1845, 9501
2026/10/06 16:03:24.698, 100, 69, 11458, 24576, 70, 350.13, 1845, 9501
2026/10/06 16:03:26.699, 100, 34, 11458, 24576, 71, 347.35, 1785, 9501
2026/10/06 16:03:28.700, 100, 66, 11458, 24576, 70, 346.78, 1845, 9501
2026/10/06 16:03:30.700, 100, 58, 11458, 24576, 71, 346.76, 1845, 9501
2026/10/06 16:03:32.701, 100, 61, 11458, 24576, 70, 345.93, 1875, 9501
2026/10/06 16:03:34.701, 100, 33, 11458, 24576, 70, 341.95, 1875, 9501
2026/10/06 16:03:36.702, 100, 27, 11458, 24576, 70, 340.02, 1875, 9501
2026/10/06 16:03:38.702, 100, 25, 11458, 24576, 70, 339.09, 1875, 9501
2026/10/06 16:03:40.706, 100, 56, 11458, 24576, 70, 347.40, 1800, 9501
2026/10/06 16:03:42.706, 100, 58, 11458, 24576, 70, 346.49, 1860, 9501
2026/10/06 16:03:44.707, 100, 59, 11458, 24576, 70, 346.78, 1845, 9501
2026/10/06 16:03:46.708, 100, 41, 11458, 24576, 70, 346.13, 1875, 9501
2026/10/06 16:03:48.708, 100, 66, 11458, 24576, 70, 347.19, 1815, 9501
2026/10/06 16:03:50.709, 100, 55, 11458, 24576, 70, 346.74, 1845, 9501
2026/10/06 16:03:52.709, 100, 60, 11458, 24576, 70, 348.42, 1845, 9501
2026/10/06 16:03:54.710, 100, 29, 11458, 24576, 70, 345.72, 1875, 9501
2026/10/06 16:03:56.710, 100, 69, 11458, 24576, 70, 347.01, 1830, 9501
2026/10/06 16:03:58.711, 100, 53, 11458, 24576, 70, 347.17, 1845, 9501
2026/10/06 16:04:00.711, 100, 57, 11458, 24576, 70, 349.30, 1875, 9501
2026/10/06 16:04:02.712, 100, 40, 11458, 24576, 70, 342.77, 1875, 9501
2026/10/06 16:04:04.713, 100, 42, 11458, 24576, 71, 341.61, 1875, 9501
2026/10/06 16:04:06.714, 100, 41, 11458, 24576, 70, 343.17, 1875, 9501
2026/10/06 16:04:08.715, 100, 21, 11458, 24576, 71, 345.82, 1800, 9501
2026/10/06 16:04:10.715, 100, 72, 11458, 24576, 70, 346.65, 1845, 9501
2026/10/06 16:04:12.716, 100, 56, 11458, 24576, 70, 345.83, 1845, 9501
2026/10/06 16:04:14.716, 100, 62, 11458, 24576, 70, 347.72, 1845, 9501
2026/10/06 16:04:16.717, 100, 28, 11458, 24576, 71, 346.51, 1770, 9501
2026/10/06 16:04:18.717, 100, 70, 11458, 24576, 70, 347.56, 1845, 9501
2026/10/06 16:04:20.718, 100, 56, 11458, 24576, 70, 347.41, 1845, 9501
2026/10/06 16:04:22.719, 100, 66, 11458, 24576, 70, 349.90, 1860, 9501
2026/10/06 16:04:24.719, 100, 35, 11458, 24576, 70, 347.26, 1800, 9501
2026/10/06 16:04:26.720, 100, 65, 11458, 24576, 70, 346.75, 1860, 9501
2026/10/06 16:04:28.721, 100, 58, 11458, 24576, 70, 346.71, 1860, 9501
2026/10/06 16:04:30.722, 43, 24, 11458, 24576, 68, 257.79, 1935, 9501
2026/10/06 16:04:32.722, 100, 36, 11458, 24576, 70, 336.05, 1860, 9501
2026/10/06 16:04:34.724, 100, 56, 11458, 24576, 70, 341.64, 1800, 9501
2026/10/06 16:04:36.724, 100, 64, 11458, 24576, 70, 345.80, 1830, 9501
2026/10/06 16:04:38.725, 100, 71, 11458, 24576, 70, 345.84, 1845, 9501
2026/10/06 16:04:40.726, 100, 59, 11458, 24576, 70, 345.63, 1830, 9501
2026/10/06 16:04:42.726, 100, 47, 11458, 24576, 70, 344.38, 1815, 9501
2026/10/06 16:04:44.727, 100, 19, 11458, 24576, 70, 325.85, 1815, 9501
2026/10/06 16:04:46.727, 100, 19, 11458, 24576, 70, 339.73, 1830, 9501
2026/10/06 16:04:48.728, 100, 25, 11458, 24576, 70, 341.36, 1845, 9501
2026/10/06 16:04:50.728, 100, 58, 11458, 24576, 70, 345.19, 1860, 9501
2026/10/06 16:04:52.728, 100, 56, 11458, 24576, 70, 346.64, 1860, 9501
2026/10/06 16:04:54.729, 100, 41, 11458, 24576, 70, 345.60, 1875, 9501
2026/10/06 16:04:56.729, 100, 65, 11458, 24576, 70, 347.03, 1845, 9501
2026/10/06 16:04:58.730, 100, 57, 11458, 24576, 70, 347.34, 1845, 9501
2026/10/06 16:05:00.730, 100, 61, 11458, 24576, 70, 346.56, 1785, 9501
2026/10/06 16:05:02.731, 100, 28, 11458, 24576, 70, 344.60, 1785, 9501
2026/10/06 16:05:04.731, 100, 69, 11458, 24576, 70, 346.20, 1845, 9501
2026/10/06 16:05:06.732, 100, 55, 11458, 24576, 70, 346.68, 1860, 9501
2026/10/06 16:05:08.732, 100, 57, 11458, 24576, 70, 349.58, 1815, 9501
2026/10/06 16:05:10.736, 100, 17, 11458, 24576, 70, 345.63, 1815, 9501
2026/10/06 16:05:12.737, 43, 24, 11458, 24576, 68, 312.75, 1935, 9501
2026/10/06 16:05:14.737, 100, 40, 11458, 24576, 70, 340.93, 1875, 9501
2026/10/06 16:05:16.739, 100, 42, 11458, 24576, 70, 342.72, 1845, 9501
2026/10/06 16:05:18.739, 100, 58, 11458, 24576, 69, 346.43, 1875, 9501
2026/10/06 16:05:20.740, 100, 70, 11458, 24576, 69, 345.84, 1845, 9501
2026/10/06 16:05:22.740, 100, 45, 11458, 24576, 70, 342.90, 1785, 9501
2026/10/06 16:05:24.741, 100, 65, 11458, 24576, 70, 346.87, 1785, 9501
2026/10/06 16:05:26.742, 100, 49, 11458, 24576, 70, 345.14, 1830, 9501
2026/10/06 16:05:28.743, 100, 41, 11458, 24576, 70, 326.26, 1875, 9501
2026/10/06 16:05:30.749, 100, 63, 11458, 24576, 69, 341.93, 1800, 9501
2026/10/06 16:05:32.750, 100, 58, 11458, 24576, 70, 343.21, 1860, 9501
2026/10/06 16:05:34.750, 100, 65, 11458, 24576, 69, 344.93, 1785, 9501
2026/10/06 16:05:36.751, 100, 24, 11458, 24576, 70, 341.30, 1860, 9501
2026/10/06 16:05:38.751, 100, 31, 11458, 24576, 70, 339.80, 1875, 9501
2026/10/06 16:05:40.751, 100, 34, 11458, 24576, 70, 339.79, 1875, 9501
2026/10/06 16:05:42.752, 100, 72, 11458, 24576, 70, 341.65, 1845, 9501
2026/10/06 16:05:44.752, 100, 53, 11458, 24576, 70, 345.93, 1860, 9501
2026/10/06 16:05:46.753, 100, 60, 11458, 24576, 70, 346.93, 1845, 9501
2026/10/06 16:05:48.753, 100, 25, 11458, 24576, 69, 345.55, 1890, 9501
2026/10/06 16:05:50.754, 100, 70, 11458, 24576, 70, 347.23, 1830, 9501
2026/10/06 16:05:52.754, 100, 59, 11458, 24576, 70, 347.51, 1845, 9501
2026/10/06 16:05:54.755, 100, 64, 11458, 24576, 70, 349.79, 1770, 9501
2026/10/06 16:05:56.755, 100, 38, 11458, 24576, 70, 347.47, 1815, 9501
2026/10/06 16:05:58.755, 100, 65, 11458, 24576, 70, 346.80, 1845, 9501
2026/10/06 16:06:00.756, 100, 54, 11458, 24576, 70, 347.03, 1860, 9501
2026/10/06 16:06:02.757, 100, 53, 11458, 24576, 70, 347.11, 1845, 9501
2026/10/06 16:06:04.757, 100, 41, 11458, 24576, 70, 346.94, 1830, 9501
2026/10/06 16:06:06.757, 100, 41, 11458, 24576, 70, 341.48, 1845, 9501
2026/10/06 16:06:08.758, 100, 41, 11458, 24576, 70, 340.49, 1860, 9501
2026/10/06 16:06:10.758, 100, 65, 11458, 24576, 70, 343.46, 1830, 9501
2026/10/06 16:06:12.759, 100, 55, 11458, 24576, 70, 347.33, 1860, 9501
2026/10/06 16:06:14.759, 100, 56, 11458, 24576, 70, 348.09, 1860, 9501
2026/10/06 16:06:16.760, 100, 29, 11458, 24576, 70, 345.85, 1875, 9501
2026/10/06 16:06:18.760, 100, 69, 11458, 24576, 70, 345.57, 1800, 9501
2026/10/06 16:06:20.761, 100, 53, 11458, 24576, 70, 346.44, 1860, 9501
2026/10/06 16:06:22.761, 100, 56, 11458, 24576, 70, 348.15, 1860, 9501
2026/10/06 16:06:24.762, 100, 18, 11458, 24576, 69, 344.98, 1875, 9501
2026/10/06 16:06:26.762, 100, 70, 11458, 24576, 70, 346.48, 1830, 9501
2026/10/06 16:06:28.762, 100, 53, 11458, 24576, 70, 346.50, 1860, 9501
2026/10/06 16:06:30.763, 100, 62, 11458, 24576, 70, 348.92, 1875, 9501
2026/10/06 16:06:32.763, 100, 21, 11458, 24576, 69, 344.29, 1890, 9501
2026/10/06 16:06:34.764, 100, 30, 11458, 24576, 70, 343.07, 1845, 9501
2026/10/06 16:06:36.765, 100, 34, 11458, 24576, 70, 341.32, 1830, 9501
2026/10/06 16:06:38.765, 100, 35, 11458, 24576, 70, 343.41, 1830, 9501
2026/10/06 16:06:40.766, 100, 65, 11458, 24576, 70, 344.58, 1845, 9501
2026/10/06 16:06:42.766, 100, 56, 11458, 24576, 70, 346.79, 1860, 9501
2026/10/06 16:06:44.767, 100, 56, 11458, 24576, 70, 347.13, 1845, 9501
2026/10/06 16:06:46.767, 100, 45, 11458, 24576, 70, 346.77, 1785, 9501
2026/10/06 16:06:48.768, 100, 61, 11458, 24576, 70, 345.19, 1860, 9501
2026/10/06 16:06:50.768, 100, 60, 11458, 24576, 70, 347.37, 1860, 9501
2026/10/06 16:06:52.769, 100, 49, 11458, 24576, 70, 344.83, 1860, 9501
2026/10/06 16:06:54.769, 100, 58, 11458, 24576, 70, 347.47, 1800, 9501
2026/10/06 16:06:56.770, 100, 58, 11458, 24576, 70, 346.14, 1860, 9501
2026/10/06 16:06:58.770, 100, 59, 11458, 24576, 70, 348.11, 1860, 9501
2026/10/06 16:07:00.770, 31, 18, 11458, 24576, 67, 334.48, 1935, 9501
2026/10/06 16:07:02.771, 100, 41, 11458, 24576, 70, 345.41, 1860, 9501
2026/10/06 16:07:04.771, 100, 41, 11458, 24576, 70, 343.10, 1860, 9501
2026/10/06 16:07:06.772, 100, 41, 11458, 24576, 70, 343.02, 1875, 9501
2026/10/06 16:07:08.772, 100, 55, 11458, 24576, 70, 347.52, 1860, 9501
2026/10/06 16:07:10.772, 100, 58, 11458, 24576, 70, 348.02, 1785, 9501
2026/10/06 16:07:12.773, 100, 26, 11458, 24576, 70, 344.76, 1830, 9501
2026/10/06 16:07:14.773, 100, 70, 11458, 24576, 70, 347.88, 1845, 9501
2026/10/06 16:07:16.774, 100, 59, 11458, 24576, 70, 346.78, 1845, 9501
2026/10/06 16:07:18.774, 100, 64, 11458, 24576, 70, 349.46, 1830, 9501
2026/10/06 16:07:20.776, 100, 34, 11458, 24576, 70, 347.82, 1800, 9501
2026/10/06 16:07:22.777, 100, 66, 11458, 24576, 70, 347.65, 1845, 9501
2026/10/06 16:07:24.777, 100, 58, 11458, 24576, 70, 347.10, 1845, 9501
2026/10/06 16:07:26.777, 100, 60, 11458, 24576, 69, 347.88, 1845, 9501
2026/10/06 16:07:28.778, 100, 45, 11458, 24576, 70, 347.82, 1785, 9501
2026/10/06 16:07:30.778, 100, 19, 11458, 24576, 70, 343.34, 1845, 9501
2026/10/06 16:07:32.779, 100, 26, 11458, 24576, 70, 342.71, 1815, 9501
2026/10/06 16:07:34.779, 100, 31, 11458, 24576, 70, 343.40, 1830, 9501
2026/10/06 16:07:36.780, 100, 56, 11458, 24576, 70, 346.77, 1845, 9501
2026/10/06 16:07:38.780, 100, 57, 11458, 24576, 70, 346.20, 1845, 9501
2026/10/06 16:07:40.780, 100, 40, 11458, 24576, 69, 344.32, 1875, 9501
2026/10/06 16:07:42.781, 100, 68, 11458, 24576, 70, 347.34, 1830, 9501
2026/10/06 16:07:44.781, 100, 56, 11458, 24576, 70, 346.28, 1860, 9501
2026/10/06 16:07:46.782, 100, 56, 11458, 24576, 70, 347.54, 1860, 9501
2026/10/06 16:07:48.782, 100, 24, 11458, 24576, 70, 346.09, 1890, 9501
2026/10/06 16:07:50.783, 100, 70, 11458, 24576, 70, 346.91, 1830, 9501
2026/10/06 16:07:52.783, 100, 55, 11458, 24576, 70, 347.45, 1845, 9501
2026/10/06 16:07:54.784, 100, 56, 11458, 24576, 69, 347.97, 1800, 9501
2026/10/06 16:07:56.784, 100, 18, 11458, 24576, 70, 345.08, 1830, 9501
2026/10/06 16:07:58.784, 100, 39, 11458, 24576, 70, 333.83, 1845, 9501
2026/10/06 16:08:00.785, 100, 58, 11458, 24576, 70, 346.84, 1815, 9501
2026/10/06 16:08:02.788, 100, 59, 11458, 24576, 69, 347.32, 1800, 9501
2026/10/06 16:08:04.789, 72, 42, 11458, 24576, 70, 344.31, 1935, 9501
2026/10/06 16:08:06.789, 100, 17, 11458, 24576, 70, 340.95, 1845, 9501
2026/10/06 16:08:08.789, 100, 18, 11458, 24576, 70, 339.98, 1830, 9501
2026/10/06 16:08:10.790, 100, 20, 11458, 24576, 70, 340.63, 1830, 9501
2026/10/06 16:08:12.790, 100, 68, 11458, 24576, 70, 348.13, 1830, 9501
2026/10/06 16:08:14.791, 100, 55, 11458, 24576, 70, 345.64, 1845, 9501
2026/10/06 16:08:16.791, 100, 61, 11458, 24576, 70, 348.17, 1875, 9501
2026/10/06 16:08:18.791, 100, 21, 11458, 24576, 70, 345.86, 1875, 9501
2026/10/06 16:08:20.792, 100, 70, 11458, 24576, 70, 347.39, 1830, 9501
2026/10/06 16:08:22.792, 100, 55, 11458, 24576, 70, 347.07, 1845, 9501
2026/10/06 16:08:24.793, 100, 56, 11458, 24576, 70, 348.64, 1785, 9501
2026/10/06 16:08:26.793, 100, 18, 11458, 24576, 70, 345.77, 1830, 9501
2026/10/06 16:08:28.793, 100, 72, 11458, 24576, 70, 348.11, 1845, 9501
2026/10/06 16:08:30.794, 100, 56, 11458, 24576, 70, 345.79, 1860, 9501
2026/10/06 16:08:32.794, 100, 61, 11458, 24576, 70, 349.03, 1845, 9501
2026/10/06 16:08:34.795, 98, 54, 11458, 24576, 70, 342.59, 1875, 9501
2026/10/06 16:08:36.795, 100, 61, 11458, 24576, 70, 343.97, 1815, 9501
2026/10/06 16:08:38.795, 68, 39, 11458, 24576, 69, 339.89, 1935, 9501
2026/10/06 16:08:40.796, 100, 27, 11458, 24576, 70, 340.22, 1830, 9501
2026/10/06 16:08:42.796, 100, 19, 11458, 24576, 70, 339.60, 1830, 9501
2026/10/06 16:08:44.797, 100, 18, 11458, 24576, 70, 338.31, 1815, 9501
2026/10/06 16:08:46.797, 100, 61, 11458, 24576, 70, 348.07, 1815, 9501
2026/10/06 16:08:48.798, 100, 21, 11458, 24576, 70, 346.68, 1815, 9501
2026/10/06 16:08:50.798, 100, 70, 11458, 24576, 70, 348.00, 1830, 9501
2026/10/06 16:08:52.799, 100, 55, 11458, 24576, 70, 346.54, 1845, 9501
2026/10/06 16:08:54.799, 100, 58, 11458, 24576, 70, 348.90, 1800, 9501
2026/10/06 16:08:56.799, 100, 17, 11458, 24576, 70, 345.49, 1785, 9501
2026/10/06 16:08:58.804, 100, 71, 11458, 24576, 70, 347.74, 1845, 9501
2026/10/06 16:09:00.808, 100, 55, 11458, 24576, 70, 346.97, 1845, 9501
2026/10/06 16:09:02.809, 100, 59, 11458, 24576, 70, 348.53, 1845, 9501
2026/10/06 16:09:04.810, 100, 28, 11458, 24576, 70, 346.75, 1785, 9501
2026/10/06 16:09:06.810, 100, 69, 11458, 24576, 70, 346.96, 1860, 9501
2026/10/06 16:09:08.811, 100, 60, 11458, 24576, 70, 347.95, 1800, 9501
2026/10/06 16:09:10.814, 67, 39, 11458, 24576, 70, 305.19, 1935, 9501
2026/10/06 16:09:12.815, 100, 33, 11458, 24576, 70, 341.12, 1860, 9501
2026/10/06 16:09:14.816, 100, 40, 11458, 24576, 70, 341.18, 1875, 9501
2026/10/06 16:09:16.818, 100, 42, 11458, 24576, 70, 342.84, 1875, 9501
2026/10/06 16:09:18.818, 100, 67, 11458, 24576, 69, 348.55, 1860, 9501
2026/10/06 16:09:20.820, 100, 40, 11458, 24576, 70, 347.06, 1815, 9501
2026/10/06 16:09:22.821, 100, 65, 11458, 24576, 70, 347.34, 1845, 9501
2026/10/06 16:09:24.821, 100, 59, 11458, 24576, 70, 344.80, 1845, 9501
2026/10/06 16:09:26.822, 100, 55, 11458, 24576, 69, 346.16, 1890, 9501
2026/10/06 16:09:28.823, 100, 50, 11458, 24576, 70, 347.89, 1830, 9501
2026/10/06 16:09:30.824, 100, 59, 11458, 24576, 70, 344.97, 1845, 9501
2026/10/06 16:09:32.825, 100, 61, 11458, 24576, 70, 346.05, 1875, 9501
2026/10/06 16:09:34.826, 100, 44, 11458, 24576, 70, 345.90, 1875, 9501
2026/10/06 16:09:36.827, 100, 65, 11458, 24576, 70, 347.06, 1830, 9501
2026/10/06 16:09:38.827, 100, 56, 11458, 24576, 70, 346.53, 1860, 9501
2026/10/06 16:09:40.828, 100, 65, 11458, 24576, 70, 349.03, 1770, 9501
2026/10/06 16:09:42.828, 100, 58, 11458, 24576, 70, 342.05, 1815, 9501
2026/10/06 16:09:44.829, 100, 27, 11458, 24576, 70, 310.63, 1830, 9501
2026/10/06 16:09:46.829, 100, 19, 11458, 24576, 70, 339.01, 1830, 9501
2026/10/06 16:09:48.830, 100, 18, 11458, 24576, 70, 338.53, 1830, 9501
2026/10/06 16:09:50.830, 100, 55, 11458, 24576, 70, 341.52, 1875, 9501
2026/10/06 16:09:52.830, 100, 63, 11458, 24576, 70, 349.13, 1875, 9501
2026/10/06 16:09:54.831, 100, 34, 11458, 24576, 70, 347.39, 1800, 9501
2026/10/06 16:09:56.831, 100, 67, 11458, 24576, 70, 348.31, 1845, 9501
2026/10/06 16:09:58.832, 100, 58, 11458, 24576, 70, 345.99, 1845, 9501
2026/10/06 16:10:00.832, 100, 61, 11458, 24576, 69, 348.49, 1890, 9501
2026/10/06 16:10:02.836, 100, 42, 11458, 24576, 70, 346.89, 1815, 9501
2026/10/06 16:10:04.836, 100, 63, 11458, 24576, 70, 346.44, 1845, 9501
2026/10/06 16:10:06.837, 100, 55, 11458, 24576, 70, 345.75, 1845, 9501
2026/10/06 16:10:08.838, 100, 51, 11458, 24576, 69, 345.84, 1875, 9501
2026/10/06 16:10:10.842, 100, 55, 11458, 24576, 70, 346.41, 1830, 9501
2026/10/06 16:10:12.843, 65, 38, 11458, 24576, 70, 341.10, 1935, 9501
2026/10/06 16:10:14.843, 100, 42, 11458, 24576, 70, 345.67, 1830, 9501
2026/10/06 16:10:16.843, 100, 41, 11458, 24576, 70, 342.97, 1830, 9501
2026/10/06 16:10:18.844, 100, 41, 11458, 24576, 70, 342.15, 1830, 9501
2026/10/06 16:10:20.845, 100, 57, 11458, 24576, 70, 346.84, 1815, 9501
2026/10/06 16:10:22.845, 100, 47, 11458, 24576, 70, 347.33, 1800, 9501
2026/10/06 16:10:24.847, 100, 61, 11458, 24576, 70, 344.25, 1845, 9501
2026/10/06 16:10:26.848, 100, 60, 11458, 24576, 70, 347.40, 1860, 9501
2026/10/06 16:10:28.849, 100, 46, 11458, 24576, 70, 345.95, 1860, 9501
2026/10/06 16:10:30.850, 100, 61, 11458, 24576, 70, 347.43, 1800, 9501
2026/10/06 16:10:32.850, 100, 57, 11458, 24576, 70, 346.51, 1845, 9501
2026/10/06 16:10:34.851, 100, 60, 11458, 24576, 70, 347.60, 1845, 9501
2026/10/06 16:10:36.853, 100, 37, 11458, 24576, 70, 346.47, 1875, 9501
2026/10/06 16:10:38.854, 100, 68, 11458, 24576, 71, 345.33, 1815, 9501
2026/10/06 16:10:40.854, 100, 54, 11458, 24576, 70, 346.40, 1860, 9501
2026/10/06 16:10:42.854, 100, 33, 11458, 24576, 71, 345.58, 1875, 9501
2026/10/06 16:10:44.855, 100, 27, 11458, 24576, 70, 340.01, 1875, 9501
2026/10/06 16:10:46.856, 100, 21, 11458, 24576, 70, 340.52, 1875, 9501
2026/10/06 16:10:48.856, 100, 35, 11458, 24576, 70, 344.76, 1815, 9501
2026/10/06 16:10:50.857, 100, 66, 11458, 24576, 70, 347.33, 1845, 9501
2026/10/06 16:10:52.857, 100, 59, 11458, 24576, 70, 345.89, 1845, 9501
2026/10/06 16:10:54.858, 100, 60, 11458, 24576, 70, 346.58, 1815, 9501
2026/10/06 16:10:56.858, 100, 44, 11458, 24576, 70, 348.14, 1800, 9501
2026/10/06 16:10:58.859, 100, 63, 11458, 24576, 70, 346.77, 1845, 9501
2026/10/06 16:11:00.859, 100, 59, 11458, 24576, 70, 346.61, 1845, 9501
2026/10/06 16:11:02.860, 100, 51, 11458, 24576, 70, 346.73, 1845, 9501
2026/10/06 16:11:04.860, 100, 54, 11458, 24576, 70, 348.05, 1785, 9501
2026/10/06 16:11:06.861, 100, 58, 11458, 24576, 70, 346.24, 1845, 9501
2026/10/06 16:11:08.862, 100, 58, 11458, 24576, 70, 347.38, 1860, 9501
2026/10/06 16:11:10.862, 48, 31, 11458, 24576, 69, 303.12, 1935, 9501
