task_id,output_id,cell_key,view,positive_nodes,negative_nodes,skipped_missing_parent
5dbc8537,5dbc8537:o0,5dbc8537:o0:d24:aug8:geom=anti_transpose__color=id__order=canonical,anti_transpose,1,1023,0
5dbc8537,5dbc8537:o0,5dbc8537:o0:d24:aug8:geom=flip_lr__color=id__order=canonical,flip_lr,0,1024,0
5dbc8537,5dbc8537:o0,5dbc8537:o0:d24:aug8:geom=flip_ud__color=id__order=canonical,flip_ud,26,998,0
5dbc8537,5dbc8537:o0,5dbc8537:o0:d24:aug8:geom=identity__color=id__order=canonical,identity,29,995,0
5dbc8537,5dbc8537:o0,5dbc8537:o0:d24:aug8:geom=rot180__color=id__order=canonical,rot180,26,998,0
5dbc8537,5dbc8537:o0,5dbc8537:o0:d24:aug8:geom=rot270__color=id__order=canonical,rot270,35,776,0
5dbc8537,5dbc8537:o0,5dbc8537:o0:d24:aug8:geom=rot90__color=id__order=canonical,rot90,5,937,0
5dbc8537,5dbc8537:o0,5dbc8537:o0:d24:aug8:geom=transpose__color=id__order=canonical,transpose,78,589,0
5dbc8537,5dbc8537:o1,5dbc8537:o1:d24:aug8:geom=anti_transpose__color=id__order=canonical,anti_transpose,28,996,0
5dbc8537,5dbc8537:o1,5dbc8537:o1:d24:aug8:geom=flip_lr__color=id__order=canonical,flip_lr,29,470,0
5dbc8537,5dbc8537:o1,5dbc8537:o1:d24:aug8:geom=flip_ud__color=id__order=canonical,flip_ud,2,509,0
5dbc8537,5dbc8537:o1,5dbc8537:o1:d24:aug8:geom=identity__color=id__order=canonical,identity,74,524,0
5dbc8537,5dbc8537:o1,5dbc8537:o1:d24:aug8:geom=rot180__color=id__order=canonical,rot180,3,828,0
5dbc8537,5dbc8537:o1,5dbc8537:o1:d24:aug8:geom=rot270__color=id__order=canonical,rot270,31,993,0
5dbc8537,5dbc8537:o1,5dbc8537:o1:d24:aug8:geom=rot90__color=id__order=canonical,rot90,25,999,0
5dbc8537,5dbc8537:o1,5dbc8537:o1:d24:aug8:geom=transpose__color=id__order=canonical,transpose,29,995,0
97d7923e,97d7923e:o0,97d7923e:o0:d24:aug8:geom=anti_transpose__color=id__order=canonical,anti_transpose,144,880,0
97d7923e,97d7923e:o0,97d7923e:o0:d24:aug8:geom=flip_lr__color=id__order=canonical,flip_lr,142,882,0
97d7923e,97d7923e:o0,97d7923e:o0:d24:aug8:geom=flip_ud__color=id__order=canonical,flip_ud,24,1000,0
97d7923e,97d7923e:o0,97d7923e:o0:d24:aug8:geom=identity__color=id__order=canonical,identity,174,850,0
97d7923e,97d7923e:o0,97d7923e:o0:d24:aug8:geom=rot180__color=id__order=canonical,rot180,22,1002,0
97d7923e,97d7923e:o0,97d7923e:o0:d24:aug8:geom=rot270__color=id__order=canonical,rot270,34,637,0
97d7923e,97d7923e:o0,97d7923e:o0:d24:aug8:geom=rot90__color=id__order=canonical,rot90,151,704,0
97d7923e,97d7923e:o0,97d7923e:o0:d24:aug8:geom=transpose__color=id__order=canonical,transpose,39,424,0
3a25b0d8,3a25b0d8:o0,3a25b0d8:o0:d24:aug8:geom=anti_transpose__color=id__order=canonical,anti_transpose,246,778,0
3a25b0d8,3a25b0d8:o0,3a25b0d8:o0:d24:aug8:geom=flip_lr__color=id__order=canonical,flip_lr,5,1019,0
3a25b0d8,3a25b0d8:o0,3a25b0d8:o0:d24:aug8:geom=flip_ud__color=id__order=canonical,flip_ud,4,1020,0
3a25b0d8,3a25b0d8:o0,3a25b0d8:o0:d24:aug8:geom=identity__color=id__order=canonical,identity,251,773,0
3a25b0d8,3a25b0d8:o0,3a25b0d8:o0:d24:aug8:geom=rot180__color=id__order=canonical,rot180,19,944,0
3a25b0d8,3a25b0d8:o0,3a25b0d8:o0:d24:aug8:geom=rot270__color=id__order=canonical,rot270,48,976,0
3a25b0d8,3a25b0d8:o0,3a25b0d8:o0:d24:aug8:geom=rot90__color=id__order=canonical,rot90,246,689,0
3a25b0d8,3a25b0d8:o0,3a25b0d8:o0:d24:aug8:geom=transpose__color=id__order=canonical,transpose,246,778,0
3a25b0d8,3a25b0d8:o1,3a25b0d8:o1:d24:aug8:geom=anti_transpose__color=id__order=canonical,anti_transpose,164,0,0
3a25b0d8,3a25b0d8:o1,3a25b0d8:o1:d24:aug8:geom=flip_lr__color=id__order=canonical,flip_lr,15,1009,0
3a25b0d8,3a25b0d8:o1,3a25b0d8:o1:d24:aug8:geom=flip_ud__color=id__order=canonical,flip_ud,17,1007,0
3a25b0d8,3a25b0d8:o1,3a25b0d8:o1:d24:aug8:geom=identity__color=id__order=canonical,identity,167,857,0
3a25b0d8,3a25b0d8:o1,3a25b0d8:o1:d24:aug8:geom=rot180__color=id__order=canonical,rot180,17,454,0
3a25b0d8,3a25b0d8:o1,3a25b0d8:o1:d24:aug8:geom=rot270__color=id__order=canonical,rot270,164,0,0
3a25b0d8,3a25b0d8:o1,3a25b0d8:o1:d24:aug8:geom=rot90__color=id__order=canonical,rot90,17,1007,0
3a25b0d8,3a25b0d8:o1,3a25b0d8:o1:d24:aug8:geom=transpose__color=id__order=canonical,transpose,164,418,0
cb2d8a2c,cb2d8a2c:o0,cb2d8a2c:o0:d24:aug8:geom=anti_transpose__color=id__order=canonical,anti_transpose,60,964,0
cb2d8a2c,cb2d8a2c:o0,cb2d8a2c:o0:d24:aug8:geom=flip_lr__color=id__order=canonical,flip_lr,69,955,0
cb2d8a2c,cb2d8a2c:o0,cb2d8a2c:o0:d24:aug8:geom=flip_ud__color=id__order=canonical,flip_ud,10,1014,0
cb2d8a2c,cb2d8a2c:o0,cb2d8a2c:o0:d24:aug8:geom=identity__color=id__order=canonical,identity,57,967,0
cb2d8a2c,cb2d8a2c:o0,cb2d8a2c:o0:d24:aug8:geom=rot180__color=id__order=canonical,rot180,4,1020,0
cb2d8a2c,cb2d8a2c:o0,cb2d8a2c:o0:d24:aug8:geom=rot270__color=id__order=canonical,rot270,6,1018,0
cb2d8a2c,cb2d8a2c:o0,cb2d8a2c:o0:d24:aug8:geom=rot90__color=id__order=canonical,rot90,67,957,0
cb2d8a2c,cb2d8a2c:o0,cb2d8a2c:o0:d24:aug8:geom=transpose__color=id__order=canonical,transpose,7,1017,0
cb2d8a2c,cb2d8a2c:o1,cb2d8a2c:o1:d24:aug8:geom=anti_transpose__color=id__order=canonical,anti_transpose,60,950,0
cb2d8a2c,cb2d8a2c:o1,cb2d8a2c:o1:d24:aug8:geom=flip_lr__color=id__order=canonical,flip_lr,25,999,0
cb2d8a2c,cb2d8a2c:o1,cb2d8a2c:o1:d24:aug8:geom=flip_ud__color=id__order=canonical,flip_ud,13,1011,0
cb2d8a2c,cb2d8a2c:o1,cb2d8a2c:o1:d24:aug8:geom=identity__color=id__order=canonical,identity,111,913,0
cb2d8a2c,cb2d8a2c:o1,cb2d8a2c:o1:d24:aug8:geom=rot180__color=id__order=canonical,rot180,2,1022,0
cb2d8a2c,cb2d8a2c:o1,cb2d8a2c:o1:d24:aug8:geom=rot270__color=id__order=canonical,rot270,66,958,0
cb2d8a2c,cb2d8a2c:o1,cb2d8a2c:o1:d24:aug8:geom=rot90__color=id__order=canonical,rot90,82,942,0
cb2d8a2c,cb2d8a2c:o1,cb2d8a2c:o1:d24:aug8:geom=transpose__color=id__order=canonical,transpose,61,963,0
b99e7126,b99e7126:o0,b99e7126:o0:d24:aug8:geom=anti_transpose__color=id__order=canonical,anti_transpose,395,629,0
b99e7126,b99e7126:o0,b99e7126:o0:d24:aug8:geom=flip_lr__color=id__order=canonical,flip_lr,288,736,0
b99e7126,b99e7126:o0,b99e7126:o0:d24:aug8:geom=flip_ud__color=id__order=canonical,flip_ud,155,869,0
b99e7126,b99e7126:o0,b99e7126:o0:d24:aug8:geom=identity__color=id__order=canonical,identity,396,628,0
b99e7126,b99e7126:o0,b99e7126:o0:d24:aug8:geom=rot180__color=id__order=canonical,rot180,163,861,0
b99e7126,b99e7126:o0,b99e7126:o0:d24:aug8:geom=rot270__color=id__order=canonical,rot270,155,869,0
b99e7126,b99e7126:o0,b99e7126:o0:d24:aug8:geom=rot90__color=id__order=canonical,rot90,404,620,0
b99e7126,b99e7126:o0,b99e7126:o0:d24:aug8:geom=transpose__color=id__order=canonical,transpose,164,860,0
de809cff,de809cff:o0,de809cff:o0:d24:aug8:geom=anti_transpose__color=id__order=canonical,anti_transpose,478,546,0
de809cff,de809cff:o0,de809cff:o0:d24:aug8:geom=flip_lr__color=id__order=canonical,flip_lr,929,0,0
de809cff,de809cff:o0,de809cff:o0:d24:aug8:geom=flip_ud__color=id__order=canonical,flip_ud,325,699,0
de809cff,de809cff:o0,de809cff:o0:d24:aug8:geom=identity__color=id__order=canonical,identity,778,246,0
de809cff,de809cff:o0,de809cff:o0:d24:aug8:geom=rot180__color=id__order=canonical,rot180,322,702,0
de809cff,de809cff:o0,de809cff:o0:d24:aug8:geom=rot270__color=id__order=canonical,rot270,55,969,0
de809cff,de809cff:o0,de809cff:o0:d24:aug8:geom=rot90__color=id__order=canonical,rot90,929,95,0
de809cff,de809cff:o0,de809cff:o0:d24:aug8:geom=transpose__color=id__order=canonical,transpose,50,974,0
7b3084d4,7b3084d4:o0,7b3084d4:o0:d24:aug8:geom=anti_transpose__color=id__order=canonical,anti_transpose,0,1024,0
7b3084d4,7b3084d4:o0,7b3084d4:o0:d24:aug8:geom=flip_lr__color=id__order=canonical,flip_lr,0,677,0
7b3084d4,7b3084d4:o0,7b3084d4:o0:d24:aug8:geom=flip_ud__color=id__order=canonical,flip_ud,0,1024,0
7b3084d4,7b3084d4:o0,7b3084d4:o0:d24:aug8:geom=identity__color=id__order=canonical,identity,1,1023,0
7b3084d4,7b3084d4:o0,7b3084d4:o0:d24:aug8:geom=rot180__color=id__order=canonical,rot180,0,1024,0
7b3084d4,7b3084d4:o0,7b3084d4:o0:d24:aug8:geom=rot270__color=id__order=canonical,rot270,0,1024,0
7b3084d4,7b3084d4:o0,7b3084d4:o0:d24:aug8:geom=rot90__color=id__order=canonical,rot90,0,1024,0
7b3084d4,7b3084d4:o0,7b3084d4:o0:d24:aug8:geom=transpose__color=id__order=canonical,transpose,7,1017,0
dfadab01,dfadab01:o0,dfadab01:o0:d24:aug8:geom=anti_transpose__color=id__order=canonical,anti_transpose,1,1023,0
dfadab01,dfadab01:o0,dfadab01:o0:d24:aug8:geom=flip_lr__color=id__order=canonical,flip_lr,197,222,0
dfadab01,dfadab01:o0,dfadab01:o0:d24:aug8:geom=flip_ud__color=id__order=canonical,flip_ud,0,1024,0
dfadab01,dfadab01:o0,dfadab01:o0:d24:aug8:geom=identity__color=id__order=canonical,identity,197,222,0
dfadab01,dfadab01:o0,dfadab01:o0:d24:aug8:geom=rot180__color=id__order=canonical,rot180,0,1024,0
dfadab01,dfadab01:o0,dfadab01:o0:d24:aug8:geom=rot270__color=id__order=canonical,rot270,21,1003,0
dfadab01,dfadab01:o0,dfadab01:o0:d24:aug8:geom=rot90__color=id__order=canonical,rot90,177,242,0
dfadab01,dfadab01:o0,dfadab01:o0:d24:aug8:geom=transpose__color=id__order=canonical,transpose,177,242,0
58490d8a,58490d8a:o0,58490d8a:o0:d24:aug8:geom=anti_transpose__color=id__order=canonical,anti_transpose,11,1013,0
58490d8a,58490d8a:o0,58490d8a:o0:d24:aug8:geom=flip_lr__color=id__order=canonical,flip_lr,63,929,0
58490d8a,58490d8a:o0,58490d8a:o0:d24:aug8:geom=flip_ud__color=id__order=canonical,flip_ud,21,558,0
58490d8a,58490d8a:o0,58490d8a:o0:d24:aug8:geom=identity__color=id__order=canonical,identity,67,480,0
58490d8a,58490d8a:o0,58490d8a:o0:d24:aug8:geom=rot180__color=id__order=canonical,rot180,13,1011,0
58490d8a,58490d8a:o0,58490d8a:o0:d24:aug8:geom=rot270__color=id__order=canonical,rot270,73,951,0
58490d8a,58490d8a:o0,58490d8a:o0:d24:aug8:geom=rot90__color=id__order=canonical,rot90,17,970,0
58490d8a,58490d8a:o0,58490d8a:o0:d24:aug8:geom=transpose__color=id__order=canonical,transpose,75,760,0
142ca369,142ca369:o0,142ca369:o0:d24:aug8:geom=anti_transpose__color=id__order=canonical,anti_transpose,0,1024,0
142ca369,142ca369:o0,142ca369:o0:d24:aug8:geom=flip_lr__color=id__order=canonical,flip_lr,42,982,0
142ca369,142ca369:o0,142ca369:o0:d24:aug8:geom=flip_ud__color=id__order=canonical,flip_ud,0,1024,0
142ca369,142ca369:o0,142ca369:o0:d24:aug8:geom=identity__color=id__order=canonical,identity,51,973,0
142ca369,142ca369:o0,142ca369:o0:d24:aug8:geom=rot180__color=id__order=canonical,rot180,0,1024,0
142ca369,142ca369:o0,142ca369:o0:d24:aug8:geom=rot270__color=id__order=canonical,rot270,0,1024,0
142ca369,142ca369:o0,142ca369:o0:d24:aug8:geom=rot90__color=id__order=canonical,rot90,11,1013,0
142ca369,142ca369:o0,142ca369:o0:d24:aug8:geom=transpose__color=id__order=canonical,transpose,11,1013,0
142ca369,142ca369:o1,142ca369:o1:d24:aug8:geom=anti_transpose__color=id__order=canonical,anti_transpose,5,1019,0
142ca369,142ca369:o1,142ca369:o1:d24:aug8:geom=flip_lr__color=id__order=canonical,flip_lr,80,944,0
142ca369,142ca369:o1,142ca369:o1:d24:aug8:geom=flip_ud__color=id__order=canonical,flip_ud,100,924,0
142ca369,142ca369:o1,142ca369:o1:d24:aug8:geom=identity__color=id__order=canonical,identity,100,924,0
142ca369,142ca369:o1,142ca369:o1:d24:aug8:geom=rot180__color=id__order=canonical,rot180,100,924,0
142ca369,142ca369:o1,142ca369:o1:d24:aug8:geom=rot270__color=id__order=canonical,rot270,5,1019,0
142ca369,142ca369:o1,142ca369:o1:d24:aug8:geom=rot90__color=id__order=canonical,rot90,5,1019,0
142ca369,142ca369:o1,142ca369:o1:d24:aug8:geom=transpose__color=id__order=canonical,transpose,5,1019,0
446ef5d2,446ef5d2:o0,446ef5d2:o0:d24:aug8:geom=anti_transpose__color=id__order=canonical,anti_transpose,380,644,0
446ef5d2,446ef5d2:o0,446ef5d2:o0:d24:aug8:geom=flip_lr__color=id__order=canonical,flip_lr,68,956,0
446ef5d2,446ef5d2:o0,446ef5d2:o0:d24:aug8:geom=flip_ud__color=id__order=canonical,flip_ud,56,968,0
446ef5d2,446ef5d2:o0,446ef5d2:o0:d24:aug8:geom=identity__color=id__order=canonical,identity,56,968,0
446ef5d2,446ef5d2:o0,446ef5d2:o0:d24:aug8:geom=rot180__color=id__order=canonical,rot180,68,956,0
446ef5d2,446ef5d2:o0,446ef5d2:o0:d24:aug8:geom=rot270__color=id__order=canonical,rot270,56,968,0
446ef5d2,446ef5d2:o0,446ef5d2:o0:d24:aug8:geom=rot90__color=id__order=canonical,rot90,380,644,0
446ef5d2,446ef5d2:o0,446ef5d2:o0:d24:aug8:geom=transpose__color=id__order=canonical,transpose,56,968,0
446ef5d2,446ef5d2:o1,446ef5d2:o1:d24:aug8:geom=anti_transpose__color=id__order=canonical,anti_transpose,53,971,0
446ef5d2,446ef5d2:o1,446ef5d2:o1:d24:aug8:geom=flip_lr__color=id__order=canonical,flip_lr,59,965,0
446ef5d2,446ef5d2:o1,446ef5d2:o1:d24:aug8:geom=flip_ud__color=id__order=canonical,flip_ud,233,791,0
446ef5d2,446ef5d2:o1,446ef5d2:o1:d24:aug8:geom=identity__color=id__order=canonical,identity,44,980,0
446ef5d2,446ef5d2:o1,446ef5d2:o1:d24:aug8:geom=rot180__color=id__order=canonical,rot180,233,791,0
446ef5d2,446ef5d2:o1,446ef5d2:o1:d24:aug8:geom=rot270__color=id__order=canonical,rot270,53,971,0
446ef5d2,446ef5d2:o1,446ef5d2:o1:d24:aug8:geom=rot90__color=id__order=canonical,rot90,51,973,0
446ef5d2,446ef5d2:o1,446ef5d2:o1:d24:aug8:geom=transpose__color=id__order=canonical,transpose,44,980,0
b5ca7ac4,b5ca7ac4:o0,b5ca7ac4:o0:d24:aug8:geom=anti_transpose__color=id__order=canonical,anti_transpose,290,734,0
b5ca7ac4,b5ca7ac4:o0,b5ca7ac4:o0:d24:aug8:geom=flip_lr__color=id__order=canonical,flip_lr,81,943,0
b5ca7ac4,b5ca7ac4:o0,b5ca7ac4:o0:d24:aug8:geom=flip_ud__color=id__order=canonical,flip_ud,58,966,0
b5ca7ac4,b5ca7ac4:o0,b5ca7ac4:o0:d24:aug8:geom=identity__color=id__order=canonical,identity,69,955,0
b5ca7ac4,b5ca7ac4:o0,b5ca7ac4:o0:d24:aug8:geom=rot180__color=id__order=canonical,rot180,35,989,0
b5ca7ac4,b5ca7ac4:o0,b5ca7ac4:o0:d24:aug8:geom=rot270__color=id__order=canonical,rot270,1,1023,0
b5ca7ac4,b5ca7ac4:o0,b5ca7ac4:o0:d24:aug8:geom=rot90__color=id__order=canonical,rot90,279,745,0
b5ca7ac4,b5ca7ac4:o0,b5ca7ac4:o0:d24:aug8:geom=transpose__color=id__order=canonical,transpose,92,932,0
80a900e0,80a900e0:o0,80a900e0:o0:d24:aug8:geom=anti_transpose__color=id__order=canonical,anti_transpose,1,1023,0
80a900e0,80a900e0:o0,80a900e0:o0:d24:aug8:geom=flip_lr__color=id__order=canonical,flip_lr,88,936,0
80a900e0,80a900e0:o0,80a900e0:o0:d24:aug8:geom=flip_ud__color=id__order=canonical,flip_ud,1,1023,0
80a900e0,80a900e0:o0,80a900e0:o0:d24:aug8:geom=identity__color=id__order=canonical,identity,0,1024,0
80a900e0,80a900e0:o0,80a900e0:o0:d24:aug8:geom=rot180__color=id__order=canonical,rot180,3,1021,0
80a900e0,80a900e0:o0,80a900e0:o0:d24:aug8:geom=rot270__color=id__order=canonical,rot270,7,1017,0
80a900e0,80a900e0:o0,80a900e0:o0:d24:aug8:geom=rot90__color=id__order=canonical,rot90,4,1020,0
80a900e0,80a900e0:o0,80a900e0:o0:d24:aug8:geom=transpose__color=id__order=canonical,transpose,178,846,0
16de56c4,16de56c4:o0,16de56c4:o0:d24:aug8:geom=anti_transpose__color=id__order=canonical,anti_transpose,3,1021,0
16de56c4,16de56c4:o0,16de56c4:o0:d24:aug8:geom=flip_lr__color=id__order=canonical,flip_lr,44,980,0
16de56c4,16de56c4:o0,16de56c4:o0:d24:aug8:geom=flip_ud__color=id__order=canonical,flip_ud,0,1024,0
16de56c4,16de56c4:o0,16de56c4:o0:d24:aug8:geom=identity__color=id__order=canonical,identity,24,841,0
16de56c4,16de56c4:o0,16de56c4:o0:d24:aug8:geom=rot180__color=id__order=canonical,rot180,76,948,0
16de56c4,16de56c4:o0,16de56c4:o0:d24:aug8:geom=rot270__color=id__order=canonical,rot270,3,1021,0
16de56c4,16de56c4:o0,16de56c4:o0:d24:aug8:geom=rot90__color=id__order=canonical,rot90,2,1022,0
16de56c4,16de56c4:o0,16de56c4:o0:d24:aug8:geom=transpose__color=id__order=canonical,transpose,5,416,0
16de56c4,16de56c4:o1,16de56c4:o1:d24:aug8:geom=anti_transpose__color=id__order=canonical,anti_transpose,110,914,0
16de56c4,16de56c4:o1,16de56c4:o1:d24:aug8:geom=flip_lr__color=id__order=canonical,flip_lr,11,1013,0
16de56c4,16de56c4:o1,16de56c4:o1:d24:aug8:geom=flip_ud__color=id__order=canonical,flip_ud,4,1020,0
16de56c4,16de56c4:o1,16de56c4:o1:d24:aug8:geom=identity__color=id__order=canonical,identity,9,1015,0
16de56c4,16de56c4:o1,16de56c4:o1:d24:aug8:geom=rot180__color=id__order=canonical,rot180,9,1015,0
16de56c4,16de56c4:o1,16de56c4:o1:d24:aug8:geom=rot270__color=id__order=canonical,rot270,13,1011,0
16de56c4,16de56c4:o1,16de56c4:o1:d24:aug8:geom=rot90__color=id__order=canonical,rot90,10,1014,0
16de56c4,16de56c4:o1,16de56c4:o1:d24:aug8:geom=transpose__color=id__order=canonical,transpose,10,1014,0
71e489b6,71e489b6:o0,71e489b6:o0:d24:aug8:geom=anti_transpose__color=id__order=canonical,anti_transpose,1,1023,0
71e489b6,71e489b6:o0,71e489b6:o0:d24:aug8:geom=flip_lr__color=id__order=canonical,flip_lr,271,234,0
71e489b6,71e489b6:o0,71e489b6:o0:d24:aug8:geom=flip_ud__color=id__order=canonical,flip_ud,271,412,0
71e489b6,71e489b6:o0,71e489b6:o0:d24:aug8:geom=identity__color=id__order=canonical,identity,271,80,0
71e489b6,71e489b6:o0,71e489b6:o0:d24:aug8:geom=rot180__color=id__order=canonical,rot180,1,270,0
71e489b6,71e489b6:o0,71e489b6:o0:d24:aug8:geom=rot270__color=id__order=canonical,rot270,271,0,0
71e489b6,71e489b6:o0,71e489b6:o0:d24:aug8:geom=rot90__color=id__order=canonical,rot90,271,753,0
71e489b6,71e489b6:o0,71e489b6:o0:d24:aug8:geom=transpose__color=id__order=canonical,transpose,271,0,0
71e489b6,71e489b6:o1,71e489b6:o1:d24:aug8:geom=anti_transpose__color=id__order=canonical,anti_transpose,360,62,0
71e489b6,71e489b6:o1,71e489b6:o1:d24:aug8:geom=flip_lr__color=id__order=canonical,flip_lr,16,1008,0
71e489b6,71e489b6:o1,71e489b6:o1:d24:aug8:geom=flip_ud__color=id__order=canonical,flip_ud,359,0,0
71e489b6,71e489b6:o1,71e489b6:o1:d24:aug8:geom=identity__color=id__order=canonical,identity,359,267,0
71e489b6,71e489b6:o1,71e489b6:o1:d24:aug8:geom=rot180__color=id__order=canonical,rot180,336,65,0
71e489b6,71e489b6:o1,71e489b6:o1:d24:aug8:geom=rot270__color=id__order=canonical,rot270,360,344,0
71e489b6,71e489b6:o1,71e489b6:o1:d24:aug8:geom=rot90__color=id__order=canonical,rot90,304,91,0
71e489b6,71e489b6:o1,71e489b6:o1:d24:aug8:geom=transpose__color=id__order=canonical,transpose,360,359,0
2d0172a1,2d0172a1:o0,2d0172a1:o0:d24:aug8:geom=anti_transpose__color=id__order=canonical,anti_transpose,129,895,0
2d0172a1,2d0172a1:o0,2d0172a1:o0:d24:aug8:geom=flip_lr__color=id__order=canonical,flip_lr,0,1024,0
2d0172a1,2d0172a1:o0,2d0172a1:o0:d24:aug8:geom=flip_ud__color=id__order=canonical,flip_ud,125,899,0
2d0172a1,2d0172a1:o0,2d0172a1:o0:d24:aug8:geom=identity__color=id__order=canonical,identity,125,899,0
2d0172a1,2d0172a1:o0,2d0172a1:o0:d24:aug8:geom=rot180__color=id__order=canonical,rot180,125,899,0
2d0172a1,2d0172a1:o0,2d0172a1:o0:d24:aug8:geom=rot270__color=id__order=canonical,rot270,129,699,0
2d0172a1,2d0172a1:o0,2d0172a1:o0:d24:aug8:geom=rot90__color=id__order=canonical,rot90,129,895,0
2d0172a1,2d0172a1:o0,2d0172a1:o0:d24:aug8:geom=transpose__color=id__order=canonical,transpose,129,895,0
2d0172a1,2d0172a1:o1,2d0172a1:o1:d24:aug8:geom=anti_transpose__color=id__order=canonical,anti_transpose,14,1010,0
2d0172a1,2d0172a1:o1,2d0172a1:o1:d24:aug8:geom=flip_lr__color=id__order=canonical,flip_lr,167,686,0
2d0172a1,2d0172a1:o1,2d0172a1:o1:d24:aug8:geom=flip_ud__color=id__order=canonical,flip_ud,133,891,0
2d0172a1,2d0172a1:o1,2d0172a1:o1:d24:aug8:geom=identity__color=id__order=canonical,identity,167,461,0
2d0172a1,2d0172a1:o1,2d0172a1:o1:d24:aug8:geom=rot180__color=id__order=canonical,rot180,11,1013,0
2d0172a1,2d0172a1:o1,2d0172a1:o1:d24:aug8:geom=rot270__color=id__order=canonical,rot270,12,1012,0
2d0172a1,2d0172a1:o1,2d0172a1:o1:d24:aug8:geom=rot90__color=id__order=canonical,rot90,164,860,0
2d0172a1,2d0172a1:o1,2d0172a1:o1:d24:aug8:geom=transpose__color=id__order=canonical,transpose,11,1013,0
981571dc,981571dc:o0,981571dc:o0:d24:aug8:geom=anti_transpose__color=id__order=canonical,anti_transpose,929,0,0
981571dc,981571dc:o0,981571dc:o0:d24:aug8:geom=flip_lr__color=id__order=canonical,flip_lr,929,0,0
981571dc,981571dc:o0,981571dc:o0:d24:aug8:geom=flip_ud__color=id__order=canonical,flip_ud,929,0,0
981571dc,981571dc:o0,981571dc:o0:d24:aug8:geom=identity__color=id__order=canonical,identity,929,0,0
981571dc,981571dc:o0,981571dc:o0:d24:aug8:geom=rot180__color=id__order=canonical,rot180,929,0,0
981571dc,981571dc:o0,981571dc:o0:d24:aug8:geom=rot270__color=id__order=canonical,rot270,929,0,0
981571dc,981571dc:o0,981571dc:o0:d24:aug8:geom=rot90__color=id__order=canonical,rot90,929,0,0
981571dc,981571dc:o0,981571dc:o0:d24:aug8:geom=transpose__color=id__order=canonical,transpose,929,0,0
13e47133,13e47133:o0,13e47133:o0:d24:aug8:geom=anti_transpose__color=id__order=canonical,anti_transpose,0,1024,0
13e47133,13e47133:o0,13e47133:o0:d24:aug8:geom=flip_lr__color=id__order=canonical,flip_lr,170,854,0
13e47133,13e47133:o0,13e47133:o0:d24:aug8:geom=flip_ud__color=id__order=canonical,flip_ud,7,1017,0
13e47133,13e47133:o0,13e47133:o0:d24:aug8:geom=identity__color=id__order=canonical,identity,139,885,0
13e47133,13e47133:o0,13e47133:o0:d24:aug8:geom=rot180__color=id__order=canonical,rot180,0,1024,0
13e47133,13e47133:o0,13e47133:o0:d24:aug8:geom=rot270__color=id__order=canonical,rot270,32,992,0
13e47133,13e47133:o0,13e47133:o0:d24:aug8:geom=rot90__color=id__order=canonical,rot90,0,1024,0
13e47133,13e47133:o0,13e47133:o0:d24:aug8:geom=transpose__color=id__order=canonical,transpose,115,909,0
13e47133,13e47133:o1,13e47133:o1:d24:aug8:geom=anti_transpose__color=id__order=canonical,anti_transpose,39,985,0
13e47133,13e47133:o1,13e47133:o1:d24:aug8:geom=flip_lr__color=id__order=canonical,flip_lr,293,731,0
13e47133,13e47133:o1,13e47133:o1:d24:aug8:geom=flip_ud__color=id__order=canonical,flip_ud,96,928,0
13e47133,13e47133:o1,13e47133:o1:d24:aug8:geom=identity__color=id__order=canonical,identity,8,1016,0
13e47133,13e47133:o1,13e47133:o1:d24:aug8:geom=rot180__color=id__order=canonical,rot180,87,937,0
13e47133,13e47133:o1,13e47133:o1:d24:aug8:geom=rot270__color=id__order=canonical,rot270,471,553,0
13e47133,13e47133:o1,13e47133:o1:d24:aug8:geom=rot90__color=id__order=canonical,rot90,73,951,0
13e47133,13e47133:o1,13e47133:o1:d24:aug8:geom=transpose__color=id__order=canonical,transpose,248,776,0
e3721c99,e3721c99:o0,e3721c99:o0:d24:aug8:geom=anti_transpose__color=id__order=canonical,anti_transpose,240,784,0
e3721c99,e3721c99:o0,e3721c99:o0:d24:aug8:geom=flip_lr__color=id__order=canonical,flip_lr,19,1005,0
e3721c99,e3721c99:o0,e3721c99:o0:d24:aug8:geom=flip_ud__color=id__order=canonical,flip_ud,94,930,0
e3721c99,e3721c99:o0,e3721c99:o0:d24:aug8:geom=identity__color=id__order=canonical,identity,9,1015,0
e3721c99,e3721c99:o0,e3721c99:o0:d24:aug8:geom=rot180__color=id__order=canonical,rot180,120,904,0
e3721c99,e3721c99:o0,e3721c99:o0:d24:aug8:geom=rot270__color=id__order=canonical,rot270,10,1014,0
e3721c99,e3721c99:o0,e3721c99:o0:d24:aug8:geom=rot90__color=id__order=canonical,rot90,221,803,0
e3721c99,e3721c99:o0,e3721c99:o0:d24:aug8:geom=transpose__color=id__order=canonical,transpose,8,1016,0
e3721c99,e3721c99:o1,e3721c99:o1:d24:aug8:geom=anti_transpose__color=id__order=canonical,anti_transpose,19,1005,0
e3721c99,e3721c99:o1,e3721c99:o1:d24:aug8:geom=flip_lr__color=id__order=canonical,flip_lr,67,957,0
e3721c99,e3721c99:o1,e3721c99:o1:d24:aug8:geom=flip_ud__color=id__order=canonical,flip_ud,18,1006,0
e3721c99,e3721c99:o1,e3721c99:o1:d24:aug8:geom=identity__color=id__order=canonical,identity,82,942,0
e3721c99,e3721c99:o1,e3721c99:o1:d24:aug8:geom=rot180__color=id__order=canonical,rot180,9,1015,0
e3721c99,e3721c99:o1,e3721c99:o1:d24:aug8:geom=rot270__color=id__order=canonical,rot270,478,546,0
e3721c99,e3721c99:o1,e3721c99:o1:d24:aug8:geom=rot90__color=id__order=canonical,rot90,9,1015,0
e3721c99,e3721c99:o1,e3721c99:o1:d24:aug8:geom=transpose__color=id__order=canonical,transpose,481,543,0
cbebaa4b,cbebaa4b:o0,cbebaa4b:o0:d24:aug8:geom=anti_transpose__color=id__order=canonical,anti_transpose,176,848,0
cbebaa4b,cbebaa4b:o0,cbebaa4b:o0:d24:aug8:geom=flip_lr__color=id__order=canonical,flip_lr,141,883,0
cbebaa4b,cbebaa4b:o0,cbebaa4b:o0:d24:aug8:geom=flip_ud__color=id__order=canonical,flip_ud,32,992,0
cbebaa4b,cbebaa4b:o0,cbebaa4b:o0:d24:aug8:geom=identity__color=id__order=canonical,identity,150,874,0
cbebaa4b,cbebaa4b:o0,cbebaa4b:o0:d24:aug8:geom=rot180__color=id__order=canonical,rot180,42,982,0
cbebaa4b,cbebaa4b:o0,cbebaa4b:o0:d24:aug8:geom=rot270__color=id__order=canonical,rot270,136,888,0
cbebaa4b,cbebaa4b:o0,cbebaa4b:o0:d24:aug8:geom=rot90__color=id__order=canonical,rot90,167,857,0
cbebaa4b,cbebaa4b:o0,cbebaa4b:o0:d24:aug8:geom=transpose__color=id__order=canonical,transpose,149,875,0
cbebaa4b,cbebaa4b:o1,cbebaa4b:o1:d24:aug8:geom=anti_transpose__color=id__order=canonical,anti_transpose,152,872,0
cbebaa4b,cbebaa4b:o1,cbebaa4b:o1:d24:aug8:geom=flip_lr__color=id__order=canonical,flip_lr,6,1018,0
cbebaa4b,cbebaa4b:o1,cbebaa4b:o1:d24:aug8:geom=flip_ud__color=id__order=canonical,flip_ud,146,878,0
cbebaa4b,cbebaa4b:o1,cbebaa4b:o1:d24:aug8:geom=identity__color=id__order=canonical,identity,14,1010,0
cbebaa4b,cbebaa4b:o1,cbebaa4b:o1:d24:aug8:geom=rot180__color=id__order=canonical,rot180,145,879,0
cbebaa4b,cbebaa4b:o1,cbebaa4b:o1:d24:aug8:geom=rot270__color=id__order=canonical,rot270,259,765,0
cbebaa4b,cbebaa4b:o1,cbebaa4b:o1:d24:aug8:geom=rot90__color=id__order=canonical,rot90,139,885,0
cbebaa4b,cbebaa4b:o1,cbebaa4b:o1:d24:aug8:geom=transpose__color=id__order=canonical,transpose,244,780,0
45a5af55,45a5af55:o0,45a5af55:o0:d24:aug8:geom=anti_transpose__color=id__order=canonical,anti_transpose,701,0,0
45a5af55,45a5af55:o0,45a5af55:o0:d24:aug8:geom=flip_lr__color=id__order=canonical,flip_lr,22,964,0
45a5af55,45a5af55:o0,45a5af55:o0:d24:aug8:geom=flip_ud__color=id__order=canonical,flip_ud,22,701,0
45a5af55,45a5af55:o0,45a5af55:o0:d24:aug8:geom=identity__color=id__order=canonical,identity,22,964,0
45a5af55,45a5af55:o0,45a5af55:o0:d24:aug8:geom=rot180__color=id__order=canonical,rot180,22,701,0
45a5af55,45a5af55:o0,45a5af55:o0:d24:aug8:geom=rot270__color=id__order=canonical,rot270,701,0,0
45a5af55,45a5af55:o0,45a5af55:o0:d24:aug8:geom=rot90__color=id__order=canonical,rot90,701,0,0
45a5af55,45a5af55:o0,45a5af55:o0:d24:aug8:geom=transpose__color=id__order=canonical,transpose,701,0,0
c4d067a0,c4d067a0:o0,c4d067a0:o0:d24:aug8:geom=anti_transpose__color=id__order=canonical,anti_transpose,148,876,0
c4d067a0,c4d067a0:o0,c4d067a0:o0:d24:aug8:geom=flip_lr__color=id__order=canonical,flip_lr,145,879,0
c4d067a0,c4d067a0:o0,c4d067a0:o0:d24:aug8:geom=flip_ud__color=id__order=canonical,flip_ud,92,932,0
c4d067a0,c4d067a0:o0,c4d067a0:o0:d24:aug8:geom=identity__color=id__order=canonical,identity,148,876,0
c4d067a0,c4d067a0:o0,c4d067a0:o0:d24:aug8:geom=rot180__color=id__order=canonical,rot180,99,925,0
c4d067a0,c4d067a0:o0,c4d067a0:o0:d24:aug8:geom=rot270__color=id__order=canonical,rot270,227,797,0
c4d067a0,c4d067a0:o0,c4d067a0:o0:d24:aug8:geom=rot90__color=id__order=canonical,rot90,145,879,0
c4d067a0,c4d067a0:o0,c4d067a0:o0:d24:aug8:geom=transpose__color=id__order=canonical,transpose,229,795,0
67e490f4,67e490f4:o0,67e490f4:o0:d24:aug8:geom=anti_transpose__color=id__order=canonical,anti_transpose,9,1015,0
67e490f4,67e490f4:o0,67e490f4:o0:d24:aug8:geom=flip_lr__color=id__order=canonical,flip_lr,32,992,0
67e490f4,67e490f4:o0,67e490f4:o0:d24:aug8:geom=flip_ud__color=id__order=canonical,flip_ud,32,992,0
67e490f4,67e490f4:o0,67e490f4:o0:d24:aug8:geom=identity__color=id__order=canonical,identity,32,992,0
67e490f4,67e490f4:o0,67e490f4:o0:d24:aug8:geom=rot180__color=id__order=canonical,rot180,32,992,0
67e490f4,67e490f4:o0,67e490f4:o0:d24:aug8:geom=rot270__color=id__order=canonical,rot270,9,1015,0
67e490f4,67e490f4:o0,67e490f4:o0:d24:aug8:geom=rot90__color=id__order=canonical,rot90,9,1015,0
67e490f4,67e490f4:o0,67e490f4:o0:d24:aug8:geom=transpose__color=id__order=canonical,transpose,9,1015,0
20270e3b,20270e3b:o0,20270e3b:o0:d24:aug8:geom=anti_transpose__color=id__order=canonical,anti_transpose,4,1002,0
20270e3b,20270e3b:o0,20270e3b:o0:d24:aug8:geom=flip_lr__color=id__order=canonical,flip_lr,15,855,0
20270e3b,20270e3b:o0,20270e3b:o0:d24:aug8:geom=flip_ud__color=id__order=canonical,flip_ud,0,658,0
20270e3b,20270e3b:o0,20270e3b:o0:d24:aug8:geom=identity__color=id__order=canonical,identity,54,287,0
20270e3b,20270e3b:o0,20270e3b:o0:d24:aug8:geom=rot180__color=id__order=canonical,rot180,1,766,0
20270e3b,20270e3b:o0,20270e3b:o0:d24:aug8:geom=rot270__color=id__order=canonical,rot270,1,749,0
20270e3b,20270e3b:o0,20270e3b:o0:d24:aug8:geom=rot90__color=id__order=canonical,rot90,5,1019,0
20270e3b,20270e3b:o0,20270e3b:o0:d24:aug8:geom=transpose__color=id__order=canonical,transpose,5,1019,0
20270e3b,20270e3b:o1,20270e3b:o1:d24:aug8:geom=anti_transpose__color=id__order=canonical,anti_transpose,71,953,0
20270e3b,20270e3b:o1,20270e3b:o1:d24:aug8:geom=flip_lr__color=id__order=canonical,flip_lr,5,800,0
20270e3b,20270e3b:o1,20270e3b:o1:d24:aug8:geom=flip_ud__color=id__order=canonical,flip_ud,5,443,0
20270e3b,20270e3b:o1,20270e3b:o1:d24:aug8:geom=identity__color=id__order=canonical,identity,71,414,0
20270e3b,20270e3b:o1,20270e3b:o1:d24:aug8:geom=rot180__color=id__order=canonical,rot180,8,496,0
20270e3b,20270e3b:o1,20270e3b:o1:d24:aug8:geom=rot270__color=id__order=canonical,rot270,29,343,0
20270e3b,20270e3b:o1,20270e3b:o1:d24:aug8:geom=rot90__color=id__order=canonical,rot90,29,995,0
20270e3b,20270e3b:o1,20270e3b:o1:d24:aug8:geom=transpose__color=id__order=canonical,transpose,71,953,0
2c181942,2c181942:o0,2c181942:o0:d24:aug8:geom=anti_transpose__color=id__order=canonical,anti_transpose,135,889,0
2c181942,2c181942:o0,2c181942:o0:d24:aug8:geom=flip_lr__color=id__order=canonical,flip_lr,198,826,0
2c181942,2c181942:o0,2c181942:o0:d24:aug8:geom=flip_ud__color=id__order=canonical,flip_ud,174,850,0
2c181942,2c181942:o0,2c181942:o0:d24:aug8:geom=identity__color=id__order=canonical,identity,202,822,0
2c181942,2c181942:o0,2c181942:o0:d24:aug8:geom=rot180__color=id__order=canonical,rot180,170,854,0
2c181942,2c181942:o0,2c181942:o0:d24:aug8:geom=rot270__color=id__order=canonical,rot270,306,718,0
2c181942,2c181942:o0,2c181942:o0:d24:aug8:geom=rot90__color=id__order=canonical,rot90,135,889,0
2c181942,2c181942:o0,2c181942:o0:d24:aug8:geom=transpose__color=id__order=canonical,transpose,317,707,0
6ffbe589,6ffbe589:o0,6ffbe589:o0:d24:aug8:geom=anti_transpose__color=id__order=canonical,anti_transpose,4,399,0
6ffbe589,6ffbe589:o0,6ffbe589:o0:d24:aug8:geom=flip_lr__color=id__order=canonical,flip_lr,11,563,0
6ffbe589,6ffbe589:o0,6ffbe589:o0:d24:aug8:geom=flip_ud__color=id__order=canonical,flip_ud,10,405,0
6ffbe589,6ffbe589:o0,6ffbe589:o0:d24:aug8:geom=identity__color=id__order=canonical,identity,5,310,0
6ffbe589,6ffbe589:o0,6ffbe589:o0:d24:aug8:geom=rot180__color=id__order=canonical,rot180,5,640,0
6ffbe589,6ffbe589:o0,6ffbe589:o0:d24:aug8:geom=rot270__color=id__order=canonical,rot270,4,773,0
6ffbe589,6ffbe589:o0,6ffbe589:o0:d24:aug8:geom=rot90__color=id__order=canonical,rot90,4,598,0
6ffbe589,6ffbe589:o0,6ffbe589:o0:d24:aug8:geom=transpose__color=id__order=canonical,transpose,4,781,0
4a21e3da,4a21e3da:o0,4a21e3da:o0:d24:aug8:geom=anti_transpose__color=id__order=canonical,anti_transpose,1,1023,0
4a21e3da,4a21e3da:o0,4a21e3da:o0:d24:aug8:geom=flip_lr__color=id__order=canonical,flip_lr,1,1023,0
4a21e3da,4a21e3da:o0,4a21e3da:o0:d24:aug8:geom=flip_ud__color=id__order=canonical,flip_ud,231,793,0
4a21e3da,4a21e3da:o0,4a21e3da:o0:d24:aug8:geom=identity__color=id__order=canonical,identity,1,897,0
4a21e3da,4a21e3da:o0,4a21e3da:o0:d24:aug8:geom=rot180__color=id__order=canonical,rot180,1,1023,0
4a21e3da,4a21e3da:o0,4a21e3da:o0:d24:aug8:geom=rot270__color=id__order=canonical,rot270,110,914,0
4a21e3da,4a21e3da:o0,4a21e3da:o0:d24:aug8:geom=rot90__color=id__order=canonical,rot90,1,1023,0
4a21e3da,4a21e3da:o0,4a21e3da:o0:d24:aug8:geom=transpose__color=id__order=canonical,transpose,1,1023,0
4a21e3da,4a21e3da:o1,4a21e3da:o1:d24:aug8:geom=anti_transpose__color=id__order=canonical,anti_transpose,399,625,0
4a21e3da,4a21e3da:o1,4a21e3da:o1:d24:aug8:geom=flip_lr__color=id__order=canonical,flip_lr,126,898,0
4a21e3da,4a21e3da:o1,4a21e3da:o1:d24:aug8:geom=flip_ud__color=id__order=canonical,flip_ud,419,605,0
4a21e3da,4a21e3da:o1,4a21e3da:o1:d24:aug8:geom=identity__color=id__order=canonical,identity,4,1020,0
4a21e3da,4a21e3da:o1,4a21e3da:o1:d24:aug8:geom=rot180__color=id__order=canonical,rot180,419,605,0
4a21e3da,4a21e3da:o1,4a21e3da:o1:d24:aug8:geom=rot270__color=id__order=canonical,rot270,317,707,0
4a21e3da,4a21e3da:o1,4a21e3da:o1:d24:aug8:geom=rot90__color=id__order=canonical,rot90,352,672,0
4a21e3da,4a21e3da:o1,4a21e3da:o1:d24:aug8:geom=transpose__color=id__order=canonical,transpose,1,1023,0
a32d8b75,a32d8b75:o0,a32d8b75:o0:d24:aug8:geom=anti_transpose__color=id__order=canonical,anti_transpose,0,1024,0
a32d8b75,a32d8b75:o0,a32d8b75:o0:d24:aug8:geom=flip_lr__color=id__order=canonical,flip_lr,0,1024,0
a32d8b75,a32d8b75:o0,a32d8b75:o0:d24:aug8:geom=flip_ud__color=id__order=canonical,flip_ud,14,1010,0
a32d8b75,a32d8b75:o0,a32d8b75:o0:d24:aug8:geom=identity__color=id__order=canonical,identity,0,1024,0
a32d8b75,a32d8b75:o0,a32d8b75:o0:d24:aug8:geom=rot180__color=id__order=canonical,rot180,0,1024,0
a32d8b75,a32d8b75:o0,a32d8b75:o0:d24:aug8:geom=rot270__color=id__order=canonical,rot270,20,1004,0
a32d8b75,a32d8b75:o0,a32d8b75:o0:d24:aug8:geom=rot90__color=id__order=canonical,rot90,18,1006,0
a32d8b75,a32d8b75:o0,a32d8b75:o0:d24:aug8:geom=transpose__color=id__order=canonical,transpose,0,1024,0
a32d8b75,a32d8b75:o1,a32d8b75:o1:d24:aug8:geom=anti_transpose__color=id__order=canonical,anti_transpose,62,962,0
a32d8b75,a32d8b75:o1,a32d8b75:o1:d24:aug8:geom=flip_lr__color=id__order=canonical,flip_lr,122,902,0
a32d8b75,a32d8b75:o1,a32d8b75:o1:d24:aug8:geom=flip_ud__color=id__order=canonical,flip_ud,0,1024,0
a32d8b75,a32d8b75:o1,a32d8b75:o1:d24:aug8:geom=identity__color=id__order=canonical,identity,115,909,0
a32d8b75,a32d8b75:o1,a32d8b75:o1:d24:aug8:geom=rot180__color=id__order=canonical,rot180,2,1022,0
a32d8b75,a32d8b75:o1,a32d8b75:o1:d24:aug8:geom=rot270__color=id__order=canonical,rot270,0,1024,0
a32d8b75,a32d8b75:o1,a32d8b75:o1:d24:aug8:geom=rot90__color=id__order=canonical,rot90,77,947,0
a32d8b75,a32d8b75:o1,a32d8b75:o1:d24:aug8:geom=transpose__color=id__order=canonical,transpose,5,1019,0
aa4ec2a5,aa4ec2a5:o0,aa4ec2a5:o0:d24:aug8:geom=anti_transpose__color=id__order=canonical,anti_transpose,728,0,0
aa4ec2a5,aa4ec2a5:o0,aa4ec2a5:o0:d24:aug8:geom=flip_lr__color=id__order=canonical,flip_lr,727,0,0
aa4ec2a5,aa4ec2a5:o0,aa4ec2a5:o0:d24:aug8:geom=flip_ud__color=id__order=canonical,flip_ud,727,0,0
aa4ec2a5,aa4ec2a5:o0,aa4ec2a5:o0:d24:aug8:geom=identity__color=id__order=canonical,identity,64,960,0
aa4ec2a5,aa4ec2a5:o0,aa4ec2a5:o0:d24:aug8:geom=rot180__color=id__order=canonical,rot180,408,616,0
aa4ec2a5,aa4ec2a5:o0,aa4ec2a5:o0:d24:aug8:geom=rot270__color=id__order=canonical,rot270,418,606,0
aa4ec2a5,aa4ec2a5:o0,aa4ec2a5:o0:d24:aug8:geom=rot90__color=id__order=canonical,rot90,728,0,0
aa4ec2a5,aa4ec2a5:o0,aa4ec2a5:o0:d24:aug8:geom=transpose__color=id__order=canonical,transpose,114,910,0
0934a4d8,0934a4d8:o0,0934a4d8:o0:d24:aug8:geom=anti_transpose__color=id__order=canonical,anti_transpose,16,172,0
0934a4d8,0934a4d8:o0,0934a4d8:o0:d24:aug8:geom=flip_lr__color=id__order=canonical,flip_lr,0,1024,0
0934a4d8,0934a4d8:o0,0934a4d8:o0:d24:aug8:geom=flip_ud__color=id__order=canonical,flip_ud,0,271,0
0934a4d8,0934a4d8:o0,0934a4d8:o0:d24:aug8:geom=identity__color=id__order=canonical,identity,1,622,0
0934a4d8,0934a4d8:o0,0934a4d8:o0:d24:aug8:geom=rot180__color=id__order=canonical,rot180,26,457,0
0934a4d8,0934a4d8:o0,0934a4d8:o0:d24:aug8:geom=rot270__color=id__order=canonical,rot270,0,279,0
0934a4d8,0934a4d8:o0,0934a4d8:o0:d24:aug8:geom=rot90__color=id__order=canonical,rot90,0,412,0
0934a4d8,0934a4d8:o0,0934a4d8:o0:d24:aug8:geom=transpose__color=id__order=canonical,transpose,0,225,0
db0c5428,db0c5428:o0,db0c5428:o0:d24:aug8:geom=anti_transpose__color=id__order=canonical,anti_transpose,305,719,0
db0c5428,db0c5428:o0,db0c5428:o0:d24:aug8:geom=flip_lr__color=id__order=canonical,flip_lr,305,286,0
db0c5428,db0c5428:o0,db0c5428:o0:d24:aug8:geom=flip_ud__color=id__order=canonical,flip_ud,305,0,0
db0c5428,db0c5428:o0,db0c5428:o0:d24:aug8:geom=identity__color=id__order=canonical,identity,305,605,0
db0c5428,db0c5428:o0,db0c5428:o0:d24:aug8:geom=rot180__color=id__order=canonical,rot180,305,0,0
db0c5428,db0c5428:o0,db0c5428:o0:d24:aug8:geom=rot270__color=id__order=canonical,rot270,305,0,0
db0c5428,db0c5428:o0,db0c5428:o0:d24:aug8:geom=rot90__color=id__order=canonical,rot90,305,719,0
db0c5428,db0c5428:o0,db0c5428:o0:d24:aug8:geom=transpose__color=id__order=canonical,transpose,305,571,0
9bbf930d,9bbf930d:o0,9bbf930d:o0:d24:aug8:geom=anti_transpose__color=id__order=canonical,anti_transpose,13,1011,0
9bbf930d,9bbf930d:o0,9bbf930d:o0:d24:aug8:geom=flip_lr__color=id__order=canonical,flip_lr,9,1015,0
9bbf930d,9bbf930d:o0,9bbf930d:o0:d24:aug8:geom=flip_ud__color=id__order=canonical,flip_ud,35,989,0
9bbf930d,9bbf930d:o0,9bbf930d:o0:d24:aug8:geom=identity__color=id__order=canonical,identity,9,1015,0
9bbf930d,9bbf930d:o0,9bbf930d:o0:d24:aug8:geom=rot180__color=id__order=canonical,rot180,29,995,0
9bbf930d,9bbf930d:o0,9bbf930d:o0:d24:aug8:geom=rot270__color=id__order=canonical,rot270,238,786,0
9bbf930d,9bbf930d:o0,9bbf930d:o0:d24:aug8:geom=rot90__color=id__order=canonical,rot90,9,1015,0
9bbf930d,9bbf930d:o0,9bbf930d:o0:d24:aug8:geom=transpose__color=id__order=canonical,transpose,216,808,0
b6f77b65,b6f77b65:o0,b6f77b65:o0:d24:aug8:geom=anti_transpose__color=id__order=canonical,anti_transpose,45,979,0
b6f77b65,b6f77b65:o0,b6f77b65:o0:d24:aug8:geom=flip_lr__color=id__order=canonical,flip_lr,41,491,0
b6f77b65,b6f77b65:o0,b6f77b65:o0:d24:aug8:geom=flip_ud__color=id__order=canonical,flip_ud,155,869,0
b6f77b65,b6f77b65:o0,b6f77b65:o0:d24:aug8:geom=identity__color=id__order=canonical,identity,48,542,0
b6f77b65,b6f77b65:o0,b6f77b65:o0:d24:aug8:geom=rot180__color=id__order=canonical,rot180,8,1016,0
b6f77b65,b6f77b65:o0,b6f77b65:o0:d24:aug8:geom=rot270__color=id__order=canonical,rot270,155,869,0
b6f77b65,b6f77b65:o0,b6f77b65:o0:d24:aug8:geom=rot90__color=id__order=canonical,rot90,29,995,0
b6f77b65,b6f77b65:o0,b6f77b65:o0:d24:aug8:geom=transpose__color=id__order=canonical,transpose,30,994,0
b6f77b65,b6f77b65:o1,b6f77b65:o1:d24:aug8:geom=anti_transpose__color=id__order=canonical,anti_transpose,155,823,0
b6f77b65,b6f77b65:o1,b6f77b65:o1:d24:aug8:geom=flip_lr__color=id__order=canonical,flip_lr,33,400,0
b6f77b65,b6f77b65:o1,b6f77b65:o1:d24:aug8:geom=flip_ud__color=id__order=canonical,flip_ud,155,869,0
b6f77b65,b6f77b65:o1,b6f77b65:o1:d24:aug8:geom=identity__color=id__order=canonical,identity,28,572,0
b6f77b65,b6f77b65:o1,b6f77b65:o1:d24:aug8:geom=rot180__color=id__order=canonical,rot180,155,869,0
b6f77b65,b6f77b65:o1,b6f77b65:o1:d24:aug8:geom=rot270__color=id__order=canonical,rot270,155,869,0
b6f77b65,b6f77b65:o1,b6f77b65:o1:d24:aug8:geom=rot90__color=id__order=canonical,rot90,35,989,0
b6f77b65,b6f77b65:o1,b6f77b65:o1:d24:aug8:geom=transpose__color=id__order=canonical,transpose,28,996,0
b6f77b65,b6f77b65:o2,b6f77b65:o2:d24:aug8:geom=anti_transpose__color=id__order=canonical,anti_transpose,26,998,0
b6f77b65,b6f77b65:o2,b6f77b65:o2:d24:aug8:geom=flip_lr__color=id__order=canonical,flip_lr,72,768,0
b6f77b65,b6f77b65:o2,b6f77b65:o2:d24:aug8:geom=flip_ud__color=id__order=canonical,flip_ud,2,1022,0
b6f77b65,b6f77b65:o2,b6f77b65:o2:d24:aug8:geom=identity__color=id__order=canonical,identity,67,612,0
b6f77b65,b6f77b65:o2,b6f77b65:o2:d24:aug8:geom=rot180__color=id__order=canonical,rot180,2,1022,0
b6f77b65,b6f77b65:o2,b6f77b65:o2:d24:aug8:geom=rot270__color=id__order=canonical,rot270,26,998,0
b6f77b65,b6f77b65:o2,b6f77b65:o2:d24:aug8:geom=rot90__color=id__order=canonical,rot90,31,993,0
b6f77b65,b6f77b65:o2,b6f77b65:o2:d24:aug8:geom=transpose__color=id__order=canonical,transpose,30,994,0
31f7f899,31f7f899:o0,31f7f899:o0:d24:aug8:geom=anti_transpose__color=id__order=canonical,anti_transpose,305,719,0
31f7f899,31f7f899:o0,31f7f899:o0:d24:aug8:geom=flip_lr__color=id__order=canonical,flip_lr,305,719,0
31f7f899,31f7f899:o0,31f7f899:o0:d24:aug8:geom=flip_ud__color=id__order=canonical,flip_ud,305,719,0
31f7f899,31f7f899:o0,31f7f899:o0:d24:aug8:geom=identity__color=id__order=canonical,identity,305,719,0
31f7f899,31f7f899:o0,31f7f899:o0:d24:aug8:geom=rot180__color=id__order=canonical,rot180,305,719,0
31f7f899,31f7f899:o0,31f7f899:o0:d24:aug8:geom=rot270__color=id__order=canonical,rot270,305,719,0
31f7f899,31f7f899:o0,31f7f899:o0:d24:aug8:geom=rot90__color=id__order=canonical,rot90,305,719,0
31f7f899,31f7f899:o0,31f7f899:o0:d24:aug8:geom=transpose__color=id__order=canonical,transpose,305,719,0
8e5c0c38,8e5c0c38:o0,8e5c0c38:o0:d24:aug8:geom=anti_transpose__color=id__order=canonical,anti_transpose,177,847,0
8e5c0c38,8e5c0c38:o0,8e5c0c38:o0:d24:aug8:geom=flip_lr__color=id__order=canonical,flip_lr,121,903,0
8e5c0c38,8e5c0c38:o0,8e5c0c38:o0:d24:aug8:geom=flip_ud__color=id__order=canonical,flip_ud,505,519,0
8e5c0c38,8e5c0c38:o0,8e5c0c38:o0:d24:aug8:geom=identity__color=id__order=canonical,identity,387,637,0
8e5c0c38,8e5c0c38:o0,8e5c0c38:o0:d24:aug8:geom=rot180__color=id__order=canonical,rot180,36,988,0
8e5c0c38,8e5c0c38:o0,8e5c0c38:o0:d24:aug8:geom=rot270__color=id__order=canonical,rot270,104,920,0
8e5c0c38,8e5c0c38:o0,8e5c0c38:o0:d24:aug8:geom=rot90__color=id__order=canonical,rot90,166,858,0
8e5c0c38,8e5c0c38:o0,8e5c0c38:o0:d24:aug8:geom=transpose__color=id__order=canonical,transpose,42,982,0
8e5c0c38,8e5c0c38:o1,8e5c0c38:o1:d24:aug8:geom=anti_transpose__color=id__order=canonical,anti_transpose,505,519,0
8e5c0c38,8e5c0c38:o1,8e5c0c38:o1:d24:aug8:geom=flip_lr__color=id__order=canonical,flip_lr,93,931,0
8e5c0c38,8e5c0c38:o1,8e5c0c38:o1:d24:aug8:geom=flip_ud__color=id__order=canonical,flip_ud,107,917,0
8e5c0c38,8e5c0c38:o1,8e5c0c38:o1:d24:aug8:geom=identity__color=id__order=canonical,identity,112,912,0
8e5c0c38,8e5c0c38:o1,8e5c0c38:o1:d24:aug8:geom=rot180__color=id__order=canonical,rot180,98,926,0
8e5c0c38,8e5c0c38:o1,8e5c0c38:o1:d24:aug8:geom=rot270__color=id__order=canonical,rot270,384,640,0
8e5c0c38,8e5c0c38:o1,8e5c0c38:o1:d24:aug8:geom=rot90__color=id__order=canonical,rot90,505,519,0
8e5c0c38,8e5c0c38:o1,8e5c0c38:o1:d24:aug8:geom=transpose__color=id__order=canonical,transpose,373,651,0
898e7135,898e7135:o0,898e7135:o0:d24:aug8:geom=anti_transpose__color=id__order=canonical,anti_transpose,20,1004,0
898e7135,898e7135:o0,898e7135:o0:d24:aug8:geom=flip_lr__color=id__order=canonical,flip_lr,20,1004,0
898e7135,898e7135:o0,898e7135:o0:d24:aug8:geom=flip_ud__color=id__order=canonical,flip_ud,20,1004,0
898e7135,898e7135:o0,898e7135:o0:d24:aug8:geom=identity__color=id__order=canonical,identity,20,1004,0
898e7135,898e7135:o0,898e7135:o0:d24:aug8:geom=rot180__color=id__order=canonical,rot180,20,1004,0
898e7135,898e7135:o0,898e7135:o0:d24:aug8:geom=rot270__color=id__order=canonical,rot270,20,1004,0
898e7135,898e7135:o0,898e7135:o0:d24:aug8:geom=rot90__color=id__order=canonical,rot90,20,1004,0
898e7135,898e7135:o0,898e7135:o0:d24:aug8:geom=transpose__color=id__order=canonical,transpose,20,1004,0
d59b0160,d59b0160:o0,d59b0160:o0:d24:aug8:geom=anti_transpose__color=id__order=canonical,anti_transpose,2,1022,0
d59b0160,d59b0160:o0,d59b0160:o0:d24:aug8:geom=flip_lr__color=id__order=canonical,flip_lr,7,1017,0
d59b0160,d59b0160:o0,d59b0160:o0:d24:aug8:geom=flip_ud__color=id__order=canonical,flip_ud,3,1021,0
d59b0160,d59b0160:o0,d59b0160:o0:d24:aug8:geom=identity__color=id__order=canonical,identity,6,1018,0
d59b0160,d59b0160:o0,d59b0160:o0:d24:aug8:geom=rot180__color=id__order=canonical,rot180,7,1017,0
d59b0160,d59b0160:o0,d59b0160:o0:d24:aug8:geom=rot270__color=id__order=canonical,rot270,51,973,0
d59b0160,d59b0160:o0,d59b0160:o0:d24:aug8:geom=rot90__color=id__order=canonical,rot90,5,1019,0
d59b0160,d59b0160:o0,d59b0160:o0:d24:aug8:geom=transpose__color=id__order=canonical,transpose,5,1019,0
4c3d4a41,4c3d4a41:o0,4c3d4a41:o0:d24:aug8:geom=anti_transpose__color=id__order=canonical,anti_transpose,179,137,0
4c3d4a41,4c3d4a41:o0,4c3d4a41:o0:d24:aug8:geom=flip_lr__color=id__order=canonical,flip_lr,25,259,0
4c3d4a41,4c3d4a41:o0,4c3d4a41:o0:d24:aug8:geom=flip_ud__color=id__order=canonical,flip_ud,167,0,0
4c3d4a41,4c3d4a41:o0,4c3d4a41:o0:d24:aug8:geom=identity__color=id__order=canonical,identity,34,340,0
4c3d4a41,4c3d4a41:o0,4c3d4a41:o0:d24:aug8:geom=rot180__color=id__order=canonical,rot180,167,37,0
4c3d4a41,4c3d4a41:o0,4c3d4a41:o0:d24:aug8:geom=rot270__color=id__order=canonical,rot270,179,299,0
4c3d4a41,4c3d4a41:o0,4c3d4a41:o0:d24:aug8:geom=rot90__color=id__order=canonical,rot90,37,142,0
4c3d4a41,4c3d4a41:o0,4c3d4a41:o0:d24:aug8:geom=transpose__color=id__order=canonical,transpose,118,161,0
4c3d4a41,4c3d4a41:o1,4c3d4a41:o1:d24:aug8:geom=anti_transpose__color=id__order=canonical,anti_transpose,179,256,0
4c3d4a41,4c3d4a41:o1,4c3d4a41:o1:d24:aug8:geom=flip_lr__color=id__order=canonical,flip_lr,23,144,0
4c3d4a41,4c3d4a41:o1,4c3d4a41:o1:d24:aug8:geom=flip_ud__color=id__order=canonical,flip_ud,167,24,0
4c3d4a41,4c3d4a41:o1,4c3d4a41:o1:d24:aug8:geom=identity__color=id__order=canonical,identity,38,129,0
4c3d4a41,4c3d4a41:o1,4c3d4a41:o1:d24:aug8:geom=rot180__color=id__order=canonical,rot180,167,39,0
4c3d4a41,4c3d4a41:o1,4c3d4a41:o1:d24:aug8:geom=rot270__color=id__order=canonical,rot270,179,0,0
4c3d4a41,4c3d4a41:o1,4c3d4a41:o1:d24:aug8:geom=rot90__color=id__order=canonical,rot90,19,632,0
4c3d4a41,4c3d4a41:o1,4c3d4a41:o1:d24:aug8:geom=transpose__color=id__order=canonical,transpose,154,25,0
f931b4a8,f931b4a8:o0,f931b4a8:o0:d24:aug8:geom=anti_transpose__color=id__order=canonical,anti_transpose,1,1023,0
f931b4a8,f931b4a8:o0,f931b4a8:o0:d24:aug8:geom=flip_lr__color=id__order=canonical,flip_lr,0,740,0
f931b4a8,f931b4a8:o0,f931b4a8:o0:d24:aug8:geom=flip_ud__color=id__order=canonical,flip_ud,0,1024,0
f931b4a8,f931b4a8:o0,f931b4a8:o0:d24:aug8:geom=identity__color=id__order=canonical,identity,0,699,0
f931b4a8,f931b4a8:o0,f931b4a8:o0:d24:aug8:geom=rot180__color=id__order=canonical,rot180,1,724,0
f931b4a8,f931b4a8:o0,f931b4a8:o0:d24:aug8:geom=rot270__color=id__order=canonical,rot270,0,1024,0
f931b4a8,f931b4a8:o0,f931b4a8:o0:d24:aug8:geom=rot90__color=id__order=canonical,rot90,0,1024,0
f931b4a8,f931b4a8:o0,f931b4a8:o0:d24:aug8:geom=transpose__color=id__order=canonical,transpose,10,1014,0
f931b4a8,f931b4a8:o1,f931b4a8:o1:d24:aug8:geom=anti_transpose__color=id__order=canonical,anti_transpose,0,13,0
f931b4a8,f931b4a8:o1,f931b4a8:o1:d24:aug8:geom=flip_lr__color=id__order=canonical,flip_lr,2,70,0
f931b4a8,f931b4a8:o1,f931b4a8:o1:d24:aug8:geom=flip_ud__color=id__order=canonical,flip_ud,2,1022,0
f931b4a8,f931b4a8:o1,f931b4a8:o1:d24:aug8:geom=identity__color=id__order=canonical,identity,1,302,0
f931b4a8,f931b4a8:o1,f931b4a8:o1:d24:aug8:geom=rot180__color=id__order=canonical,rot180,1,799,0
f931b4a8,f931b4a8:o1,f931b4a8:o1:d24:aug8:geom=rot270__color=id__order=canonical,rot270,2,289,0
f931b4a8,f931b4a8:o1,f931b4a8:o1:d24:aug8:geom=rot90__color=id__order=canonical,rot90,1,102,0
f931b4a8,f931b4a8:o1,f931b4a8:o1:d24:aug8:geom=transpose__color=id__order=canonical,transpose,2,124,0
36a08778,36a08778:o0,36a08778:o0:d24:aug8:geom=anti_transpose__color=id__order=canonical,anti_transpose,88,250,0
36a08778,36a08778:o0,36a08778:o0:d24:aug8:geom=flip_lr__color=id__order=canonical,flip_lr,271,0,0
36a08778,36a08778:o0,36a08778:o0:d24:aug8:geom=flip_ud__color=id__order=canonical,flip_ud,271,753,0
36a08778,36a08778:o0,36a08778:o0:d24:aug8:geom=identity__color=id__order=canonical,identity,271,0,0
36a08778,36a08778:o0,36a08778:o0:d24:aug8:geom=rot180__color=id__order=canonical,rot180,271,753,0
36a08778,36a08778:o0,36a08778:o0:d24:aug8:geom=rot270__color=id__order=canonical,rot270,27,997,0
36a08778,36a08778:o0,36a08778:o0:d24:aug8:geom=rot90__color=id__order=canonical,rot90,271,277,0
36a08778,36a08778:o0,36a08778:o0:d24:aug8:geom=transpose__color=id__order=canonical,transpose,271,0,0
36a08778,36a08778:o1,36a08778:o1:d24:aug8:geom=anti_transpose__color=id__order=canonical,anti_transpose,341,683,0
36a08778,36a08778:o1,36a08778:o1:d24:aug8:geom=flip_lr__color=id__order=canonical,flip_lr,367,657,0
36a08778,36a08778:o1,36a08778:o1:d24:aug8:geom=flip_ud__color=id__order=canonical,flip_ud,8,1016,0
36a08778,36a08778:o1,36a08778:o1:d24:aug8:geom=identity__color=id__order=canonical,identity,499,525,0
36a08778,36a08778:o1,36a08778:o1:d24:aug8:geom=rot180__color=id__order=canonical,rot180,7,1017,0
36a08778,36a08778:o1,36a08778:o1:d24:aug8:geom=rot270__color=id__order=canonical,rot270,50,974,0
36a08778,36a08778:o1,36a08778:o1:d24:aug8:geom=rot90__color=id__order=canonical,rot90,912,112,0
36a08778,36a08778:o1,36a08778:o1:d24:aug8:geom=transpose__color=id__order=canonical,transpose,109,915,0
53fb4810,53fb4810:o0,53fb4810:o0:d24:aug8:geom=anti_transpose__color=id__order=canonical,anti_transpose,52,972,0
53fb4810,53fb4810:o0,53fb4810:o0:d24:aug8:geom=flip_lr__color=id__order=canonical,flip_lr,2,1022,0
53fb4810,53fb4810:o0,53fb4810:o0:d24:aug8:geom=flip_ud__color=id__order=canonical,flip_ud,14,460,0
53fb4810,53fb4810:o0,53fb4810:o0:d24:aug8:geom=identity__color=id__order=canonical,identity,113,911,0
53fb4810,53fb4810:o0,53fb4810:o0:d24:aug8:geom=rot180__color=id__order=canonical,rot180,2,472,0
53fb4810,53fb4810:o0,53fb4810:o0:d24:aug8:geom=rot270__color=id__order=canonical,rot270,364,206,0
53fb4810,53fb4810:o0,53fb4810:o0:d24:aug8:geom=rot90__color=id__order=canonical,rot90,467,557,0
53fb4810,53fb4810:o0,53fb4810:o0:d24:aug8:geom=transpose__color=id__order=canonical,transpose,467,557,0
332f06d7,332f06d7:o0,332f06d7:o0:d24:aug8:geom=anti_transpose__color=id__order=canonical,anti_transpose,267,757,0
332f06d7,332f06d7:o0,332f06d7:o0:d24:aug8:geom=flip_lr__color=id__order=canonical,flip_lr,33,991,0
332f06d7,332f06d7:o0,332f06d7:o0:d24:aug8:geom=flip_ud__color=id__order=canonical,flip_ud,319,705,0
332f06d7,332f06d7:o0,332f06d7:o0:d24:aug8:geom=identity__color=id__order=canonical,identity,25,999,0
332f06d7,332f06d7:o0,332f06d7:o0:d24:aug8:geom=rot180__color=id__order=canonical,rot180,419,605,0
332f06d7,332f06d7:o0,332f06d7:o0:d24:aug8:geom=rot270__color=id__order=canonical,rot270,99,925,0
332f06d7,332f06d7:o0,332f06d7:o0:d24:aug8:geom=rot90__color=id__order=canonical,rot90,253,771,0
332f06d7,332f06d7:o0,332f06d7:o0:d24:aug8:geom=transpose__color=id__order=canonical,transpose,85,939,0
7b0280bc,7b0280bc:o0,7b0280bc:o0:d24:aug8:geom=anti_transpose__color=id__order=canonical,anti_transpose,256,768,0
7b0280bc,7b0280bc:o0,7b0280bc:o0:d24:aug8:geom=flip_lr__color=id__order=canonical,flip_lr,929,95,0
7b0280bc,7b0280bc:o0,7b0280bc:o0:d24:aug8:geom=flip_ud__color=id__order=canonical,flip_ud,74,950,0
7b0280bc,7b0280bc:o0,7b0280bc:o0:d24:aug8:geom=identity__color=id__order=canonical,identity,671,353,0
7b0280bc,7b0280bc:o0,7b0280bc:o0:d24:aug8:geom=rot180__color=id__order=canonical,rot180,76,948,0
7b0280bc,7b0280bc:o0,7b0280bc:o0:d24:aug8:geom=rot270__color=id__order=canonical,rot270,224,800,0
7b0280bc,7b0280bc:o0,7b0280bc:o0:d24:aug8:geom=rot90__color=id__order=canonical,rot90,104,920,0
7b0280bc,7b0280bc:o0,7b0280bc:o0:d24:aug8:geom=transpose__color=id__order=canonical,transpose,64,960,0
247ef758,247ef758:o0,247ef758:o0:d24:aug8:geom=anti_transpose__color=id__order=canonical,anti_transpose,16,1008,0
247ef758,247ef758:o0,247ef758:o0:d24:aug8:geom=flip_lr__color=id__order=canonical,flip_lr,103,921,0
247ef758,247ef758:o0,247ef758:o0:d24:aug8:geom=flip_ud__color=id__order=canonical,flip_ud,1,1023,0
247ef758,247ef758:o0,247ef758:o0:d24:aug8:geom=identity__color=id__order=canonical,identity,84,940,0
247ef758,247ef758:o0,247ef758:o0:d24:aug8:geom=rot180__color=id__order=canonical,rot180,16,1008,0
247ef758,247ef758:o0,247ef758:o0:d24:aug8:geom=rot270__color=id__order=canonical,rot270,10,1014,0
247ef758,247ef758:o0,247ef758:o0:d24:aug8:geom=rot90__color=id__order=canonical,rot90,71,953,0
247ef758,247ef758:o0,247ef758:o0:d24:aug8:geom=transpose__color=id__order=canonical,transpose,4,1020,0
247ef758,247ef758:o1,247ef758:o1:d24:aug8:geom=anti_transpose__color=id__order=canonical,anti_transpose,14,1010,0
247ef758,247ef758:o1,247ef758:o1:d24:aug8:geom=flip_lr__color=id__order=canonical,flip_lr,17,1007,0
247ef758,247ef758:o1,247ef758:o1:d24:aug8:geom=flip_ud__color=id__order=canonical,flip_ud,35,989,0
247ef758,247ef758:o1,247ef758:o1:d24:aug8:geom=identity__color=id__order=canonical,identity,0,1024,0
247ef758,247ef758:o1,247ef758:o1:d24:aug8:geom=rot180__color=id__order=canonical,rot180,20,1004,0
247ef758,247ef758:o1,247ef758:o1:d24:aug8:geom=rot270__color=id__order=canonical,rot270,11,1013,0
247ef758,247ef758:o1,247ef758:o1:d24:aug8:geom=rot90__color=id__order=canonical,rot90,23,1001,0
247ef758,247ef758:o1,247ef758:o1:d24:aug8:geom=transpose__color=id__order=canonical,transpose,0,1024,0
16b78196,16b78196:o0,16b78196:o0:d24:aug8:geom=anti_transpose__color=id__order=canonical,anti_transpose,227,797,0
16b78196,16b78196:o0,16b78196:o0:d24:aug8:geom=flip_lr__color=id__order=canonical,flip_lr,52,972,0
16b78196,16b78196:o0,16b78196:o0:d24:aug8:geom=flip_ud__color=id__order=canonical,flip_ud,326,698,0
16b78196,16b78196:o0,16b78196:o0:d24:aug8:geom=identity__color=id__order=canonical,identity,35,989,0
16b78196,16b78196:o0,16b78196:o0:d24:aug8:geom=rot180__color=id__order=canonical,rot180,317,707,0
16b78196,16b78196:o0,16b78196:o0:d24:aug8:geom=rot270__color=id__order=canonical,rot270,149,875,0
16b78196,16b78196:o0,16b78196:o0:d24:aug8:geom=rot90__color=id__order=canonical,rot90,233,791,0
16b78196,16b78196:o0,16b78196:o0:d24:aug8:geom=transpose__color=id__order=canonical,transpose,125,899,0
edb79dae,edb79dae:o0,edb79dae:o0:d24:aug8:geom=anti_transpose__color=id__order=canonical,anti_transpose,46,978,0
edb79dae,edb79dae:o0,edb79dae:o0:d24:aug8:geom=flip_lr__color=id__order=canonical,flip_lr,46,978,0
edb79dae,edb79dae:o0,edb79dae:o0:d24:aug8:geom=flip_ud__color=id__order=canonical,flip_ud,60,964,0
edb79dae,edb79dae:o0,edb79dae:o0:d24:aug8:geom=identity__color=id__order=canonical,identity,58,966,0
edb79dae,edb79dae:o0,edb79dae:o0:d24:aug8:geom=rot180__color=id__order=canonical,rot180,46,978,0
edb79dae,edb79dae:o0,edb79dae:o0:d24:aug8:geom=rot270__color=id__order=canonical,rot270,184,840,0
edb79dae,edb79dae:o0,edb79dae:o0:d24:aug8:geom=rot90__color=id__order=canonical,rot90,46,978,0
edb79dae,edb79dae:o0,edb79dae:o0:d24:aug8:geom=transpose__color=id__order=canonical,transpose,69,955,0
4e34c42c,4e34c42c:o0,4e34c42c:o0:d24:aug8:geom=anti_transpose__color=id__order=canonical,anti_transpose,0,1024,0
4e34c42c,4e34c42c:o0,4e34c42c:o0:d24:aug8:geom=flip_lr__color=id__order=canonical,flip_lr,0,1024,0
4e34c42c,4e34c42c:o0,4e34c42c:o0:d24:aug8:geom=flip_ud__color=id__order=canonical,flip_ud,1,1023,0
4e34c42c,4e34c42c:o0,4e34c42c:o0:d24:aug8:geom=identity__color=id__order=canonical,identity,0,1024,0
4e34c42c,4e34c42c:o0,4e34c42c:o0:d24:aug8:geom=rot180__color=id__order=canonical,rot180,13,1011,0
4e34c42c,4e34c42c:o0,4e34c42c:o0:d24:aug8:geom=rot270__color=id__order=canonical,rot270,8,1016,0
4e34c42c,4e34c42c:o0,4e34c42c:o0:d24:aug8:geom=rot90__color=id__order=canonical,rot90,0,1024,0
4e34c42c,4e34c42c:o0,4e34c42c:o0:d24:aug8:geom=transpose__color=id__order=canonical,transpose,1,1023,0
4e34c42c,4e34c42c:o1,4e34c42c:o1:d24:aug8:geom=anti_transpose__color=id__order=canonical,anti_transpose,1,1023,0
4e34c42c,4e34c42c:o1,4e34c42c:o1:d24:aug8:geom=flip_lr__color=id__order=canonical,flip_lr,0,1024,0
4e34c42c,4e34c42c:o1,4e34c42c:o1:d24:aug8:geom=flip_ud__color=id__order=canonical,flip_ud,2,1022,0
4e34c42c,4e34c42c:o1,4e34c42c:o1:d24:aug8:geom=identity__color=id__order=canonical,identity,0,1024,0
4e34c42c,4e34c42c:o1,4e34c42c:o1:d24:aug8:geom=rot180__color=id__order=canonical,rot180,0,1024,0
4e34c42c,4e34c42c:o1,4e34c42c:o1:d24:aug8:geom=rot270__color=id__order=canonical,rot270,0,1024,0
4e34c42c,4e34c42c:o1,4e34c42c:o1:d24:aug8:geom=rot90__color=id__order=canonical,rot90,0,1024,0
4e34c42c,4e34c42c:o1,4e34c42c:o1:d24:aug8:geom=transpose__color=id__order=canonical,transpose,0,1024,0
62593bfd,62593bfd:o0,62593bfd:o0:d24:aug8:geom=anti_transpose__color=id__order=canonical,anti_transpose,26,998,0
62593bfd,62593bfd:o0,62593bfd:o0:d24:aug8:geom=flip_lr__color=id__order=canonical,flip_lr,5,1019,0
62593bfd,62593bfd:o0,62593bfd:o0:d24:aug8:geom=flip_ud__color=id__order=canonical,flip_ud,3,1021,0
62593bfd,62593bfd:o0,62593bfd:o0:d24:aug8:geom=identity__color=id__order=canonical,identity,4,1020,0
62593bfd,62593bfd:o0,62593bfd:o0:d24:aug8:geom=rot180__color=id__order=canonical,rot180,11,1013,0
62593bfd,62593bfd:o0,62593bfd:o0:d24:aug8:geom=rot270__color=id__order=canonical,rot270,313,711,0
62593bfd,62593bfd:o0,62593bfd:o0:d24:aug8:geom=rot90__color=id__order=canonical,rot90,416,608,0
62593bfd,62593bfd:o0,62593bfd:o0:d24:aug8:geom=transpose__color=id__order=canonical,transpose,80,944,0
62593bfd,62593bfd:o1,62593bfd:o1:d24:aug8:geom=anti_transpose__color=id__order=canonical,anti_transpose,61,963,0
62593bfd,62593bfd:o1,62593bfd:o1:d24:aug8:geom=flip_lr__color=id__order=canonical,flip_lr,4,1020,0
62593bfd,62593bfd:o1,62593bfd:o1:d24:aug8:geom=flip_ud__color=id__order=canonical,flip_ud,6,1018,0
62593bfd,62593bfd:o1,62593bfd:o1:d24:aug8:geom=identity__color=id__order=canonical,identity,6,1018,0
62593bfd,62593bfd:o1,62593bfd:o1:d24:aug8:geom=rot180__color=id__order=canonical,rot180,21,1003,0
62593bfd,62593bfd:o1,62593bfd:o1:d24:aug8:geom=rot270__color=id__order=canonical,rot270,82,942,0
62593bfd,62593bfd:o1,62593bfd:o1:d24:aug8:geom=rot90__color=id__order=canonical,rot90,61,963,0
62593bfd,62593bfd:o1,62593bfd:o1:d24:aug8:geom=transpose__color=id__order=canonical,transpose,81,943,0
64efde09,64efde09:o0,64efde09:o0:d24:aug8:geom=anti_transpose__color=id__order=canonical,anti_transpose,3,1021,0
64efde09,64efde09:o0,64efde09:o0:d24:aug8:geom=flip_lr__color=id__order=canonical,flip_lr,5,1019,0
64efde09,64efde09:o0,64efde09:o0:d24:aug8:geom=flip_ud__color=id__order=canonical,flip_ud,19,1005,0
64efde09,64efde09:o0,64efde09:o0:d24:aug8:geom=identity__color=id__order=canonical,identity,139,885,0
64efde09,64efde09:o0,64efde09:o0:d24:aug8:geom=rot180__color=id__order=canonical,rot180,5,1019,0
64efde09,64efde09:o0,64efde09:o0:d24:aug8:geom=rot270__color=id__order=canonical,rot270,1,1023,0
64efde09,64efde09:o0,64efde09:o0:d24:aug8:geom=rot90__color=id__order=canonical,rot90,12,1012,0
64efde09,64efde09:o0,64efde09:o0:d24:aug8:geom=transpose__color=id__order=canonical,transpose,4,1020,0
1818057f,1818057f:o0,1818057f:o0:d24:aug8:geom=anti_transpose__color=id__order=canonical,anti_transpose,308,418,0
1818057f,1818057f:o0,1818057f:o0:d24:aug8:geom=flip_lr__color=id__order=canonical,flip_lr,505,95,0
1818057f,1818057f:o0,1818057f:o0:d24:aug8:geom=flip_ud__color=id__order=canonical,flip_ud,505,309,0
1818057f,1818057f:o0,1818057f:o0:d24:aug8:geom=identity__color=id__order=canonical,identity,505,0,0
1818057f,1818057f:o0,1818057f:o0:d24:aug8:geom=rot180__color=id__order=canonical,rot180,505,0,0
1818057f,1818057f:o0,1818057f:o0:d24:aug8:geom=rot270__color=id__order=canonical,rot270,505,468,0
1818057f,1818057f:o0,1818057f:o0:d24:aug8:geom=rot90__color=id__order=canonical,rot90,505,519,0
1818057f,1818057f:o0,1818057f:o0:d24:aug8:geom=transpose__color=id__order=canonical,transpose,505,519,0
dd6b8c4b,dd6b8c4b:o0,dd6b8c4b:o0:d24:aug8:geom=anti_transpose__color=id__order=canonical,anti_transpose,3,1021,0
dd6b8c4b,dd6b8c4b:o0,dd6b8c4b:o0:d24:aug8:geom=flip_lr__color=id__order=canonical,flip_lr,2,1022,0
dd6b8c4b,dd6b8c4b:o0,dd6b8c4b:o0:d24:aug8:geom=flip_ud__color=id__order=canonical,flip_ud,46,978,0
dd6b8c4b,dd6b8c4b:o0,dd6b8c4b:o0:d24:aug8:geom=identity__color=id__order=canonical,identity,2,1022,0
dd6b8c4b,dd6b8c4b:o0,dd6b8c4b:o0:d24:aug8:geom=rot180__color=id__order=canonical,rot180,36,600,0
dd6b8c4b,dd6b8c4b:o0,dd6b8c4b:o0:d24:aug8:geom=rot270__color=id__order=canonical,rot270,34,990,0
dd6b8c4b,dd6b8c4b:o0,dd6b8c4b:o0:d24:aug8:geom=rot90__color=id__order=canonical,rot90,3,1021,0
dd6b8c4b,dd6b8c4b:o0,dd6b8c4b:o0:d24:aug8:geom=transpose__color=id__order=canonical,transpose,24,1000,0
dd6b8c4b,dd6b8c4b:o1,dd6b8c4b:o1:d24:aug8:geom=anti_transpose__color=id__order=canonical,anti_transpose,0,1024,0
dd6b8c4b,dd6b8c4b:o1,dd6b8c4b:o1:d24:aug8:geom=flip_lr__color=id__order=canonical,flip_lr,4,1020,0
dd6b8c4b,dd6b8c4b:o1,dd6b8c4b:o1:d24:aug8:geom=flip_ud__color=id__order=canonical,flip_ud,1,1023,0
dd6b8c4b,dd6b8c4b:o1,dd6b8c4b:o1:d24:aug8:geom=identity__color=id__order=canonical,identity,4,1020,0
dd6b8c4b,dd6b8c4b:o1,dd6b8c4b:o1:d24:aug8:geom=rot180__color=id__order=canonical,rot180,4,759,0
dd6b8c4b,dd6b8c4b:o1,dd6b8c4b:o1:d24:aug8:geom=rot270__color=id__order=canonical,rot270,0,1024,0
dd6b8c4b,dd6b8c4b:o1,dd6b8c4b:o1:d24:aug8:geom=rot90__color=id__order=canonical,rot90,48,976,0
dd6b8c4b,dd6b8c4b:o1,dd6b8c4b:o1:d24:aug8:geom=transpose__color=id__order=canonical,transpose,10,1014,0
7ed72f31,7ed72f31:o0,7ed72f31:o0:d24:aug8:geom=anti_transpose__color=id__order=canonical,anti_transpose,341,683,0
7ed72f31,7ed72f31:o0,7ed72f31:o0:d24:aug8:geom=flip_lr__color=id__order=canonical,flip_lr,89,935,0
7ed72f31,7ed72f31:o0,7ed72f31:o0:d24:aug8:geom=flip_ud__color=id__order=canonical,flip_ud,199,825,0
7ed72f31,7ed72f31:o0,7ed72f31:o0:d24:aug8:geom=identity__color=id__order=canonical,identity,80,944,0
7ed72f31,7ed72f31:o0,7ed72f31:o0:d24:aug8:geom=rot180__color=id__order=canonical,rot180,341,386,0
7ed72f31,7ed72f31:o0,7ed72f31:o0:d24:aug8:geom=rot270__color=id__order=canonical,rot270,163,861,0
7ed72f31,7ed72f31:o0,7ed72f31:o0:d24:aug8:geom=rot90__color=id__order=canonical,rot90,215,809,0
7ed72f31,7ed72f31:o0,7ed72f31:o0:d24:aug8:geom=transpose__color=id__order=canonical,transpose,341,683,0
7ed72f31,7ed72f31:o1,7ed72f31:o1:d24:aug8:geom=anti_transpose__color=id__order=canonical,anti_transpose,34,990,0
7ed72f31,7ed72f31:o1,7ed72f31:o1:d24:aug8:geom=flip_lr__color=id__order=canonical,flip_lr,64,960,0
7ed72f31,7ed72f31:o1,7ed72f31:o1:d24:aug8:geom=flip_ud__color=id__order=canonical,flip_ud,14,1010,0
7ed72f31,7ed72f31:o1,7ed72f31:o1:d24:aug8:geom=identity__color=id__order=canonical,identity,274,750,0
7ed72f31,7ed72f31:o1,7ed72f31:o1:d24:aug8:geom=rot180__color=id__order=canonical,rot180,118,906,0
7ed72f31,7ed72f31:o1,7ed72f31:o1:d24:aug8:geom=rot270__color=id__order=canonical,rot270,406,618,0
7ed72f31,7ed72f31:o1,7ed72f31:o1:d24:aug8:geom=rot90__color=id__order=canonical,rot90,51,973,0
7ed72f31,7ed72f31:o1,7ed72f31:o1:d24:aug8:geom=transpose__color=id__order=canonical,transpose,475,549,0
c7f57c3e,c7f57c3e:o0,c7f57c3e:o0:d24:aug8:geom=anti_transpose__color=id__order=canonical,anti_transpose,811,213,0
c7f57c3e,c7f57c3e:o0,c7f57c3e:o0:d24:aug8:geom=flip_lr__color=id__order=canonical,flip_lr,82,942,0
c7f57c3e,c7f57c3e:o0,c7f57c3e:o0:d24:aug8:geom=flip_ud__color=id__order=canonical,flip_ud,63,961,0
c7f57c3e,c7f57c3e:o0,c7f57c3e:o0:d24:aug8:geom=identity__color=id__order=canonical,identity,31,993,0
c7f57c3e,c7f57c3e:o0,c7f57c3e:o0:d24:aug8:geom=rot180__color=id__order=canonical,rot180,75,949,0
c7f57c3e,c7f57c3e:o0,c7f57c3e:o0:d24:aug8:geom=rot270__color=id__order=canonical,rot270,147,877,0
c7f57c3e,c7f57c3e:o0,c7f57c3e:o0:d24:aug8:geom=rot90__color=id__order=canonical,rot90,469,555,0
c7f57c3e,c7f57c3e:o0,c7f57c3e:o0:d24:aug8:geom=transpose__color=id__order=canonical,transpose,59,965,0
e376de54,e376de54:o0,e376de54:o0:d24:aug8:geom=anti_transpose__color=id__order=canonical,anti_transpose,21,1003,0
e376de54,e376de54:o0,e376de54:o0:d24:aug8:geom=flip_lr__color=id__order=canonical,flip_lr,140,131,0
e376de54,e376de54:o0,e376de54:o0:d24:aug8:geom=flip_ud__color=id__order=canonical,flip_ud,10,1014,0
e376de54,e376de54:o0,e376de54:o0:d24:aug8:geom=identity__color=id__order=canonical,identity,147,620,0
e376de54,e376de54:o0,e376de54:o0:d24:aug8:geom=rot180__color=id__order=canonical,rot180,5,1019,0
e376de54,e376de54:o0,e376de54:o0:d24:aug8:geom=rot270__color=id__order=canonical,rot270,140,884,0
e376de54,e376de54:o0,e376de54:o0:d24:aug8:geom=rot90__color=id__order=canonical,rot90,28,996,0
e376de54,e376de54:o0,e376de54:o0:d24:aug8:geom=transpose__color=id__order=canonical,transpose,147,176,0
88bcf3b4,88bcf3b4:o0,88bcf3b4:o0:d24:aug8:geom=anti_transpose__color=id__order=canonical,anti_transpose,199,825,0
88bcf3b4,88bcf3b4:o0,88bcf3b4:o0:d24:aug8:geom=flip_lr__color=id__order=canonical,flip_lr,79,945,0
88bcf3b4,88bcf3b4:o0,88bcf3b4:o0:d24:aug8:geom=flip_ud__color=id__order=canonical,flip_ud,121,903,0
88bcf3b4,88bcf3b4:o0,88bcf3b4:o0:d24:aug8:geom=identity__color=id__order=canonical,identity,79,945,0
88bcf3b4,88bcf3b4:o0,88bcf3b4:o0:d24:aug8:geom=rot180__color=id__order=canonical,rot180,129,895,0
88bcf3b4,88bcf3b4:o0,88bcf3b4:o0:d24:aug8:geom=rot270__color=id__order=canonical,rot270,141,883,0
88bcf3b4,88bcf3b4:o0,88bcf3b4:o0:d24:aug8:geom=rot90__color=id__order=canonical,rot90,189,835,0
88bcf3b4,88bcf3b4:o0,88bcf3b4:o0:d24:aug8:geom=transpose__color=id__order=canonical,transpose,155,869,0
88bcf3b4,88bcf3b4:o1,88bcf3b4:o1:d24:aug8:geom=anti_transpose__color=id__order=canonical,anti_transpose,259,765,0
88bcf3b4,88bcf3b4:o1,88bcf3b4:o1:d24:aug8:geom=flip_lr__color=id__order=canonical,flip_lr,181,843,0
88bcf3b4,88bcf3b4:o1,88bcf3b4:o1:d24:aug8:geom=flip_ud__color=id__order=canonical,flip_ud,144,880,0
88bcf3b4,88bcf3b4:o1,88bcf3b4:o1:d24:aug8:geom=identity__color=id__order=canonical,identity,180,844,0
88bcf3b4,88bcf3b4:o1,88bcf3b4:o1:d24:aug8:geom=rot180__color=id__order=canonical,rot180,160,864,0
88bcf3b4,88bcf3b4:o1,88bcf3b4:o1:d24:aug8:geom=rot270__color=id__order=canonical,rot270,90,934,0
88bcf3b4,88bcf3b4:o1,88bcf3b4:o1:d24:aug8:geom=rot90__color=id__order=canonical,rot90,241,783,0
88bcf3b4,88bcf3b4:o1,88bcf3b4:o1:d24:aug8:geom=transpose__color=id__order=canonical,transpose,103,921,0
8b7bacbf,8b7bacbf:o0,8b7bacbf:o0:d24:aug8:geom=anti_transpose__color=id__order=canonical,anti_transpose,254,770,0
8b7bacbf,8b7bacbf:o0,8b7bacbf:o0:d24:aug8:geom=flip_lr__color=id__order=canonical,flip_lr,103,921,0
8b7bacbf,8b7bacbf:o0,8b7bacbf:o0:d24:aug8:geom=flip_ud__color=id__order=canonical,flip_ud,109,915,0
8b7bacbf,8b7bacbf:o0,8b7bacbf:o0:d24:aug8:geom=identity__color=id__order=canonical,identity,332,692,0
8b7bacbf,8b7bacbf:o0,8b7bacbf:o0:d24:aug8:geom=rot180__color=id__order=canonical,rot180,104,920,0
8b7bacbf,8b7bacbf:o0,8b7bacbf:o0:d24:aug8:geom=rot270__color=id__order=canonical,rot270,129,895,0
8b7bacbf,8b7bacbf:o0,8b7bacbf:o0:d24:aug8:geom=rot90__color=id__order=canonical,rot90,270,754,0
8b7bacbf,8b7bacbf:o0,8b7bacbf:o0:d24:aug8:geom=transpose__color=id__order=canonical,transpose,135,889,0
8b7bacbf,8b7bacbf:o1,8b7bacbf:o1:d24:aug8:geom=anti_transpose__color=id__order=canonical,anti_transpose,42,982,0
8b7bacbf,8b7bacbf:o1,8b7bacbf:o1:d24:aug8:geom=flip_lr__color=id__order=canonical,flip_lr,28,996,0
8b7bacbf,8b7bacbf:o1,8b7bacbf:o1:d24:aug8:geom=flip_ud__color=id__order=canonical,flip_ud,318,706,0
8b7bacbf,8b7bacbf:o1,8b7bacbf:o1:d24:aug8:geom=identity__color=id__order=canonical,identity,99,925,0
8b7bacbf,8b7bacbf:o1,8b7bacbf:o1:d24:aug8:geom=rot180__color=id__order=canonical,rot180,205,819,0
8b7bacbf,8b7bacbf:o1,8b7bacbf:o1:d24:aug8:geom=rot270__color=id__order=canonical,rot270,196,828,0
8b7bacbf,8b7bacbf:o1,8b7bacbf:o1:d24:aug8:geom=rot90__color=id__order=canonical,rot90,55,969,0
8b7bacbf,8b7bacbf:o1,8b7bacbf:o1:d24:aug8:geom=transpose__color=id__order=canonical,transpose,530,494,0
9385bd28,9385bd28:o0,9385bd28:o0:d24:aug8:geom=anti_transpose__color=id__order=canonical,anti_transpose,32,992,0
9385bd28,9385bd28:o0,9385bd28:o0:d24:aug8:geom=flip_lr__color=id__order=canonical,flip_lr,6,1018,0
9385bd28,9385bd28:o0,9385bd28:o0:d24:aug8:geom=flip_ud__color=id__order=canonical,flip_ud,18,1006,0
9385bd28,9385bd28:o0,9385bd28:o0:d24:aug8:geom=identity__color=id__order=canonical,identity,6,1018,0
9385bd28,9385bd28:o0,9385bd28:o0:d24:aug8:geom=rot180__color=id__order=canonical,rot180,19,1005,0
9385bd28,9385bd28:o0,9385bd28:o0:d24:aug8:geom=rot270__color=id__order=canonical,rot270,54,970,0
9385bd28,9385bd28:o0,9385bd28:o0:d24:aug8:geom=rot90__color=id__order=canonical,rot90,9,1015,0
9385bd28,9385bd28:o0,9385bd28:o0:d24:aug8:geom=transpose__color=id__order=canonical,transpose,44,980,0
9385bd28,9385bd28:o1,9385bd28:o1:d24:aug8:geom=anti_transpose__color=id__order=canonical,anti_transpose,30,994,0
9385bd28,9385bd28:o1,9385bd28:o1:d24:aug8:geom=flip_lr__color=id__order=canonical,flip_lr,36,988,0
9385bd28,9385bd28:o1,9385bd28:o1:d24:aug8:geom=flip_ud__color=id__order=canonical,flip_ud,88,936,0
9385bd28,9385bd28:o1,9385bd28:o1:d24:aug8:geom=identity__color=id__order=canonical,identity,108,916,0
9385bd28,9385bd28:o1,9385bd28:o1:d24:aug8:geom=rot180__color=id__order=canonical,rot180,42,982,0
9385bd28,9385bd28:o1,9385bd28:o1:d24:aug8:geom=rot270__color=id__order=canonical,rot270,24,1000,0
9385bd28,9385bd28:o1,9385bd28:o1:d24:aug8:geom=rot90__color=id__order=canonical,rot90,74,950,0
9385bd28,9385bd28:o1,9385bd28:o1:d24:aug8:geom=transpose__color=id__order=canonical,transpose,15,1009,0
2b83f449,2b83f449:o0,2b83f449:o0:d24:aug8:geom=anti_transpose__color=id__order=canonical,anti_transpose,8,1016,0
2b83f449,2b83f449:o0,2b83f449:o0:d24:aug8:geom=flip_lr__color=id__order=canonical,flip_lr,80,944,0
2b83f449,2b83f449:o0,2b83f449:o0:d24:aug8:geom=flip_ud__color=id__order=canonical,flip_ud,8,1016,0
2b83f449,2b83f449:o0,2b83f449:o0:d24:aug8:geom=identity__color=id__order=canonical,identity,0,1024,0
2b83f449,2b83f449:o0,2b83f449:o0:d24:aug8:geom=rot180__color=id__order=canonical,rot180,10,1014,0
2b83f449,2b83f449:o0,2b83f449:o0:d24:aug8:geom=rot270__color=id__order=canonical,rot270,16,1008,0
2b83f449,2b83f449:o0,2b83f449:o0:d24:aug8:geom=rot90__color=id__order=canonical,rot90,218,465,0
2b83f449,2b83f449:o0,2b83f449:o0:d24:aug8:geom=transpose__color=id__order=canonical,transpose,4,603,0
7491f3cf,7491f3cf:o0,7491f3cf:o0:d24:aug8:geom=anti_transpose__color=id__order=canonical,anti_transpose,12,1012,0
7491f3cf,7491f3cf:o0,7491f3cf:o0:d24:aug8:geom=flip_lr__color=id__order=canonical,flip_lr,30,731,0
7491f3cf,7491f3cf:o0,7491f3cf:o0:d24:aug8:geom=flip_ud__color=id__order=canonical,flip_ud,45,979,0
7491f3cf,7491f3cf:o0,7491f3cf:o0:d24:aug8:geom=identity__color=id__order=canonical,identity,45,979,0
7491f3cf,7491f3cf:o0,7491f3cf:o0:d24:aug8:geom=rot180__color=id__order=canonical,rot180,30,859,0
7491f3cf,7491f3cf:o0,7491f3cf:o0:d24:aug8:geom=rot270__color=id__order=canonical,rot270,180,844,0
7491f3cf,7491f3cf:o0,7491f3cf:o0:d24:aug8:geom=rot90__color=id__order=canonical,rot90,9,1015,0
7491f3cf,7491f3cf:o0,7491f3cf:o0:d24:aug8:geom=transpose__color=id__order=canonical,transpose,199,288,0
78332cb0,78332cb0:o0,78332cb0:o0:d24:aug8:geom=anti_transpose__color=id__order=canonical,anti_transpose,137,64,0
78332cb0,78332cb0:o0,78332cb0:o0:d24:aug8:geom=flip_lr__color=id__order=canonical,flip_lr,119,905,0
78332cb0,78332cb0:o0,78332cb0:o0:d24:aug8:geom=flip_ud__color=id__order=canonical,flip_ud,30,994,0
78332cb0,78332cb0:o0,78332cb0:o0:d24:aug8:geom=identity__color=id__order=canonical,identity,119,905,0
78332cb0,78332cb0:o0,78332cb0:o0:d24:aug8:geom=rot180__color=id__order=canonical,rot180,48,894,0
78332cb0,78332cb0:o0,78332cb0:o0:d24:aug8:geom=rot270__color=id__order=canonical,rot270,37,987,0
78332cb0,78332cb0:o0,78332cb0:o0:d24:aug8:geom=rot90__color=id__order=canonical,rot90,137,887,0
78332cb0,78332cb0:o0,78332cb0:o0:d24:aug8:geom=transpose__color=id__order=canonical,transpose,37,987,0
78332cb0,78332cb0:o1,78332cb0:o1:d24:aug8:geom=anti_transpose__color=id__order=canonical,anti_transpose,23,1001,0
78332cb0,78332cb0:o1,78332cb0:o1:d24:aug8:geom=flip_lr__color=id__order=canonical,flip_lr,73,951,0
78332cb0,78332cb0:o1,78332cb0:o1:d24:aug8:geom=flip_ud__color=id__order=canonical,flip_ud,137,887,0
78332cb0,78332cb0:o1,78332cb0:o1:d24:aug8:geom=identity__color=id__order=canonical,identity,137,602,0
78332cb0,78332cb0:o1,78332cb0:o1:d24:aug8:geom=rot180__color=id__order=canonical,rot180,137,376,0
78332cb0,78332cb0:o1,78332cb0:o1:d24:aug8:geom=rot270__color=id__order=canonical,rot270,23,1001,0
78332cb0,78332cb0:o1,78332cb0:o1:d24:aug8:geom=rot90__color=id__order=canonical,rot90,23,1001,0
78332cb0,78332cb0:o1,78332cb0:o1:d24:aug8:geom=transpose__color=id__order=canonical,transpose,23,1001,0
