cumulative_nll_at_prune,cumulative_regret_at_prune,depth,failure_taxonomy,first_prune_fraction,first_prune_position,first_prune_rank,gold_rank_gt_1_count,gold_rank_gt_2_count,max_single_gold_nll,max_single_regret,output_id,output_index,sequence_length,task_id,view,worst_1_nll_fraction,worst_3_nll_fraction,worst_5_nll_fraction
3.4987388002839452,1.0,12,MIXED,0.8666666666666667,25,2,3,0,1.382327914237976,0.5,0934a4d8:o0,0,30,0934a4d8,anti_transpose,0.3034615245166735,0.8044497464766664,0.9980021072655031
3.0491490364074707,3.0000001043081284,12,MIXED,0.027777777777777776,0,2,8,1,4.030910491943359,4.000000011175871,0934a4d8:o0,0,36,0934a4d8,flip_ud,0.22223110304495594,0.5595330219804625,0.7675108826752455
4.240490436553955,4.000000014901161,12,RANK_FAILURE,0.027777777777777776,0,3,7,3,4.240490436553955,4.000000014901161,0934a4d8:o0,0,36,0934a4d8,identity,0.25776240639687903,0.5787941660304271,0.8041082356185071
8.479104995727539,7.999999612569809,12,RANK_FAILURE,0.03333333333333333,0,5,3,1,8.479104995727539,7.999999612569809,0934a4d8:o0,0,30,0934a4d8,transpose,0.558895308720851,0.9126359330750056,0.965005636673358
3.0942718661135586,1.4999999701976776,24,MIXED,0.5666666666666667,16,2,4,0,3.0646514892578125,2.9999999329447746,0934a4d8:o0,0,30,0934a4d8,anti_transpose,0.3459140517419176,0.8650902309693493,0.9978348257780629
2.1292710304260254,2.0000000447034836,24,MIXED,0.027777777777777776,0,2,6,0,4.517401695251465,4.499999942258,0934a4d8:o0,0,36,0934a4d8,flip_ud,0.31327598611090335,0.55500215278653,0.7198256106578617
3.534691095352173,3.0,24,RANK_FAILURE,0.027777777777777776,0,4,9,4,4.0212626457214355,4.000000087544322,0934a4d8:o0,0,36,0934a4d8,identity,0.2023225528112337,0.5442964457274856,0.7307766623905869
7.0970377922058105,7.0000001192092896,24,RANK_FAILURE,0.03333333333333333,0,4,3,1,7.0970377922058105,7.0000001192092896,0934a4d8:o0,0,30,0934a4d8,transpose,0.434250029439897,0.8648021813032181,0.9473379230145915
2.754288131201065,2.5000000298023224,48,RANK_FAILURE,0.5333333333333333,15,3,4,3,2.7538750171661377,2.500000074505806,0934a4d8:o0,0,30,0934a4d8,anti_transpose,0.2653827509459064,0.7836072482178845,0.9979114663758142
2.0950779569711813,1.0,48,RANK_FAILURE,0.5833333333333334,20,4,5,2,3.5452094078063965,3.499999925494194,0934a4d8:o0,0,36,0934a4d8,flip_ud,0.2641515486390842,0.5493861312889522,0.7549515818188226
4.146778106689453,3.9999999403953552,48,RANK_FAILURE,0.027777777777777776,0,4,6,1,4.146778106689453,3.9999999403953552,0934a4d8:o0,0,36,0934a4d8,identity,0.28166214985356747,0.5853125521262802,0.7927884894495429
5.253644943237305,5.000000178813934,48,RANK_FAILURE,0.03333333333333333,0,5,3,2,5.516953468322754,5.49999980814755,0934a4d8:o0,0,30,0934a4d8,transpose,0.3883621337999629,0.8290998552225312,0.912376376517756
1.6321433782577515,0.0,12,RANK_FAILURE,0.001075268817204301,0,4,15,4,6.003704071044922,5.999999835854396,13e47133:o0,0,930,13e47133,anti_transpose,0.1548045040795611,0.37545198421846393,0.5141572652046731
2.205362950619019,1.5,12,RANK_FAILURE,0.008602150537634409,7,3,13,5,5.811800003051758,5.0000001192092896,13e47133:o0,0,930,13e47133,flip_ud,0.16404056490215738,0.4052492374899697,0.5923928107954738
4.877579466035911,4.499999877996743,12,MIXED,0.15053763440860216,139,2,17,3,8.000336647033691,7.999999579973519,13e47133:o0,0,930,13e47133,identity,0.1501802971444001,0.37859377562976615,0.5213846361106929
8.09243392820769,8.00000041446765,12,MIXED,0.12473118279569892,115,2,15,2,8.50058364868164,8.499999693711288,13e47133:o0,0,930,13e47133,transpose,0.1905503152884472,0.449341819193744,0.5914553663146138
4.985611915588379,4.4999998807907104,24,RANK_FAILURE,0.001075268817204301,0,5,11,5,9.500198364257812,9.499999542924343,13e47133:o0,0,930,13e47133,anti_transpose,0.18994672632630716,0.4409579288206353,0.6407458304886511
9.000653740850595,8.99999992159428,24,RANK_FAILURE,0.008602150537634409,7,3,10,4,9.504250526428223,9.499999986495823,13e47133:o0,0,930,13e47133,flip_ud,0.18330945982259692,0.4965874573573677,0.7090556250688147
10.006401731834671,9.999999656996806,24,RANK_FAILURE,0.15053763440860216,139,3,16,5,10.000170707702637,9.999999656996806,13e47133:o0,0,930,13e47133,identity,0.14890661470423458,0.4001855462887632,0.5864263167535111
5.521249441588438,5.499999985098839,24,MIXED,0.12473118279569892,115,2,12,3,12.502480506896973,12.50000033644028,13e47133:o0,0,930,13e47133,transpose,0.3015351317545705,0.5241494899373372,0.6829805864422134
10.000099182128906,10.000000124113285,48,MIXED,0.001075268817204301,0,2,10,4,14.000012397766113,14.000000238492248,13e47133:o0,0,930,13e47133,anti_transpose,0.20354357542044668,0.5234074373994199,0.6986850453512624
11.519111141561638,11.500000089930836,48,RANK_FAILURE,0.008602150537634409,7,4,12,4,11.500946044921875,11.500000089930836,13e47133:o0,0,930,13e47133,flip_ud,0.23509200242368325,0.5723786527882073,0.7774419200301539
3.869958391505783,3.4999998845160007,48,MIXED,0.15053763440860216,139,2,17,2,10.500027656555176,10.499999761970685,13e47133:o0,0,930,13e47133,identity,0.17886363698653654,0.4388505203736671,0.6012770858468427
7.511640244663852,7.499999914609361,48,MIXED,0.12473118279569892,115,2,12,3,11.011080741882324,10.99999986961484,13e47133:o0,0,930,13e47133,transpose,0.2685984349531715,0.5616633142862063,0.7296042911712227
5.569947703159357,5.499999765306711,12,MIXED,0.015037593984962405,5,2,3,0,5.508159637451172,5.499999765306711,142ca369:o1,1,399,142ca369,anti_transpose,0.45996198169917785,0.9620776091735397,0.9774647174988718
7.914707501838059,7.000000186264515,12,FEW_TOKEN_SPIKE,0.2525,100,2,2,0,7.001250743865967,7.000000186264515,142ca369:o1,1,400,142ca369,flip_ud,0.7902116108712846,0.9286084556282336,0.9582607632008673
8.427817445074524,7.999999821913661,12,FEW_TOKEN_SPIKE,0.2525,100,2,2,0,8.000347137451172,7.999999821913661,142ca369:o1,1,400,142ca369,identity,0.8677512295476225,0.9656103789390462,0.9845839788035976
7.5115055284877315,7.500000017695129,12,FEW_TOKEN_SPIKE,0.015037593984962405,5,2,2,0,7.501107692718506,7.500000017695129,142ca369:o1,1,399,142ca369,transpose,0.5504941156720885,0.9697725752116407,0.9838371570738986
7.037893241333215,6.999999907799065,24,RANK_FAILURE,0.015037593984962405,5,3,3,1,7.00338888168335,6.999999907799065,142ca369:o1,1,399,142ca369,anti_transpose,0.44253570172503875,0.9877846663003271,0.9944888472548978
5.464157108830264,4.999999885447323,24,FEW_TOKEN_SPIKE,0.2525,100,2,2,0,5.008217811584473,4.999999885447323,142ca369:o1,1,400,142ca369,flip_ud,0.7387025880526401,0.9625804197766984,0.9880123021902159
5.238559155198864,5.000000009313226,24,FEW_TOKEN_SPIKE,0.2525,100,2,2,0,5.006846904754639,5.000000009313226,142ca369:o1,1,400,142ca369,identity,0.7213912558704287,0.9851611510902539,0.9927238586373953
5.048217022711462,4.999999930150807,24,MIXED,0.015037593984962405,5,2,3,0,6.501581192016602,6.499999939580448,142ca369:o1,1,399,142ca369,transpose,0.41375866082380963,0.988531960403884,0.9947787962855059
9.00759735091333,9.000000224768883,48,RANK_FAILURE,0.015037593984962405,5,3,3,1,10.00005054473877,9.999999643667252,142ca369:o1,1,399,142ca369,anti_transpose,0.41166168714739687,0.9678993307756653,0.9977009519114564
12.50995561743018,12.500000238429038,48,FEW_TOKEN_SPIKE,0.2525,100,2,2,0,12.500004768371582,12.500000238429038,142ca369:o1,1,400,142ca369,flip_ud,0.7493729722436405,0.9988447350219979,0.999746382162636
12.502670287537136,12.500000000007276,48,FEW_TOKEN_SPIKE,0.2525,100,2,3,0,12.500003814697266,12.500000000007276,142ca369:o1,1,400,142ca369,identity,0.554644922237647,0.9995187452699723,0.9998168913452684
8.001542317239341,8.000000026484486,48,MIXED,0.015037593984962405,5,2,3,0,11.000020027160645,10.999999880994437,142ca369:o1,1,399,142ca369,transpose,0.4473877672124488,0.9764370031372224,0.9984167578409534
9.532083232396303,9.500000299245585,12,RANK_FAILURE,0.24516129032258063,227,3,6,3,9.500349044799805,9.500000299245585,16b78196:o0,0,930,16b78196,anti_transpose,0.39852720160327254,0.7208133235351764,0.8596070940523095
6.039834154444179,5.499999846331775,12,RANK_FAILURE,0.35161290322580646,326,3,5,3,10.500030517578125,10.500000358082616,16b78196:o0,0,930,16b78196,flip_ud,0.3832661830338403,0.7680169634706083,0.9431947837089845
9.507800985625181,9.499999902429408,12,MIXED,0.03870967741935484,35,2,5,2,9.500207901000977,9.499999902429408,16b78196:o0,0,930,16b78196,identity,0.35862952798391223,0.7559152804346518,0.9362137412571673
8.136796047084886,8.00000019534491,12,RANK_FAILURE,0.13548387096774195,125,3,6,3,8.001349449157715,8.00000019534491,16b78196:o0,0,930,16b78196,transpose,0.3134893883761703,0.7115559828711516,0.8159880073923752
5.58068638448411,5.500000127591193,24,MIXED,0.24516129032258063,227,2,4,1,5.509516716003418,5.500000127591193,16b78196:o0,0,930,16b78196,anti_transpose,0.4635588968027679,0.8212195876611051,0.9565253191165676
9.688035340201644,9.500000126543455,24,RANK_FAILURE,0.35161290322580646,326,4,5,3,9.501764297485352,9.500000126543455,16b78196:o0,0,930,16b78196,flip_ud,0.3181995492551565,0.6878361514171721,0.9812868003551578
14.000043511339165,13.99999952316557,24,RANK_FAILURE,0.03870967741935484,35,3,5,4,14.000001907348633,13.99999952316557,16b78196:o0,0,930,16b78196,identity,0.3818127617651245,0.8195990227530443,0.9917329340491344
8.79934878519552,8.500000419851858,24,RANK_FAILURE,0.13548387096774195,125,3,5,3,8.500602722167969,8.500000419851858,16b78196:o0,0,930,16b78196,transpose,0.5079640789324148,0.804790447273276,0.939952580091717
6.599336395484741,6.500000078580342,48,MIXED,0.24516129032258063,227,2,4,0,6.501931667327881,6.500000078580342,16b78196:o0,0,930,16b78196,anti_transpose,0.48443036404444345,0.7716544267003561,0.9624251732199212
4.036881870533392,3.500000052154064,48,MIXED,0.35161290322580646,326,2,5,1,10.000046730041504,10.00000035870471,16b78196:o0,0,930,16b78196,flip_ud,0.3980349836377177,0.7576978570264963,0.9714274050854519
17.000019907920624,16.999999642372188,48,RANK_FAILURE,0.03870967741935484,35,3,3,3,17.0,16.999999642372188,16b78196:o0,0,930,16b78196,identity,0.6719149881135209,0.977845351242393,0.9915286350841864
14.060688727885704,14.0000003576788,48,RANK_FAILURE,0.13548387096774195,125,5,3,2,14.00001049041748,14.0000003576788,16b78196:o0,0,930,16b78196,transpose,0.6662996691589544,0.9319413522178074,0.9768201700390332
4.662536891801942,2.999999962747097,12,MIXED,0.5285714285714286,110,2,8,4,4.981665134429932,4.499999940395355,16de56c4:o1,1,210,16de56c4,anti_transpose,0.19941935042503345,0.4873468927792235,0.7316076515842671
1.6577945889439434,0.5,12,MIXED,0.025252525252525252,4,2,10,2,6.508307933807373,6.500000153668225,16de56c4:o1,1,198,16de56c4,flip_ud,0.23188903134613573,0.4332311684690089,0.5759288939274794
2.9426406169914117,1.0,12,MIXED,0.050505050505050504,9,2,5,1,7.3141655921936035,7.000000089406967,16de56c4:o1,1,198,16de56c4,identity,0.3443049684962336,0.6106445180375198,0.734749038935978
3.1491813667724387,2.5,12,RANK_FAILURE,0.05238095238095238,10,4,4,2,3.653228521347046,3.4999999552965164,16de56c4:o1,1,210,16de56c4,transpose,0.2644109767748721,0.7128804884577475,0.8148254408343457
3.00462296249588,1.4999999850988388,24,MIXED,0.5285714285714286,110,2,7,3,5.132875442504883,5.000000208616257,16de56c4:o1,1,210,16de56c4,anti_transpose,0.22448347754950565,0.5686923836168921,0.8086137116351606
1.7077045890619047,1.0,24,MIXED,0.025252525252525252,4,2,10,2,7.501468181610107,7.50000000547152,16de56c4:o1,1,198,16de56c4,flip_ud,0.2665232960447942,0.5178110287262665,0.6533061367985493
4.874617933981995,4.000000035390258,24,MIXED,0.050505050505050504,9,2,5,1,8.813423156738281,8.499999612569809,16de56c4:o1,1,198,16de56c4,identity,0.3705487483071552,0.7084393623298846,0.8657922929895175
2.595174311901161,2.0,24,RANK_FAILURE,0.05238095238095238,10,4,6,1,4.511950492858887,4.500000047497451,16de56c4:o1,1,210,16de56c4,transpose,0.29630621380119976,0.6360947037245319,0.8620447861242024
2.9306853323168696,2.000000089406967,48,MIXED,0.35714285714285715,74,2,8,3,6.05095911026001,6.000000145286322,16de56c4:o1,1,210,16de56c4,anti_transpose,0.24531324821937234,0.5775180741583327,0.7502351617872819
6.127902597166212,5.999999977648258,48,RANK_FAILURE,0.025252525252525252,4,3,8,2,6.032177925109863,5.999999977648258,16de56c4:o1,1,198,16de56c4,flip_ud,0.22695073271241686,0.5669282009342133,0.8008934483555126
5.730052698417971,5.000000015832484,48,MIXED,0.050505050505050504,9,2,5,1,9.511124610900879,9.500000472180545,16de56c4:o1,1,198,16de56c4,identity,0.38472111348898874,0.7497754095460247,0.9517183313407584
7.781996084537909,7.000000076077413,48,MIXED,0.43333333333333335,90,2,2,0,7.000931262969971,7.000000076077413,16de56c4:o1,1,210,16de56c4,transpose,0.4787665944867136,0.9558032993670877,0.978287386619621
7.858425034205538,7.499999999767169,12,FEW_TOKEN_SPIKE,0.21666666666666667,12,2,3,0,6.501504421234131,6.499999940162525,20270e3b:o0,0,60,20270e3b,anti_transpose,0.7297022134888959,0.9697990716787299,0.9841095068275586
2.5789527893066406,2.4999999180436134,12,MIXED,0.01818181818181818,0,2,3,0,2.585123300552368,2.499999985098839,20270e3b:o0,0,55,20270e3b,flip_ud,0.31994221129508416,0.8016639606475837,0.8995249549589601
3.1979805125229177,3.000000026077032,12,FEW_TOKEN_SPIKE,0.3090909090909091,16,2,1,0,3.0486621856689453,3.000000026077032,20270e3b:o0,0,55,20270e3b,identity,0.7980961833783232,0.9557001072239008,0.9763701306138929
5.714956931134111,5.49999990221113,12,MIXED,0.1,5,2,3,0,5.504202365875244,5.49999990221113,20270e3b:o0,0,60,20270e3b,transpose,0.47463158509354003,0.9344492782204563,0.9635574548516939
1.6380121468464495,0.9999999701976776,24,FEW_TOKEN_SPIKE,0.08333333333333333,4,2,2,0,7.500554084777832,7.500000153435394,20270e3b:o0,0,60,20270e3b,anti_transpose,0.7792078497210155,0.9481858584482175,0.9939192366392665
2.5789809226989746,2.500000074505806,24,MIXED,0.01818181818181818,0,2,4,0,3.5362892150878906,3.5000001080334187,20270e3b:o0,0,55,20270e3b,flip_ud,0.3249404221412727,0.7573594683960938,0.8720607533726764
4.039375133485009,3.9999999552965164,24,FEW_TOKEN_SPIKE,0.3090909090909091,16,2,2,0,4.018159866333008,3.9999999552965164,20270e3b:o0,0,55,20270e3b,identity,0.8340563036421015,0.9943225444407042,0.9974756631026792
4.82762411848762,4.500000160187483,24,MIXED,0.1,5,2,3,0,4.511381149291992,4.500000160187483,20270e3b:o0,0,60,20270e3b,transpose,0.41952303694623516,0.9612178959841233,0.9932878101017141
10.903605992447382,10.499999943240255,48,FEW_TOKEN_SPIKE,0.21666666666666667,12,2,3,0,9.500075340270996,9.49999988363561,20270e3b:o0,0,60,20270e3b,anti_transpose,0.5541245066469084,0.9662992871848003,0.985451091319109
6.283907128497958,5.000000070780516,48,FEW_TOKEN_SPIKE,0.10909090909090909,5,2,2,0,5.008211612701416,5.000000070780516,20270e3b:o0,0,55,20270e3b,flip_ud,0.606724888874756,0.8087105147550364,0.9041082727069475
7.043324435668183,7.000000182830263,48,FEW_TOKEN_SPIKE,0.3090909090909091,16,2,1,0,7.000917911529541,7.000000182830263,20270e3b:o0,0,55,20270e3b,identity,0.9766907409484961,0.9876289211032679,0.9933324384214796
2.6668042071651143,2.5000001043081284,48,FEW_TOKEN_SPIKE,0.1,5,2,2,0,5.0067291259765625,5.000000041443855,20270e3b:o0,0,60,20270e3b,transpose,0.6143978645256003,0.9433325391253216,0.9660729594749529
6.011573802763422,6.00000010477379,12,MIXED,0.0641025641025641,14,2,3,0,6.003446578979492,6.00000010477379,247ef758:o1,1,234,247ef758,anti_transpose,0.3096648736662615,0.6760226062553297,0.7477288763476821
9.107262365763688,9.000000377418473,12,MIXED,0.15789473684210525,35,2,6,0,9.000199317932129,9.000000377418473,247ef758:o1,1,228,247ef758,flip_ud,0.38599173417748023,0.6480527963495851,0.7607789317477125
2.129399061203003,2.000000074505806,12,FEW_TOKEN_SPIKE,0.0043859649122807015,0,2,5,1,11.50676441192627,11.499999568331987,247ef758:o1,1,228,247ef758,identity,0.548681721860604,0.7313635344652831,0.824322972714765
3.1347008311058744,2.500000089406967,12,MIXED,0.09401709401709402,21,2,4,2,10.002755165100098,10.000000222120434,247ef758:o1,1,234,247ef758,transpose,0.4771168817204122,0.824349072511037,0.9105147518516807
13.000861100653879,13.00000011926295,24,RANK_FAILURE,0.0641025641025641,14,3,7,1,13.00001049041748,13.00000011926295,247ef758:o1,1,234,247ef758,anti_transpose,0.44779866057860784,0.7078500114384574,0.8267653418731413
14.501199699370659,14.500000000000455,24,MIXED,0.15789473684210525,35,2,7,0,14.500000953674316,14.500000000000455,247ef758:o1,1,228,247ef758,flip_ud,0.46912034173118106,0.7133265679518467,0.8518872108786372
2.5790529251098633,2.500000037252903,24,FEW_TOKEN_SPIKE,0.0043859649122807015,0,2,7,1,14.518152236938477,14.499999817460775,247ef758:o1,1,228,247ef758,identity,0.5108924231321552,0.7258623352892284,0.8764901236990146
4.51163387298584,4.4999998696148396,24,MIXED,0.004273504273504274,0,2,6,2,15.000336647033691,14.999999699153705,247ef758:o1,1,234,247ef758,transpose,0.49885532954099476,0.816393189950072,0.9437129154150773
10.001167549815356,10.000000247047865,48,RANK_FAILURE,0.0641025641025641,14,3,8,1,10.000131607055664,10.000000247047865,247ef758:o1,1,234,247ef758,anti_transpose,0.37751871708947865,0.7005103446586824,0.8144216817214119
12.003087568822586,12.00000023847133,48,MIXED,0.15789473684210525,35,2,6,0,12.00001049041748,12.00000023847133,247ef758:o1,1,228,247ef758,flip_ud,0.48151486845791774,0.7080382622024097,0.8222390656648677
3.529852867126465,3.500000048428774,48,FEW_TOKEN_SPIKE,0.0043859649122807015,0,2,5,1,12.504090309143066,12.499999557156116,247ef758:o1,1,228,247ef758,identity,0.5354106706694669,0.7969816764811407,0.9305685757098082
5.00767183303833,5.000000058673322,48,MIXED,0.004273504273504274,0,2,6,2,9.506855964660645,9.49999995296821,247ef758:o1,1,234,247ef758,transpose,0.2882463320716469,0.6826491517918163,0.9140574839637674
4.974306224793111,3.5000000968575478,12,FEW_TOKEN_SPIKE,0.638095238095238,267,2,1,0,3.5298938751220703,3.5000000968575478,332f06d7:o0,0,420,332f06d7,anti_transpose,0.7035523321503818,0.7932141411765672,0.8128363534816463
5.154733965952346,3.5000000558793545,12,FEW_TOKEN_SPIKE,0.7619047619047619,319,2,1,0,3.5299160480499268,3.5000000558793545,332f06d7:o0,0,420,332f06d7,flip_ud,0.6835616978501425,0.7472611421459016,0.7964355956145293
6.047966244541783,6.000000030733645,12,RANK_FAILURE,0.06190476190476191,25,3,1,1,6.009317398071289,6.000000030733645,332f06d7:o0,0,420,332f06d7,identity,0.9421836881585446,0.959773138995976,0.9673265372626073
6.320817637876161,5.9999998768325895,12,FEW_TOKEN_SPIKE,0.20476190476190476,85,2,1,0,6.003449440002441,5.9999998768325895,332f06d7:o0,0,420,332f06d7,transpose,0.9209081344093315,0.9425237072351601,0.953256759589768
5.264494784307416,4.000000147148967,24,FEW_TOKEN_SPIKE,0.638095238095238,267,2,1,0,4.018229007720947,4.000000147148967,332f06d7:o0,0,420,332f06d7,anti_transpose,0.7615380265081725,0.8243844487613883,0.8727608094654318
6.769413191710129,5.999999999767169,24,FEW_TOKEN_SPIKE,0.7619047619047619,319,2,1,0,6.002488613128662,5.999999999767169,332f06d7:o0,0,420,332f06d7,flip_ud,0.8865015888556069,0.9444833701762088,0.9633858178138277
8.014630264881475,8.00000002142042,24,RANK_FAILURE,0.06190476190476191,25,3,1,1,8.004423141479492,8.00000002142042,332f06d7:o0,0,420,332f06d7,identity,0.9254133674260513,0.9522349551611486,0.9591511314353852
9.15295688086563,8.999999664651114,24,FEW_TOKEN_SPIKE,0.20476190476190476,85,2,1,0,9.000210762023926,8.999999664651114,332f06d7:o0,0,420,332f06d7,transpose,0.961267869685977,0.9776066731027933,0.9814910394988599
10.028443739183693,9.999999524232408,48,FEW_TOKEN_SPIKE,0.638095238095238,267,2,1,0,10.000045776367188,9.999999524232408,332f06d7:o0,0,420,332f06d7,anti_transpose,0.9969010449313906,0.9982445501512877,0.9989043847788538
10.224779975175451,9.49999988370837,48,FEW_TOKEN_SPIKE,0.7619047619047619,319,2,2,0,9.500076293945312,9.49999988370837,332f06d7:o0,0,420,332f06d7,flip_ud,0.9291032682674117,0.9988937616233828,0.9993005798599842
12.500274626323787,12.499999880820724,48,FEW_TOKEN_SPIKE,0.06190476190476191,25,2,1,0,12.500007629394531,12.499999880820724,332f06d7:o0,0,420,332f06d7,identity,0.9964916479639023,0.9975812967681043,0.9983185306471332
13.012450374653646,13.000000000004093,48,FEW_TOKEN_SPIKE,0.20476190476190476,85,2,1,0,13.00000286102295,13.000000000004093,332f06d7:o0,0,420,332f06d7,transpose,0.9972953340209165,0.9983496474176663,0.9986582882426978
6.031222320562371,3.000000052154064,12,MIXED,0.5427350427350427,380,2,8,2,6.501504898071289,6.499999821884558,446ef5d2:o0,0,702,446ef5d2,anti_transpose,0.21380607286014555,0.41618336782514903,0.5513541240959663
4.511558387861143,4.500000124797225,12,MIXED,0.0811965811965812,56,2,8,1,4.511102676391602,4.500000124797225,446ef5d2:o0,0,702,446ef5d2,flip_ud,0.18417900207425056,0.5147158112310594,0.6710329117905222
6.502227262234541,6.499999869731255,12,MIXED,0.0811965811965812,56,2,8,1,6.5015363693237305,6.499999869731255,446ef5d2:o0,0,702,446ef5d2,identity,0.2868569832620294,0.5867309549181984,0.7075090445630456
7.00251524969093,7.000000068976078,12,MIXED,0.0811965811965812,56,2,4,0,7.0009236335754395,7.000000068976078,446ef5d2:o0,0,702,446ef5d2,transpose,0.3482186523122274,0.5483060410074097,0.6129557247056667
5.262767306293647,2.9999999664723873,24,MIXED,0.5427350427350427,380,2,11,1,7.500553131103516,7.499999914609361,446ef5d2:o0,0,702,446ef5d2,anti_transpose,0.24533964435656558,0.4605172501799371,0.5996596709458766
4.018473744060763,3.9999999459832907,24,MIXED,0.0811965811965812,56,2,7,1,7.505032539367676,7.499999929685146,446ef5d2:o0,0,702,446ef5d2,flip_ud,0.28819043552267415,0.634750259602958,0.8006572410103806
6.00261294536876,6.000000044936314,24,MIXED,0.0811965811965812,56,2,7,1,9.503186225891113,9.500000311993062,446ef5d2:o0,0,702,446ef5d2,identity,0.3036065502892069,0.7030832151432248,0.8130944548051254
7.501036993124579,7.500000157451723,24,MIXED,0.0811965811965812,56,2,4,0,7.500561237335205,7.500000157451723,446ef5d2:o0,0,702,446ef5d2,transpose,0.30991724662831105,0.8059526437710498,0.8541821923386537
3.325131105658926,2.000000074505806,48,MIXED,0.5427350427350427,380,2,9,1,9.000123023986816,8.999999530788045,446ef5d2:o0,0,702,446ef5d2,anti_transpose,0.2815860750455981,0.5332862422203558,0.6797696466036773
2.1270680427516453,2.000000014901161,48,MIXED,0.0811965811965812,56,2,6,0,8.500214576721191,8.49999966546602,446ef5d2:o0,0,702,446ef5d2,flip_ud,0.38520377438699704,0.7502468801236595,0.8910943251193184
11.000027179697263,11.000000119354809,48,MIXED,0.0811965811965812,56,2,7,1,11.000017166137695,11.000000119354809,446ef5d2:o0,0,702,446ef5d2,identity,0.2872269881765173,0.7050724293856854,0.840230343976621
8.000511523735504,7.9999999381252564,48,MIXED,0.0811965811965812,56,2,6,0,8.000338554382324,7.9999999381252564,446ef5d2:o0,0,702,446ef5d2,transpose,0.2738668659806155,0.7873882433743311,0.8774792421583173
9.02649232367935,9.000000127358362,12,FEW_TOKEN_SPIKE,0.12857142857142856,53,2,1,0,9.000127792358398,9.000000127358362,446ef5d2:o1,1,420,446ef5d2,anti_transpose,0.7224733613584109,0.8032730580661853,0.8450355019070093
5.452663342841966,2.0000000596046448,12,MIXED,0.5571428571428572,233,2,6,0,3.04874587059021,2.9999999180436134,446ef5d2:o1,1,420,446ef5d2,flip_ud,0.16163428998434565,0.3871930247970842,0.5084721564167202
4.511743412441405,4.499999763444066,12,MIXED,0.10714285714285714,44,2,5,0,4.51110315322876,4.499999763444066,446ef5d2:o1,1,420,446ef5d2,identity,0.379263377430749,0.6780046375544007,0.7946139859242313
6.504610105073219,6.499999837717041,12,MIXED,0.10714285714285714,44,2,5,1,6.5015153884887695,6.499999837717041,446ef5d2:o1,1,420,446ef5d2,transpose,0.4452060025344327,0.8200534807118983,0.9342371853274531
8.028804618592709,8.000000056665158,24,FEW_TOKEN_SPIKE,0.12857142857142856,53,2,1,0,8.000336647033691,8.000000056665158,446ef5d2:o1,1,420,446ef5d2,anti_transpose,0.7812914775969018,0.8581819550230725,0.8855591187137417
7.575508066633539,3.000000011175871,24,MIXED,0.5571428571428572,233,2,7,0,5.006734848022461,5.00000007962808,446ef5d2:o1,1,420,446ef5d2,flip_ud,0.16680921061963971,0.45097649505340603,0.6541173437631981
5.007188533627847,5.000000070314854,24,MIXED,0.10714285714285714,44,2,7,0,5.006733417510986,5.000000070314854,446ef5d2:o1,1,420,446ef5d2,identity,0.2852750004657001,0.6892500355208011,0.8610224583660495
7.001165144660398,7.000000179745257,24,MIXED,0.10714285714285714,44,2,3,1,7.507272243499756,7.500000042375177,446ef5d2:o1,1,420,446ef5d2,transpose,0.40473175885838825,0.921197956073528,0.9754562740730421
11.037204153596939,11.00000035776975,48,FEW_TOKEN_SPIKE,0.12857142857142856,53,2,1,0,11.000017166137695,11.00000035776975,446ef5d2:o1,1,420,446ef5d2,anti_transpose,0.8839275074652697,0.9471964594691131,0.9550073604170598
6.149702968827938,2.9999999664723873,48,MIXED,0.5571428571428572,233,2,6,0,6.002476692199707,5.999999851221219,446ef5d2:o1,1,420,446ef5d2,flip_ud,0.22215815532272284,0.4837066600450573,0.674602698154945
7.500568389874736,7.5000001532025635,48,MIXED,0.10714285714285714,44,2,5,0,7.500553607940674,7.5000001532025635,446ef5d2:o1,1,420,446ef5d2,identity,0.31835608945181987,0.7433699422481553,0.9834647359731831
5.5040942430232676,5.499999987427145,48,MIXED,0.10714285714285714,44,2,4,0,5.504082679748535,5.500000000931323,446ef5d2:o1,1,420,446ef5d2,transpose,0.365564381322698,0.8723926482143722,0.9911023236800741
1.8538621664047241,1.0,12,MIXED,0.007272727272727273,1,2,8,3,8.000720024108887,7.999999901745468,5dbc8537:o0,0,275,5dbc8537,anti_transpose,0.2969546040071147,0.577563659922018,0.7742377696839932
4.012741050628392,3.5000000596046448,12,RANK_FAILURE,0.10384615384615385,26,5,7,4,3.8139238357543945,3.5000000596046448,5dbc8537:o0,0,260,5dbc8537,flip_ud,0.1760106795890309,0.5039697564371023,0.6600509633339914
2.6367188412063953,0.5,12,MIXED,0.13076923076923078,33,2,11,3,4.607484817504883,4.4999998435378075,5dbc8537:o0,0,260,5dbc8537,identity,0.1844750481668284,0.4239015027479625,0.5590708410594032
6.17512369999902,2.499999836087227,12,MIXED,0.6545454545454545,179,2,3,0,2.2105486392974854,1.9999998956918716,5dbc8537:o0,0,275,5dbc8537,transpose,0.27826464364718356,0.5933640290259414,0.801133115997463
4.152089674025774,4.000000104308128,24,RANK_FAILURE,0.007272727272727273,1,3,9,4,10.500036239624023,10.499999762247171,5dbc8537:o0,0,275,5dbc8537,anti_transpose,0.2911915393293805,0.570165930226709,0.7499493825032519
8.82121163929041,8.500000089406967,24,RANK_FAILURE,0.10384615384615385,26,7,6,3,8.820372581481934,8.500000089406967,5dbc8537:o0,0,260,5dbc8537,flip_ud,0.39637733268760744,0.6138174151531465,0.788480925867403
2.8233635015753293,2.0000000596046448,24,RANK_FAILURE,0.11538461538461539,29,5,9,4,5.21982479095459,5.000000135973096,5dbc8537:o0,0,260,5dbc8537,identity,0.1947544837661749,0.5133250915792679,0.7172186697723346
3.536965803315944,2.500000089406967,24,MIXED,0.6545454545454545,179,2,3,1,3.023285388946533,2.0000000298023224,5dbc8537:o0,0,275,5dbc8537,transpose,0.45473554816036665,0.9414314877370161,0.981007508549523
5.575025825761259,5.500000149011612,48,RANK_FAILURE,0.007272727272727273,1,4,7,2,10.500151634216309,10.499999892301275,5dbc8537:o0,0,275,5dbc8537,anti_transpose,0.35126934379241737,0.7050186631444536,0.8247888646528312
10.008172964923652,10.000000384636223,48,RANK_FAILURE,0.10384615384615385,26,6,8,2,10.007926940917969,10.000000384636223,5dbc8537:o0,0,260,5dbc8537,flip_ud,0.3768905567280069,0.6118656791072095,0.7440620529543451
3.8569256458408674,2.9999999403953552,48,RANK_FAILURE,0.13076923076923078,33,3,7,3,5.0343098640441895,4.999999925494194,5dbc8537:o0,0,260,5dbc8537,identity,0.27015410584167404,0.5831311939666233,0.7724485698414724
2.9510294147676177,2.0,48,RANK_FAILURE,0.01090909090909091,2,4,2,1,2.9460487365722656,2.0,5dbc8537:o0,0,275,5dbc8537,transpose,0.433723480599058,0.7143058757630409,0.8443527646057768
6.1465104396490915,6.000000178813934,12,RANK_FAILURE,0.17261904761904762,28,5,6,3,6.142348289489746,6.000000178813934,5dbc8537:o1,1,168,5dbc8537,anti_transpose,0.31171665621540506,0.6145836771614716,0.7528747276416399
3.094078493987027,1.0000000596046448,12,RANK_FAILURE,0.2111111111111111,37,3,4,3,6.08881950378418,5.500000238418579,5dbc8537:o1,1,180,5dbc8537,flip_ud,0.3475461369330256,0.7527716128592141,0.8968451677526331
5.413201025615329,1.9999999403953552,12,RANK_FAILURE,0.5166666666666667,92,5,3,2,4.384817600250244,4.000000089406967,5dbc8537:o1,1,180,5dbc8537,identity,0.43008178066620767,0.7744432339291926,0.8903921967682017
2.6253489616583394,1.5000000298023224,12,MIXED,0.17857142857142858,29,2,5,2,2.197486639022827,1.5000000298023224,5dbc8537:o1,1,168,5dbc8537,transpose,0.15767295011343377,0.44539276369909375,0.6341728770859298
11.00579082955609,11.000000252388418,24,RANK_FAILURE,0.17261904761904762,28,8,8,4,11.00577449798584,11.000000252388418,5dbc8537:o1,1,168,5dbc8537,anti_transpose,0.341100586112924,0.6198592455978122,0.7641823933278923
8.151703496083776,6.999999979976565,24,MIXED,0.2111111111111111,37,2,4,2,6.504262924194336,6.49999992037192,5dbc8537:o1,1,180,5dbc8537,flip_ud,0.31664427664065903,0.8298674555348287,0.936977088190889
3.0641288002245517,0.5,24,MIXED,0.4166666666666667,74,2,3,1,2.3013782501220703,1.9999999701976776,5dbc8537:o1,1,180,5dbc8537,identity,0.31969498191586015,0.5796173160552391,0.8056681389511948
5.463629026862748,4.500000201165676,24,MIXED,0.17857142857142858,29,2,5,1,5.181185722351074,5.000000134110451,5dbc8537:o1,1,168,5dbc8537,transpose,0.31867484318376793,0.6599617685386888,0.7678717013801274
8.580918613273099,8.499999932944775,48,RANK_FAILURE,0.17261904761904762,28,4,6,5,8.580548286437988,8.499999932944775,5dbc8537:o1,1,168,5dbc8537,anti_transpose,0.3741874499313475,0.6333722932915545,0.8319660761699343
5.566322913971362,5.5000001937150955,48,RANK_FAILURE,0.016666666666666666,2,4,5,5,8.60174560546875,8.5,5dbc8537:o1,1,180,5dbc8537,flip_ud,0.28550894183842623,0.6970313417826567,0.9798909739758523
2.229254924375816,1.4999999403953552,48,MIXED,0.4111111111111111,73,2,5,4,5.2541584968566895,4.5000001192092896,5dbc8537:o1,1,180,5dbc8537,identity,0.32165698248919505,0.6759762467471948,0.943115635668646
4.63755272148866,4.499999817460775,48,RANK_FAILURE,0.17857142857142858,29,4,4,2,7.749147415161133,7.499999761581421,5dbc8537:o1,1,168,5dbc8537,transpose,0.4315714081914422,0.8099276600472137,0.9242009705833439
4.895308209263021,3.0,12,RANK_FAILURE,0.016091954022988506,13,5,3,2,7.530665874481201,7.500000108033419,64efde09:o0,0,870,64efde09,anti_transpose,0.41092244317144744,0.8226062517818722,0.8825318478444412
3.273078933859722,2.999999925494194,12,RANK_FAILURE,0.022988505747126436,19,3,3,3,4.158754348754883,4.0,64efde09:o0,0,870,64efde09,flip_ud,0.35516707730946145,0.9422876939279867,0.9768982377810653
3.8591017586106346,1.5000000596046448,12,MIXED,0.16091954022988506,139,2,3,0,4.0197553634643555,3.9999998547136784,64efde09:o0,0,870,64efde09,identity,0.3827190575929982,0.7672967685180285,0.8835773772452444
4.354602926745429,2.4999999180436134,12,MIXED,0.006896551724137931,5,2,5,0,6.00264835357666,6.000000052852556,64efde09:o0,0,870,64efde09,transpose,0.36191660112391777,0.730376367895778,0.9076276331076379
5.09282226965297,3.500000022351742,24,MIXED,0.006896551724137931,5,2,8,2,9.474183082580566,8.999999701976776,64efde09:o0,0,870,64efde09,anti_transpose,0.3123279783050484,0.675600900331688,0.8775934053910477
3.3404471841967904,2.5,24,RANK_FAILURE,0.022988505747126436,19,4,4,2,15.004081726074219,15.000000352971256,64efde09:o0,0,870,64efde09,flip_ud,0.6812660590976753,0.9099802662520092,0.9813517603516478
7.202194353793956,6.00000012293458,24,RANK_FAILURE,0.16091954022988506,139,4,3,1,6.501837730407715,6.4999997827690095,64efde09:o0,0,870,64efde09,identity,0.4308491713256935,0.875537101594573,0.9195883593983413
2.1790241255657747,0.5000000298023224,24,MIXED,0.005747126436781609,4,2,5,0,5.006746292114258,4.999999801628292,64efde09:o0,0,870,64efde09,transpose,0.43213645146671925,0.7388868367376641,0.8884877371139632
9.533232885207326,8.499999701976776,48,RANK_FAILURE,0.016091954022988506,13,5,7,2,11.474137306213379,11.000000208616257,64efde09:o0,0,870,64efde09,anti_transpose,0.3159441461382923,0.7130904207649733,0.9053366390198092
7.0949360856993735,7.000000029802322,48,RANK_FAILURE,0.022988505747126436,19,4,5,3,13.628266334533691,13.499999597668648,64efde09:o0,0,870,64efde09,flip_ud,0.42926956726759447,0.8986008902954445,0.9829823651674393
4.921169189966861,3.999999836087227,48,RANK_FAILURE,0.16091954022988506,139,3,3,1,7.5006303787231445,7.499999841209501,64efde09:o0,0,870,64efde09,identity,0.5128286267399328,0.9416645077377647,0.9829732987909177
4.533510604509274,3.499999977648258,48,MIXED,0.027586206896551724,23,2,4,0,4.511054039001465,4.500000165775418,64efde09:o0,0,870,64efde09,transpose,0.34436822508810694,0.8481560617965351,0.974003420595297
2.2439144253730774,1.0000000596046448,12,MIXED,0.027472527472527472,4,2,11,0,4.0187835693359375,3.9999997839331627,6ffbe589:o0,0,182,6ffbe589,anti_transpose,0.12363395886017511,0.26849598434514194,0.38674241154704875
3.8878974802792072,0.9999999701976776,12,MIXED,0.06043956043956044,10,2,13,0,2.5789945125579834,2.5,6ffbe589:o0,0,182,6ffbe589,flip_ud,0.08721506325999219,0.20242280026388074,0.3045504430202295
2.4366326928138733,0.5,12,MIXED,0.03296703296703297,5,2,15,0,4.018362045288086,4.000000100582838,6ffbe589:o0,0,182,6ffbe589,identity,0.10701556264939793,0.2576623709549229,0.36006944809418145
2.744474336504936,1.0,12,MIXED,0.027472527472527472,4,2,13,0,4.018254280090332,4.000000135973096,6ffbe589:o0,0,182,6ffbe589,transpose,0.11040643833783298,0.278543213898668,0.38571774226701777
2.1660058796405792,0.9999999701976776,24,MIXED,0.027472527472527472,4,2,13,0,4.018179893493652,3.9999998472630978,6ffbe589:o0,0,182,6ffbe589,anti_transpose,0.1001417216278094,0.3004240002698639,0.4524012693568573
3.7632827050983906,2.0000001192092896,24,MIXED,0.06043956043956044,10,2,8,0,3.529754161834717,3.5000000428408384,6ffbe589:o0,0,182,6ffbe589,flip_ud,0.14406585892452406,0.336226001219768,0.4751240757117352
4.122330170124769,2.000000089406967,24,MIXED,0.06043956043956044,10,2,9,0,4.517721652984619,4.499999890103936,6ffbe589:o0,0,182,6ffbe589,identity,0.13437212811652172,0.33003573684589765,0.4842640194177958
3.5725236870348454,2.999999985098839,24,MIXED,0.027472527472527472,4,2,13,0,4.511056423187256,4.499999837949872,6ffbe589:o0,0,182,6ffbe589,transpose,0.11643600946558721,0.2863967349547315,0.4437798430131086
2.564643206074834,2.000000089406967,48,MIXED,0.027472527472527472,4,2,15,0,10.000045776367188,10.000000239455403,6ffbe589:o0,0,182,6ffbe589,anti_transpose,0.20927560368053805,0.4605207452320712,0.5688430157170044
4.685794685967267,3.4999999068677425,48,MIXED,0.06043956043956044,10,2,11,0,7.000912189483643,7.000000058498699,6ffbe589:o0,0,182,6ffbe589,flip_ud,0.18451946529877378,0.4616199641446334,0.599500119811761
2.0938973375596106,0.9999999403953552,48,MIXED,0.03296703296703297,5,2,13,1,10.000600814819336,10.000000061292667,6ffbe589:o0,0,182,6ffbe589,identity,0.23455297024191193,0.45778224668279366,0.6010665484136196
4.64472349465359,4.4999997625127435,48,MIXED,0.027472527472527472,4,2,11,0,6.501514434814453,6.499999955296516,6ffbe589:o0,0,182,6ffbe589,transpose,0.14469602860566255,0.4119795902658308,0.5909347786699066
2.686769593506874,1.9999998956918716,12,MIXED,0.065,12,2,3,0,4.018710136413574,4.000000175088644,7491f3cf:o0,0,200,7491f3cf,anti_transpose,0.398919737144729,0.9182039421552923,0.9813963226142475
2.133867617917055,1.999999925494194,12,FEW_TOKEN_SPIKE,0.25274725274725274,45,2,4,1,6.580385208129883,6.499999858438969,7491f3cf:o0,0,182,7491f3cf,flip_ud,0.5568489369232793,0.8814022514706342,0.9664697440938151
2.6086957242191815,2.5000000074505806,12,MIXED,0.25274725274725274,45,2,4,1,3.5301032066345215,3.4999999217689037,7491f3cf:o0,0,182,7491f3cf,identity,0.3328943224724649,0.7544905953245988,0.9669559715007134
1.7537433502766433,1.4999999850988388,12,MIXED,0.77,153,2,2,0,1.740748405456543,1.4999999850988388,7491f3cf:o0,0,200,7491f3cf,transpose,0.39306886317091017,0.7222398125712708,0.9005581829936115
2.1402195289410884,1.9999999552965164,24,FEW_TOKEN_SPIKE,0.065,12,2,3,0,7.001015663146973,6.9999998009298,7491f3cf:o0,0,200,7491f3cf,anti_transpose,0.5188694526835889,0.9383472975057848,0.9918057354507495
3.5302725817717686,3.500000087544322,24,FEW_TOKEN_SPIKE,0.25274725274725274,45,2,2,0,6.002683639526367,5.999999908963218,7491f3cf:o0,0,182,7491f3cf,flip_ud,0.6028300028314061,0.9775665188674453,0.9953796438715433
2.1381254165739776,1.9999998956918716,24,FEW_TOKEN_SPIKE,0.25274725274725274,45,2,4,1,7.0033860206604,7.000000016996637,7491f3cf:o0,0,182,7491f3cf,identity,0.5235032873868671,0.9112421187181151,0.9986165585367107
3.2592596404052188,3.0000000670552254,24,FEW_TOKEN_SPIKE,0.785,156,2,1,0,3.0486152172088623,3.0000000670552254,7491f3cf:o0,0,200,7491f3cf,transpose,0.6479785359577248,0.8500576163518156,0.9936973378238654
6.002521514463297,5.999999992549419,48,MIXED,0.065,12,2,4,0,8.500213623046875,8.500000140396878,7491f3cf:o0,0,200,7491f3cf,anti_transpose,0.34956736717287323,0.9459838803695377,0.9986579922475193
3.5299600362267753,3.5000001154839993,48,FEW_TOKEN_SPIKE,0.25274725274725274,45,2,3,1,18.0,17.999999880790718,7491f3cf:o0,0,182,7491f3cf,flip_ud,0.7656517458058235,0.9660069726392673,0.9995052757605217
5.5049892663930535,5.4999998193234205,48,MIXED,0.25274725274725274,45,2,5,0,9.500077247619629,9.500000122185156,7491f3cf:o0,0,182,7491f3cf,identity,0.2992189510786262,0.7717275863783287,0.9987092710102967
4.018396376530156,4.000000001862645,48,MIXED,0.77,153,2,3,0,6.002475738525391,6.000000086612999,7491f3cf:o0,0,200,7491f3cf,transpose,0.4927272808854875,0.9971768571501921,0.9995757967504898
6.156202410950868,4.500000178813934,12,RANK_FAILURE,0.12043010752688173,111,4,3,2,4.915705680847168,4.500000178813934,898e7135:o0,0,930,898e7135,anti_transpose,0.4355455611893293,0.8562321336626907,0.9698554255607256
1.706292068168409,1.5,12,MIXED,0.02258064516129032,20,2,5,1,2.6300535202026367,2.500000014901161,898e7135:o0,0,930,898e7135,flip_ud,0.20704488800438112,0.5084841842520315,0.728458299382829
1.7210790473487236,1.5000000149011612,12,MIXED,0.02258064516129032,20,2,5,3,4.371219635009766,3.5000001192092896,898e7135:o0,0,930,898e7135,identity,0.3385152470726018,0.7509580232446378,0.9781305238928756
11.25348888326203,9.999999761581421,12,RANK_FAILURE,0.06989247311827956,64,8,4,1,11.207453727722168,9.999999761581421,898e7135:o0,0,930,898e7135,transpose,0.576206906291351,0.8267335166682294,0.9408808291065893
4.018327460993731,3.9999998938292265,24,MIXED,0.02258064516129032,20,2,5,3,5.321299076080322,5.000000089406967,898e7135:o0,0,930,898e7135,anti_transpose,0.23662459722758658,0.6173263706901363,0.9240293240037282
7.500578522517664,7.500000155298039,24,MIXED,0.02258064516129032,20,2,7,3,13.188146591186523,12.500000059604645,898e7135:o0,0,930,898e7135,flip_ud,0.31606063090051445,0.6486770848674259,0.870603418463932
6.501596804748253,6.499999820487574,24,MIXED,0.02258064516129032,20,2,5,3,6.501503944396973,6.499999820487574,898e7135:o0,0,930,898e7135,identity,0.2984229121199901,0.7577963661994672,0.9846644985453245
2.127146588965843,1.9999999701976776,24,MIXED,0.02258064516129032,20,2,9,3,16.763795852661133,16.499999940395355,898e7135:o0,0,930,898e7135,transpose,0.33487806912005763,0.6546645190911999,0.7864745194274605
5.511072478425589,5.4999997965060174,48,MIXED,0.02258064516129032,20,2,7,5,5.504090785980225,5.4999997965060174,898e7135:o0,0,930,898e7135,anti_transpose,0.23096366235794252,0.6059870527274237,0.7929236455586001
5.505051186583259,5.500000151339918,48,MIXED,0.02258064516129032,20,2,8,3,10.604451179504395,10.000000178813934,898e7135:o0,0,930,898e7135,flip_ud,0.3409211596531265,0.6480086879169941,0.7953788057354226
2.5841780307893245,2.500000111758709,48,MIXED,0.02258064516129032,20,2,4,1,8.46174144744873,8.000000357627869,898e7135:o0,0,930,898e7135,identity,0.446979493015277,0.7699882163975255,0.9069839480515167
8.113677717764446,6.9999998807907104,48,RANK_FAILURE,0.06989247311827956,64,7,9,5,7.81101655960083,7.500000225845724,898e7135:o0,0,930,898e7135,transpose,0.20125242718984246,0.5235631560742363,0.6922474222545189
4.095509851733368,2.0,12,RANK_FAILURE,0.11538461538461539,29,5,10,5,4.520681381225586,4.500000165775418,9385bd28:o0,0,260,9385bd28,anti_transpose,0.14564485336960212,0.4245154850673693,0.5972721125384602
2.128236021642806,0.4999999403953552,12,MIXED,0.02631578947368421,6,2,8,4,5.5351080894470215,5.4999999813735485,9385bd28:o0,0,266,9385bd28,flip_ud,0.2467510386292003,0.4779313101009889,0.6598135832850599
2.4782680607459042,1.0000000894069672,12,MIXED,0.02631578947368421,6,2,6,1,2.178584098815918,1.999999925494194,9385bd28:o0,0,266,9385bd28,identity,0.16608849168807274,0.45112853174879547,0.6082955900566366
5.930315501987359,3.999999765306711,12,MIXED,0.31153846153846154,80,2,6,2,5.054269790649414,4.999999959021807,9385bd28:o0,0,260,9385bd28,transpose,0.23653557147455773,0.5261099374771814,0.706929927417393
1.7735314114313354,0.0,24,MIXED,0.12692307692307692,32,2,11,3,8.1427583694458,8.000000074505806,9385bd28:o0,0,260,9385bd28,anti_transpose,0.24892650094758875,0.4666508093158333,0.6244050344719355
10.368916619150376,9.499999709427357,24,RANK_FAILURE,0.08270676691729323,21,6,5,2,9.037490844726562,8.999999739229679,9385bd28:o0,0,266,9385bd28,flip_ud,0.3916421556611795,0.7192100220286477,0.8466645064013879
2.2552058017076035,0.9999999701976776,24,MIXED,0.07518796992481203,19,2,8,1,7.500568866729736,7.500000042608008,9385bd28:o0,0,266,9385bd28,identity,0.3461266391876689,0.6605541449197535,0.824562680097941
5.572559871142509,5.500000026077032,24,RANK_FAILURE,0.17307692307692307,44,3,8,1,5.543061256408691,5.500000026077032,9385bd28:o0,0,260,9385bd28,transpose,0.1626016498941687,0.47094549978025185,0.7357632891605638
1.7141547138630528,1.4999999403953552,48,MIXED,0.04230769230769231,10,2,7,2,14.50055980682373,14.49999979918357,9385bd28:o0,0,260,9385bd28,anti_transpose,0.4078828370722267,0.7795137042330678,0.8850296350907068
2.1376310615589205,1.9999999403953552,48,MIXED,0.07142857142857142,18,2,8,3,9.004203796386719,9.000000145286322,9385bd28:o0,0,266,9385bd28,flip_ud,0.28352684462888034,0.7280918693386952,0.8763898288090727
6.99037490310284,6.4999999245628715,48,RANK_FAILURE,0.07518796992481203,19,4,6,2,6.506717681884766,6.4999999245628715,9385bd28:o0,0,266,9385bd28,identity,0.24398640383229409,0.6943222184679638,0.8815279422904025
12.530284200716494,12.500000120529876,48,RANK_FAILURE,0.17307692307692307,44,3,8,1,12.500051498413086,12.500000120529876,9385bd28:o0,0,260,9385bd28,transpose,0.39769627136722596,0.7482866705701415,0.8702822269352339
4.785572659882199,1.4999999701976776,12,MIXED,0.6590909090909091,144,2,2,0,1.313308596611023,0.9999999701976776,97d7923e:o0,0,220,97d7923e,anti_transpose,0.22904453310346737,0.48165475671615493,0.6470296709970486
3.15130243204419,1.9999999850988388,12,MIXED,0.13333333333333333,27,2,3,0,1.7015180587768555,1.4999999552965164,97d7923e:o0,0,210,97d7923e,flip_ud,0.3234313915301919,0.6404077592558388,0.8206964028088377
2.3342038347188776,0.5,12,MIXED,0.5904761904761905,123,2,3,0,1.7014442682266235,1.5000000447034836,97d7923e:o0,0,210,97d7923e,identity,0.3202224269758942,0.63401775589013,0.8124850449874829
1.9555135372912318,1.0000000298023224,12,MIXED,0.18181818181818182,39,2,4,0,2.1269445419311523,1.9999999105930328,97d7923e:o0,0,220,97d7923e,transpose,0.3090883795827973,0.6978955700384536,0.8849772200431181
3.578339084982872,3.4999999590218067,24,MIXED,0.05909090909090909,12,2,4,2,12.500014305114746,12.500000357725185,97d7923e:o0,0,220,97d7923e,anti_transpose,0.45583510132396987,0.8694928624375187,0.9999833091586642
3.965194582938885,2.4999999925494194,24,FEW_TOKEN_SPIKE,0.13333333333333333,27,2,1,0,2.578889846801758,2.4999999925494194,97d7923e:o0,0,210,97d7923e,flip_ud,0.5827633976475005,0.8960325691155294,0.9870614385911372
2.1756080247850633,1.9999999701976776,24,MIXED,0.44285714285714284,92,2,3,0,2.126936912536621,1.9999999701976776,97d7923e:o0,0,210,97d7923e,identity,0.3567089441990193,0.9336642753462032,0.988730600335468
1.7014145851134046,1.4999999701976776,24,MIXED,0.07727272727272727,16,2,4,1,16.5,16.49999976158145,97d7923e:o0,0,220,97d7923e,transpose,0.4053419650759678,0.9580946201076006,0.9999920789816336
1.8293868307424503,0.5,48,MIXED,0.5590909090909091,122,2,4,0,1.7016030550003052,1.4999999850988388,97d7923e:o0,0,220,97d7923e,anti_transpose,0.3419115173118189,0.8015588094318291,0.9663709836729975
7.4429095362521025,7.00000023888424,48,FEW_TOKEN_SPIKE,0.13333333333333333,27,2,2,0,6.002477169036865,6.000000209081918,97d7923e:o0,0,210,97d7923e,flip_ud,0.7749288697384189,0.9608859127902255,0.9874606956740776
3.5994975772313964,1.5000000298023224,48,MIXED,0.8333333333333334,174,2,2,0,1.3132643699645996,1.0000000298023224,97d7923e:o0,0,210,97d7923e,identity,0.3647804664343548,0.8282250944765266,0.9504979334275682
6.5086439577300865,6.000000210944563,48,FEW_TOKEN_SPIKE,0.3409090909090909,74,2,3,0,5.504105091094971,5.500000210944563,97d7923e:o0,0,220,97d7923e,transpose,0.5614343912867628,0.794761882126169,0.9139631687796537
4.143771648406982,3.5,12,RANK_FAILURE,0.0016129032258064516,0,4,17,3,8.003118515014648,7.999999623512849,a32d8b75:o0,0,620,a32d8b75,anti_transpose,0.16699353000451464,0.3379683276169757,0.44568542656902
4.749794505536556,4.000000113621354,12,MIXED,0.023809523809523808,14,2,16,2,9.518644332885742,9.499999541789293,a32d8b75:o0,0,630,a32d8b75,flip_ud,0.22269703540020333,0.36671928176200963,0.4530778936645504
2.7753615379333496,2.4999999403953552,12,RANK_FAILURE,0.0015873015873015873,0,3,16,3,11.500134468078613,11.499999651467078,a32d8b75:o0,0,630,a32d8b75,identity,0.20909047840024036,0.4064523371811604,0.4920510505874208
3.37790584564209,3.0,12,RANK_FAILURE,0.0016129032258064516,0,3,20,5,9.201904296875,8.99999988079071,a32d8b75:o0,0,620,a32d8b75,transpose,0.13313528520600562,0.3646476303428779,0.4810881103373626
7.687044143676758,6.999999821186066,24,RANK_FAILURE,0.0016129032258064516,0,5,18,3,13.000049591064453,13.00000012043165,a32d8b75:o0,0,620,a32d8b75,anti_transpose,0.21220088641992704,0.44380226153842595,0.6026891101248028
5.405120222712867,5.0000000996515155,24,MIXED,0.023809523809523808,14,2,15,3,11.00057601928711,11.00000040413579,a32d8b75:o0,0,630,a32d8b75,flip_ud,0.24364347139610143,0.4217252485657054,0.5402499333884068
3.242123603820801,2.999999910593033,24,RANK_FAILURE,0.0015873015873015873,0,3,19,4,13.000049591064453,13.000000358839316,a32d8b75:o0,0,630,a32d8b75,identity,0.2086935491501848,0.3795532879925689,0.5009248914040216
4.486788272857666,4.0000001192092896,24,RANK_FAILURE,0.0016129032258064516,0,3,16,4,11.500575065612793,11.499999807856511,a32d8b75:o0,0,620,a32d8b75,transpose,0.17896993466898942,0.36892834820878406,0.5014529417610917
7.080458164215088,7.000000216066837,48,RANK_FAILURE,0.0016129032258064516,0,5,15,3,17.0,16.99999904632614,a32d8b75:o0,0,620,a32d8b75,anti_transpose,0.2386726491534324,0.44621260107643324,0.6078358701237832
7.556164721616369,7.499999843945261,48,MIXED,0.023809523809523808,14,2,11,1,13.001506805419922,12.99999982479494,a32d8b75:o0,0,630,a32d8b75,flip_ud,0.29979832947016843,0.5882630609612798,0.7291218656878165
4.511645317077637,4.5000002374872565,48,MIXED,0.0015873015873015873,0,2,21,5,15.000017166137695,14.999999761732397,a32d8b75:o0,0,630,a32d8b75,identity,0.19882883720030706,0.39188770775060605,0.5246496165085187
3.5475013256073,3.499999951571226,48,MIXED,0.0016129032258064516,0,2,20,3,15.500006675720215,15.499999880813903,a32d8b75:o0,0,620,a32d8b75,transpose,0.1843307577513198,0.3807006258623106,0.5175410839654538
5.345760601056099,2.9999999552965164,12,MIXED,0.09237536656891496,62,2,9,1,5.006722927093506,4.999999762978405,a32d8b75:o1,1,682,a32d8b75,anti_transpose,0.21840268347727115,0.4190954431396133,0.5119423955212128
1.7055457830429077,1.5000000149011612,12,MIXED,0.0014492753623188406,0,2,13,0,2.5814592838287354,2.500000014901161,a32d8b75:o1,1,690,a32d8b75,flip_ud,0.12022811567988392,0.2609688722960079,0.3833353921014818
4.703510063154681,2.000000089406967,12,MIXED,0.1681159420289855,115,2,12,1,4.511139869689941,4.500000051222742,a32d8b75:o1,1,690,a32d8b75,identity,0.19067359751724883,0.35963855070688544,0.4708201818659812
2.9950037710368633,2.500000111758709,12,MIXED,0.008797653958944282,5,2,12,0,4.511059284210205,4.4999998696148396,a32d8b75:o1,1,682,a32d8b75,transpose,0.18380364051566928,0.3585113791326543,0.48143339345714425
5.330845399518694,3.0000000335276127,24,MIXED,0.09237536656891496,62,2,6,0,10.000045776367188,9.999999762640073,a32d8b75:o1,1,682,a32d8b75,anti_transpose,0.4082220514628285,0.6379526430996114,0.7313299840053286
2.648055052912241,0.5,24,MIXED,0.02318840579710145,15,2,8,0,2.579331874847412,2.500000014901161,a32d8b75:o1,1,690,a32d8b75,flip_ud,0.1465702762845505,0.36412560742255834,0.49419767376058
3.4134689828867977,2.4999999031424522,24,MIXED,0.1681159420289855,115,2,10,0,9.500075340270996,9.499999764440872,a32d8b75:o1,1,690,a32d8b75,identity,0.3616358653537574,0.5245844164175167,0.639417206161872
2.4812303194776177,2.0,24,MIXED,0.008797653958944282,5,2,10,1,7.000913143157959,6.99999994027894,a32d8b75:o1,1,682,a32d8b75,transpose,0.2478141633956106,0.5400414245808348,0.6618705869476802
8.785435479048374,8.500000151834683,48,MIXED,0.09237536656891496,62,2,8,0,11.50001049041748,11.50000011926295,a32d8b75:o1,1,682,a32d8b75,anti_transpose,0.3394073423307758,0.666394748421693,0.7919458775728686
2.6832439863545687,1.5000000298023224,48,MIXED,0.02318840579710145,15,2,9,0,4.511297702789307,4.500000043772161,a32d8b75:o1,1,690,a32d8b75,flip_ud,0.21731441912503,0.4898084337934159,0.6742612112191676
6.268576208857311,6.0000000754371285,48,MIXED,0.1681159420289855,115,2,10,0,14.500000953674316,14.50000011920963,a32d8b75:o1,1,690,a32d8b75,identity,0.4036862050943777,0.6426059786272792,0.737346689718594
5.708582699749968,5.5000001434236765,48,MIXED,0.008797653958944282,5,2,9,0,6.501502990722656,6.500000057043508,a32d8b75:o1,1,682,a32d8b75,transpose,0.1814112411196244,0.47469974611723764,0.685309215533282
2.226686786716776,1.5,12,MIXED,0.1970899470899471,148,2,3,0,2.1269454956054688,1.9999999105930328,c4d067a0:o0,0,756,c4d067a0,anti_transpose,0.35321368124510555,0.8540005058415714,0.9398388943865492
7.040449977233152,7.000000059779268,12,FEW_TOKEN_SPIKE,0.12301587301587301,92,2,1,0,7.000913619995117,7.000000059779268,c4d067a0:o0,0,756,c4d067a0,flip_ud,0.9280867545434274,0.9802837496970271,0.9903504057505477
11.501856112224196,11.50000000005457,12,FEW_TOKEN_SPIKE,0.1970899470899471,148,2,1,0,11.50001049041748,11.50000000005457,c4d067a0:o0,0,756,c4d067a0,identity,0.9933338829429951,0.9953885043540415,0.9969829312691775
10.500292060577188,10.499999761970685,12,FEW_TOKEN_SPIKE,0.30423280423280424,229,2,1,0,10.500027656555176,10.499999761970685,c4d067a0:o0,0,756,c4d067a0,transpose,0.9354924690496996,0.9961814892512649,0.9987837702476723
4.519568751944902,4.5000000689178705,24,MIXED,0.1970899470899471,148,2,3,0,4.511077404022217,4.5000000689178705,c4d067a0:o0,0,756,c4d067a0,anti_transpose,0.4355098744373294,0.9978033342835894,0.9988583426194853
7.536555466633139,7.499999795516487,24,FEW_TOKEN_SPIKE,0.12301587301587301,92,2,1,0,7.500553131103516,7.499999795516487,c4d067a0:o0,0,756,c4d067a0,flip_ud,0.9785768743275001,0.9917252894071095,0.9966069240405027
12.500096915851778,12.50000011921611,24,FEW_TOKEN_SPIKE,0.1970899470899471,148,2,1,0,12.500003814697266,12.50000011921611,c4d067a0:o0,0,756,c4d067a0,identity,0.9976651615722764,0.9990951226803753,0.9997599111346629
12.000452860974526,12.000000357647878,24,FEW_TOKEN_SPIKE,0.30423280423280424,229,2,1,0,12.000006675720215,12.000000357647878,c4d067a0:o0,0,756,c4d067a0,transpose,0.994092409673802,0.9980681614645435,0.9996548059471866
4.521065167728608,4.50000022072345,48,FEW_TOKEN_SPIKE,0.1970899470899471,148,2,2,0,5.504079341888428,5.499999987427145,c4d067a0:o0,0,756,c4d067a0,anti_transpose,0.5466910528498639,0.9977154060318665,0.9988002033296418
10.502612787609934,10.499999881176336,48,FEW_TOKEN_SPIKE,0.12301587301587301,92,2,2,0,10.500027656555176,10.499999881176336,c4d067a0:o0,0,756,c4d067a0,flip_ud,0.9096445957227908,0.9956516551408043,0.9968979235594446
12.000129221811335,11.999999761605523,48,FEW_TOKEN_SPIKE,0.1970899470899471,148,2,1,0,12.000006675720215,11.999999761605523,c4d067a0:o0,0,756,c4d067a0,identity,0.9937441383609888,0.9983262735596192,0.9990264882831356
12.500288121089504,12.500000238429038,48,FEW_TOKEN_SPIKE,0.30423280423280424,229,2,1,0,12.500004768371582,12.500000238429038,c4d067a0:o0,0,756,c4d067a0,transpose,0.9759388371370544,0.9929122128706984,0.9990474950606413
2.8702337480371938,2.500000037252903,12,MIXED,0.1564102564102564,60,2,4,0,2.578963041305542,2.500000037252903,cb2d8a2c:o0,0,390,cb2d8a2c,anti_transpose,0.27248419210596897,0.5910311506297459,0.7799084274220484
4.5233059172278445,4.500000204890966,12,MIXED,0.0291005291005291,10,2,5,0,5.006748199462891,4.999999814201146,cb2d8a2c:o0,0,378,cb2d8a2c,flip_ud,0.2836227086767373,0.7667875504027523,0.9183777405762173
5.249670730509479,5.000000015832484,12,MIXED,0.15343915343915343,57,2,5,0,5.006725311279297,5.000000015832484,cb2d8a2c:o0,0,378,cb2d8a2c,identity,0.35828512334971035,0.7675898133764747,0.8869188590982178
4.515599031141392,4.499999973922968,12,MIXED,0.020512820512820513,7,2,5,0,7.5005574226379395,7.4999999169958755,cb2d8a2c:o0,0,390,cb2d8a2c,transpose,0.29899626367754983,0.7579007881568245,0.9822326819594132
4.209080124172495,4.000000111758709,24,MIXED,0.1564102564102564,60,2,5,0,8.500205993652344,8.500000259577064,cb2d8a2c:o0,0,390,cb2d8a2c,anti_transpose,0.4259283779336236,0.8041391843197615,0.9765293427784622
7.500768772339995,7.499999795749318,24,MIXED,0.0291005291005291,10,2,4,0,8.000337600708008,8.00000041446765,cb2d8a2c:o0,0,378,cb2d8a2c,flip_ud,0.30438551006226144,0.8561167348806752,0.9472530526254617
5.519951673703318,5.499999877996743,24,MIXED,0.15343915343915343,57,2,4,0,8.000335693359375,8.000000175496098,cb2d8a2c:o0,0,378,cb2d8a2c,identity,0.37125681502704666,0.8360117789539759,0.977698449429575
4.511615838388252,4.499999982304871,24,MIXED,0.020512820512820513,7,2,8,0,8.000336647033691,8.000000414147507,cb2d8a2c:o0,0,390,cb2d8a2c,transpose,0.22625171662577281,0.5518134571315713,0.7516649561784031
11.205877338418752,10.999999523302904,48,FEW_TOKEN_SPIKE,0.1564102564102564,60,2,4,0,11.000016212463379,10.999999523302904,cb2d8a2c:o0,0,390,cb2d8a2c,anti_transpose,0.5205552431255636,0.925294336751688,0.9809225260940134
13.000006198881287,12.999999642374632,48,MIXED,0.0291005291005291,10,2,4,0,13.000001907348633,12.999999642374632,cb2d8a2c:o0,0,378,cb2d8a2c,flip_ud,0.35272930487118814,0.8818383479231633,0.9904744330271242
10.004139439640781,10.000000358661055,48,MIXED,0.15343915343915343,57,2,5,0,10.000045776367188,10.000000358661055,cb2d8a2c:o0,0,378,cb2d8a2c,identity,0.3789666636943081,0.8720474617832357,0.9960462891961438
9.000246755618697,8.999999649982783,48,MIXED,0.020512820512820513,7,2,6,0,9.000123023986816,8.999999649982783,cb2d8a2c:o0,0,390,cb2d8a2c,transpose,0.21340787546404005,0.5809771812901515,0.877467287767998
6.589283692282379,6.5000000620493665,12,MIXED,0.12708333333333333,60,2,4,0,6.501506328582764,6.5000000620493665,cb2d8a2c:o1,1,480,cb2d8a2c,anti_transpose,0.37936380360897654,0.73793407899417,0.877677466817603
5.097121118166797,4.999999967869371,12,MIXED,0.028397565922920892,13,2,5,0,5.006735801696777,4.999999967869371,cb2d8a2c:o1,1,493,cb2d8a2c,flip_ud,0.34577707928165446,0.7480431136977055,0.8826641214295217
2.4777682598721142,0.9999999403953552,12,MIXED,0.18052738336713997,88,2,2,0,1.701528787612915,1.4999999701976776,cb2d8a2c:o1,1,493,cb2d8a2c,identity,0.29437929825839393,0.641572039713828,0.8157715510254943
5.035389915352198,3.9999998342245817,12,MIXED,0.13958333333333334,66,2,5,0,4.018172740936279,3.9999998342245817,cb2d8a2c:o1,1,480,cb2d8a2c,transpose,0.26579413270010005,0.6081486438236777,0.785204933645749
9.502010637196818,9.50000024124165,24,MIXED,0.12708333333333333,60,2,6,0,9.500075340270996,9.50000024124165,cb2d8a2c:o1,1,480,cb2d8a2c,anti_transpose,0.3695189327999838,0.7204466310527745,0.9278262046936133
4.55413574164335,4.4999998062849045,24,MIXED,0.028397565922920892,13,2,4,0,5.0067267417907715,5.000000025611371,cb2d8a2c:o1,1,493,cb2d8a2c,flip_ud,0.3310059902814409,0.7997395329442513,0.9717073539903383
2.7219267546932215,1.0,24,MIXED,0.22718052738336714,111,2,5,0,4.511061191558838,4.499999890103936,cb2d8a2c:o1,1,493,cb2d8a2c,identity,0.3318483915458624,0.7112757172026996,0.8795646190125681
5.024412627175899,4.499999778345227,24,MIXED,0.13958333333333334,66,2,7,0,5.504080772399902,5.500000230502337,cb2d8a2c:o1,1,480,cb2d8a2c,transpose,0.2382471463497966,0.6074529113552719,0.8930102185195871
16.500002622604043,16.499999880790718,48,FEW_TOKEN_SPIKE,0.12708333333333333,60,2,3,0,16.5,16.499999880790718,cb2d8a2c:o1,1,480,cb2d8a2c,anti_transpose,0.5872089647228731,0.9804227092859936,0.9947588757271657
4.572052888222849,4.499999861232936,48,MIXED,0.028397565922920892,13,2,5,0,7.000911712646484,7.000000058033038,cb2d8a2c:o1,1,493,cb2d8a2c,flip_ud,0.3048158883754013,0.7842963413813717,0.9742093550964074
1.7029663943804891,1.5000000596046448,48,MIXED,0.04056795131845842,19,2,7,0,2.5788915157318115,2.4999998956918716,cb2d8a2c:o1,1,493,cb2d8a2c,identity,0.22789064201790382,0.603794224549475,0.8402214731199646
2.1273213056947355,2.000000074505806,48,MIXED,0.12916666666666668,61,2,6,0,5.006715774536133,4.999999952036887,cb2d8a2c:o1,1,480,cb2d8a2c,transpose,0.2605660798219429,0.6790358749463831,0.9239422714766694
2.8391656259427123,1.9999999701976776,12,MIXED,0.25213675213675213,176,2,4,3,9.000804901123047,8.99999996641418,cbebaa4b:o0,0,702,cbebaa4b,anti_transpose,0.3984153445462752,0.75465995570635,0.8774610216554254
11.001959139502162,10.999999763018423,12,RANK_FAILURE,0.04700854700854701,32,3,4,2,11.000053405761719,10.999999763018423,cbebaa4b:o0,0,702,cbebaa4b,flip_ud,0.45587854346328877,0.8519248639595738,0.9094248992288605
5.270516120302091,4.999999834224582,12,MIXED,0.2150997150997151,150,2,4,2,5.5152740478515625,5.499999943189323,cbebaa4b:o0,0,702,cbebaa4b,identity,0.3131767292924828,0.7956153838334883,0.9192624787566562
6.348188246391487,6.0000000689178705,12,RANK_FAILURE,0.21367521367521367,149,4,6,4,10.500164985656738,10.500000371175702,cbebaa4b:o0,0,702,cbebaa4b,transpose,0.37552602302428884,0.718100571813754,0.8949961261091738
3.936956265655681,3.499999899417162,24,MIXED,0.25213675213675213,176,2,4,3,6.009270668029785,6.000000070780516,cbebaa4b:o0,0,702,cbebaa4b,anti_transpose,0.2537456301846026,0.6415463630417446,0.7732331952269023
8.50637388214352,8.500000142550562,24,MIXED,0.04700854700854701,32,2,3,0,8.500534057617188,8.500000142550562,cbebaa4b:o0,0,702,cbebaa4b,flip_ud,0.4484730799688158,0.8494611118086848,0.8851659461006801
5.177327073824358,4.49999996740371,24,MIXED,0.2150997150997151,150,2,4,2,4.513647079467773,4.49999996740371,cbebaa4b:o0,0,702,cbebaa4b,identity,0.267853911357326,0.6669202466201546,0.7731165751492851
6.423394155800224,6.0000001192092896,24,RANK_FAILURE,0.21367521367521367,149,3,5,4,11.500141143798828,11.499999771578587,cbebaa4b:o0,0,702,cbebaa4b,transpose,0.41193269759084344,0.7026707038975231,0.811998074350023
6.6823867961920485,5.499999899417162,48,MIXED,0.25213675213675213,176,2,5,2,7.007781982421875,6.999999960418791,cbebaa4b:o0,0,702,cbebaa4b,anti_transpose,0.2633308691098163,0.6958687233818035,0.8662672693021336
9.007728326165847,9.00000032375101,48,RANK_FAILURE,0.04700854700854701,32,3,4,1,9.000804901123047,9.00000032375101,cbebaa4b:o0,0,702,cbebaa4b,flip_ud,0.40164183338711,0.8959484142753416,0.9370259444132318
5.7483599143499475,4.499999785795808,48,MIXED,0.2150997150997151,150,2,4,0,5.008311748504639,4.999999830499291,cbebaa4b:o0,0,702,cbebaa4b,identity,0.3332844891488666,0.6995065445763899,0.810512179025708
6.454733676193314,6.00000014482066,48,MIXED,0.21367521367521367,149,2,7,2,12.500052452087402,12.500000358984835,cbebaa4b:o0,0,702,cbebaa4b,transpose,0.3783906983336205,0.6525676553439437,0.787267966134293
1.6685357454944096,0.5,12,MIXED,0.025735294117647058,6,2,1,0,0.974331259727478,0.5,d59b0160:o0,0,272,d59b0160,anti_transpose,0.23412296599914645,0.5675079684449981,0.8499413220025683
2.423657595624718,0.9999999701976776,12,MIXED,0.025735294117647058,6,2,4,0,0.9748002290725708,0.5000000298023224,d59b0160:o0,0,272,d59b0160,flip_ud,0.21326193154634615,0.6396152443893206,0.8954945393945122
2.769663413818016,1.4999999403953552,12,MIXED,0.3161764705882353,85,2,3,0,1.315546989440918,0.9999999403953552,d59b0160:o0,0,272,d59b0160,identity,0.29375602872855244,0.6662182579310519,0.9272480345076702
1.6779938106877168,0.5,12,MIXED,0.21323529411764705,57,2,3,0,0.9830806255340576,0.5,d59b0160:o0,0,272,d59b0160,transpose,0.24095527066680683,0.5813167986887168,0.9212442133702086
3.5606775945184026,1.0000000298023224,24,MIXED,0.6911764705882353,187,2,2,0,1.3132786750793457,1.0000000298023224,d59b0160:o0,0,272,d59b0160,anti_transpose,0.3607353536578234,0.6814153181416033,0.9418594158710252
2.4403801560401917,1.9999999552965164,24,MIXED,0.014705882352941176,3,2,3,0,2.1270735263824463,1.9999999552965164,d59b0160:o0,0,272,d59b0160,flip_ud,0.4446830547771434,0.7932724688466707,0.9578838191958092
2.3531360495295317,0.9999999701976776,24,MIXED,0.3897058823529412,105,2,2,0,1.3133023977279663,0.9999999701976776,d59b0160:o0,0,272,d59b0160,identity,0.46409352202951015,0.8765718962660486,0.9926312734939353
2.6013761456996534,1.4999999701976776,24,MIXED,0.3786764705882353,102,2,2,0,1.3139861822128296,0.9999999701976776,d59b0160:o0,0,272,d59b0160,transpose,0.3737217878663376,0.7856158181189759,0.9638334432863873
5.006717681884766,5.000000201631337,48,FEW_TOKEN_SPIKE,0.011029411764705883,2,2,3,0,5.006717681884766,5.000000201631337,d59b0160:o0,0,272,d59b0160,anti_transpose,0.5200900962837101,0.9621184675516522,0.9997127674025096
6.550096154212952,6.500000177533366,48,FEW_TOKEN_SPIKE,0.014705882352941176,3,2,3,0,6.501503944396973,6.500000177533366,d59b0160:o0,0,272,d59b0160,flip_ud,0.601166813977646,0.9471568570218553,0.9955031784327797
6.557358321606287,5.99999990966171,48,FEW_TOKEN_SPIKE,0.3161764705882353,85,2,4,0,5.504288196563721,5.49999990966171,d59b0160:o0,0,272,d59b0160,identity,0.5958807689074798,0.8855294555835387,0.999522842374052
8.00054001808165,7.999999788182322,48,FEW_TOKEN_SPIKE,0.022058823529411766,5,2,2,0,8.000539779663086,7.999999788182322,d59b0160:o0,0,272,d59b0160,transpose,0.7780323808971517,0.9128482486789585,0.999844663302409
1.6462585141980526,0.0,12,MIXED,0.4015151515151515,52,2,4,0,4.511074066162109,4.499999914318323,dd6b8c4b:o1,1,132,dd6b8c4b,anti_transpose,0.40686020761830816,0.7466257599812165,0.8388525185219574
3.5253227949142456,3.000000011175871,12,MIXED,0.015151515151515152,1,2,7,0,3.049248695373535,3.000000011175871,dd6b8c4b:o1,1,132,dd6b8c4b,flip_ud,0.2260695248292694,0.5783054897169791,0.7570439135557734
2.1413797259738203,2.0000000596046448,12,MIXED,0.03787878787878788,4,2,6,0,3.0488882064819336,3.0000001154839993,dd6b8c4b:o1,1,132,dd6b8c4b,identity,0.25119800381660373,0.6018561414833369,0.7393487089473334
4.911170659577685,4.500000083819032,12,MIXED,0.17424242424242425,22,2,6,0,3.5300354957580566,3.500000113621354,dd6b8c4b:o1,1,132,dd6b8c4b,transpose,0.27880451227757846,0.6234720068242259,0.8041710897190987
2.865608892317823,1.5,24,MIXED,0.4015151515151515,52,2,5,0,6.002487659454346,6.00000023515895,dd6b8c4b:o1,1,132,dd6b8c4b,anti_transpose,0.4586334437813637,0.7937084310639714,0.9002154020507752
4.004203587770462,3.4999999217689037,24,MIXED,0.015151515151515152,1,2,5,0,4.018276691436768,3.999999839812517,dd6b8c4b:o1,1,132,dd6b8c4b,flip_ud,0.30912620388778783,0.7115957107294794,0.8863518570630958
3.484999061309395,1.5,24,MIXED,0.9166666666666666,120,2,4,0,5.006722450256348,5.000000115018338,dd6b8c4b:o1,1,132,dd6b8c4b,identity,0.47583083191479864,0.7623542936004648,0.8847293515365112
2.1401067663055073,2.0000000447034836,24,MIXED,0.08333333333333333,10,2,4,0,5.504091739654541,5.500000037718564,dd6b8c4b:o1,1,132,dd6b8c4b,transpose,0.4073481746084153,0.7556549480076779,0.9166839461208258
1.958343004070727,1.4999999403953552,48,FEW_TOKEN_SPIKE,0.44696969696969696,58,2,2,0,14.000000953674316,14.000000000000455,dd6b8c4b:o1,1,132,dd6b8c4b,anti_transpose,0.8481059675093154,0.9798963915752149,0.9939572315390769
3.04868745803833,3.0000000931322575,48,MIXED,0.007575757575757576,0,2,4,0,4.511181831359863,4.499999810010195,dd6b8c4b:o1,1,132,dd6b8c4b,flip_ud,0.34745826871405133,0.746096758884936,0.8745534391744372
5.1262071167960315,4.499999772757292,48,MIXED,0.9166666666666666,120,2,4,0,4.018162727355957,3.999999772757292,dd6b8c4b:o1,1,132,dd6b8c4b,identity,0.4282431804025694,0.8569804182804488,0.9745600339657698
9.000301709559892,8.99999953227234,48,MIXED,0.08333333333333333,10,2,3,0,9.000134468078613,8.99999953227234,dd6b8c4b:o1,1,132,dd6b8c4b,transpose,0.4883090127135882,0.8978552186898291,0.9319201609649864
2.209047787915381,1.0,12,RANK_FAILURE,0.021505376344086023,19,4,6,5,3.6669299602508545,3.5,e3721c99:o1,1,930,e3721c99,anti_transpose,0.2462519660208035,0.5399048872373339,0.772990141854679
3.4250172374983663,2.4999999403953552,12,RANK_FAILURE,0.02043010752688172,18,5,5,4,3.424962282180786,2.4999999403953552,e3721c99:o1,1,930,e3721c99,flip_ud,0.22933382450420434,0.5571873198799481,0.7853392045689742
1.9436495061291907,1.0,12,RANK_FAILURE,0.04408602150537634,40,4,6,5,4.396714210510254,3.9999999701976776,e3721c99:o1,1,930,e3721c99,identity,0.26296233370011746,0.5597426692856482,0.8029833940618486
1.9712073775843848,0.5,12,RANK_FAILURE,0.25591397849462366,237,5,6,5,3.1949939727783203,3.0000001043081284,e3721c99:o1,1,930,e3721c99,transpose,0.19182125697167124,0.513341860051793,0.7623758045750262
6.2983045577982395,5.500000178813934,24,RANK_FAILURE,0.021505376344086023,19,5,4,2,6.298301696777344,5.500000178813934,e3721c99:o1,1,930,e3721c99,anti_transpose,0.39752464233185186,0.8169396161614113,0.9601599729549835
4.833124279974349,4.000000178813934,24,RANK_FAILURE,0.02043010752688172,18,6,3,3,4.8331193923950195,4.000000178813934,e3721c99:o1,1,930,e3721c99,flip_ud,0.4288311079715749,0.8726399324580926,0.9798589899865228
2.511415901033992,0.5,24,RANK_FAILURE,0.08924731182795699,82,3,5,4,4.721800804138184,4.500000163912773,e3721c99:o1,1,930,e3721c99,identity,0.3158828113644734,0.6928599775635711,0.8606672442981882
10.738209921034752,9.500000383297447,24,FEW_TOKEN_SPIKE,0.5182795698924731,481,2,4,1,9.500226974487305,9.500000383297447,e3721c99:o1,1,930,e3721c99,transpose,0.5220442866863603,0.7767352665683322,0.9294798779838434
4.387238383175784,3.5,48,RANK_FAILURE,0.021505376344086023,19,4,6,4,6.508493900299072,6.499999818392098,e3721c99:o1,1,930,e3721c99,anti_transpose,0.2500425476693304,0.6566537463302489,0.9114696858109932
7.297116517907284,6.500000059604645,48,RANK_FAILURE,0.02043010752688172,18,5,6,3,7.602379322052002,7.499999910593033,e3721c99:o1,1,930,e3721c99,flip_ud,0.28905393667907536,0.701985663655574,0.8628671322201529
4.646416965353637,3.0000000596046448,48,RANK_FAILURE,0.08924731182795699,82,4,6,5,9.707257270812988,9.500000432133675,e3721c99:o1,1,930,e3721c99,identity,0.37141477391023936,0.6946070788095112,0.8723418424867173
1.6532199379496646,1.0,48,MIXED,0.25591397849462366,237,2,6,3,6.5131120681762695,6.499999914318323,e3721c99:o1,1,930,e3721c99,transpose,0.3321497823923141,0.6685288189971137,0.901451560841762
3.0203893780708313,2.0000000596046448,12,RANK_FAILURE,0.1,1,3,6,1,2.4787986278533936,2.0000000596046448,f931b4a8:o1,1,20,f931b4a8,anti_transpose,0.24643395957320235,0.5406579630576202,0.7725098854581356
3.343225121498108,1.9999999403953552,12,MIXED,0.1,1,2,4,0,2.2273082733154297,1.9999999403953552,f931b4a8:o1,1,20,f931b4a8,flip_ud,0.23326690838698239,0.523208438130364,0.7603505153083727
4.558623603545129,4.50000012665987,12,RANK_FAILURE,0.1,1,3,5,2,4.547708034515381,4.50000012665987,f931b4a8:o1,1,20,f931b4a8,identity,0.4035036431136879,0.7831129240494644,0.9312700083626784
2.2444215435534716,2.0000000596046448,12,MIXED,0.1,1,2,5,0,2.215801954269409,2.0000000596046448,f931b4a8:o1,1,20,f931b4a8,transpose,0.3009490554244039,0.5991255252007349,0.8744943479076155
5.018510818481445,4.999999776482582,24,RANK_FAILURE,0.05,0,3,5,4,5.018510818481445,4.999999776482582,f931b4a8:o1,1,20,f931b4a8,anti_transpose,0.2704327047648787,0.618318988076701,0.9181275738091469
6.225436866283417,4.5000001192092896,24,RANK_FAILURE,0.15,2,5,6,4,4.956075191497803,4.5000001192092896,f931b4a8:o1,1,20,f931b4a8,flip_ud,0.2495891094916733,0.571295403792934,0.8322822351207465
5.86116646710434,5.499999970197678,24,RANK_FAILURE,0.1,1,5,3,3,5.861024379730225,5.499999970197678,f931b4a8:o1,1,20,f931b4a8,identity,0.4579301755125242,0.9040883041075092,0.9785269577784109
4.094721668283455,3.9999999031424522,24,RANK_FAILURE,0.1,1,4,3,1,4.093868255615234,3.9999999031424522,f931b4a8:o1,1,20,f931b4a8,transpose,0.5426971836685344,0.886076802543734,0.9661823586474345
5.006887435913086,5.000000049825758,48,MIXED,0.05,0,2,5,2,9.00087833404541,9.00000014732359,f931b4a8:o1,1,20,f931b4a8,anti_transpose,0.41467239579254234,0.8161856469353127,0.9571978683070175
4.062539726495743,4.00000018440187,48,MIXED,0.1,1,2,6,4,8.00598430633545,8.000000060070306,f931b4a8:o1,1,20,f931b4a8,flip_ud,0.34356401806396614,0.6719313984977703,0.9179043390244452
11.500130295750296,11.5000002465531,48,RANK_FAILURE,0.1,1,4,5,2,11.500127792358398,11.5000002465531,f931b4a8:o1,1,20,f931b4a8,identity,0.5834219951371451,0.8302749287097989,0.9795308737571637
11.000085830599346,11.000000241030648,48,RANK_FAILURE,0.1,1,3,5,2,11.000072479248047,11.000000241030648,f931b4a8:o1,1,20,f931b4a8,transpose,0.5227656388595728,0.8178283940334937,0.934920643853925
