GoldNLL_rank,GoldNLL_regret,GoldTestNLL,LOO_CV_NLL,LOO_rank,depth,is_GoldNLL_top1,is_GoldNLL_top2,is_GoldNLL_top4,is_LOO_top1,is_LOO_top2,is_LOO_top4,output_index,task_id,trajectory_quality,view
15,0.006185927428305149,0.021702321246266365,0.139394398778677,1,12,False,False,False,True,True,True,0,21897d95,CLOSE,transpose
18,0.006635463796555996,0.022151857614517212,0.1420224430039525,2,12,False,False,False,False,True,True,0,21897d95,CLOSE,anti_transpose
30,0.010276648215949535,0.02579304203391075,0.1448494903743267,3,0,False,False,False,False,False,True,0,21897d95,CLOSE,rot90
5,0.002752634696662426,0.018269028514623642,0.1456113290041685,4,12,False,False,False,False,False,True,0,21897d95,CLOSE,rot270
14,0.005788085050880909,0.021304478868842125,0.14664381369948387,5,12,False,False,False,False,False,False,0,21897d95,CLOSE,rot90
13,0.00551991444081068,0.021036308258771896,0.14696355536580086,6,0,False,False,False,False,False,False,0,21897d95,CLOSE,anti_transpose
1,0.0,0.015516393817961216,0.14702425803989172,7,48,True,True,True,False,False,False,0,21897d95,CLOSE,rot90
34,0.011839295737445354,0.02735568955540657,0.1481116428039968,8,48,False,False,False,False,False,False,0,21897d95,CLOSE,flip_lr
2,0.0015596961602568626,0.01707608997821808,0.14902342297136784,9,24,False,True,True,False,False,False,0,21897d95,CLOSE,rot270
21,0.007902032695710659,0.023418426513671875,0.15041115321218967,10,0,False,False,False,False,False,False,0,21897d95,CLOSE,identity
23,0.008106960915029049,0.023623354732990265,0.1513212565332651,11,0,False,False,False,False,False,False,0,21897d95,CLOSE,flip_lr
24,0.008196537382900715,0.02371293120086193,0.15161605831235647,12,12,False,False,False,False,False,False,0,21897d95,CLOSE,flip_lr
16,0.00636992696672678,0.021886320784687996,0.15368514321744442,13,0,False,False,False,False,False,False,0,21897d95,CLOSE,transpose
6,0.0029105348512530327,0.01842692866921425,0.15470618568360806,14,24,False,False,False,False,False,False,0,21897d95,CLOSE,anti_transpose
8,0.00375331100076437,0.019269704818725586,0.15720158349722624,15,12,False,False,False,False,False,False,0,21897d95,CLOSE,flip_ud
27,0.008850333280861378,0.024366727098822594,0.15805603470653296,16,12,False,False,False,False,False,False,0,21897d95,CLOSE,identity
12,0.005056503228843212,0.020572897046804428,0.15831366833299398,17,24,False,False,False,False,False,False,0,21897d95,CLOSE,flip_lr
17,0.006581109948456287,0.022097503766417503,0.15839054994285107,18,48,False,False,False,False,False,False,0,21897d95,CLOSE,transpose
20,0.006987982429563999,0.022504376247525215,0.15984785184264183,19,0,False,False,False,False,False,False,0,21897d95,CLOSE,rot270
3,0.00239544827491045,0.017911842092871666,0.1627732990309596,20,24,False,False,True,False,False,False,0,21897d95,CLOSE,rot90
7,0.0035562431439757347,0.01907263696193695,0.16510851681232452,21,48,False,False,False,False,False,False,0,21897d95,CLOSE,anti_transpose
11,0.004050384275615215,0.01956677809357643,0.16605211980640888,22,24,False,False,False,False,False,False,0,21897d95,CLOSE,flip_ud
22,0.007931741885840893,0.02344813570380211,0.16626856289803982,23,72,False,False,False,False,False,False,0,21897d95,CLOSE,rot90
26,0.008574121631681919,0.024090515449643135,0.1684152828529477,24,24,False,False,False,False,False,False,0,21897d95,CLOSE,identity
31,0.010513328947126865,0.02602972276508808,0.17226413218304515,25,48,False,False,False,False,False,False,0,21897d95,CLOSE,flip_ud
4,0.002611941657960415,0.01812833547592163,0.17250042781233788,26,48,False,False,True,False,False,False,0,21897d95,CLOSE,rot270
10,0.0038213515654206276,0.019337745383381844,0.17365558724850416,27,24,False,False,False,False,False,False,0,21897d95,CLOSE,transpose
33,0.011586329899728298,0.027102723717689514,0.17584837414324284,28,0,False,False,False,False,False,False,0,21897d95,CLOSE,rot180
19,0.006829877384006977,0.022346271201968193,0.17799082957208157,29,0,False,False,False,False,False,False,0,21897d95,CLOSE,flip_ud
32,0.01157978642731905,0.027096180245280266,0.18182722758501768,30,12,False,False,False,False,False,False,0,21897d95,CLOSE,rot180
37,0.01943631749600172,0.034952711313962936,0.1819778736680746,31,48,False,False,False,False,False,False,0,21897d95,CLOSE,identity
28,0.009220416657626629,0.024736810475587845,0.18690265947952867,32,24,False,False,False,False,False,False,0,21897d95,CLOSE,rot180
9,0.0037665171548724174,0.019282910972833633,0.19130318611860275,33,72,False,False,False,False,False,False,0,21897d95,CLOSE,rot270
29,0.009335781447589397,0.024852175265550613,0.1928099449723959,34,72,False,False,False,False,False,False,0,21897d95,CLOSE,anti_transpose
35,0.01816956978291273,0.03368596360087395,0.19482186809182167,35,72,False,False,False,False,False,False,0,21897d95,CLOSE,flip_lr
36,0.019029553048312664,0.03454594686627388,0.19493515975773335,36,72,False,False,False,False,False,False,0,21897d95,CLOSE,flip_ud
25,0.008561941795051098,0.024078335613012314,0.19501664489507675,37,72,False,False,False,False,False,False,0,21897d95,CLOSE,transpose
39,0.024251974187791348,0.039768368005752563,0.20311454590409994,38,48,False,False,False,False,False,False,0,21897d95,CLOSE,rot180
38,0.020863222889602184,0.0363796167075634,0.2132832407951355,39,72,False,False,False,False,False,False,0,21897d95,CLOSE,rot180
40,0.031000385992228985,0.0465167798101902,0.22972840070724487,40,72,False,False,False,False,False,False,0,21897d95,CLOSE,identity
10,0.012913528829813004,0.04506583511829376,0.139394398778677,1,12,False,False,False,True,True,True,1,21897d95,CLOSE,transpose
28,0.02204117923974991,0.05419348552823067,0.1420224430039525,2,12,False,False,False,False,True,True,1,21897d95,CLOSE,anti_transpose
36,0.02685539796948433,0.05900770425796509,0.1448494903743267,3,0,False,False,False,False,False,True,1,21897d95,CLOSE,rot90
17,0.014395616948604584,0.04654792323708534,0.1456113290041685,4,12,False,False,False,False,False,True,1,21897d95,CLOSE,rot270
21,0.018430814146995544,0.0505831204354763,0.14664381369948387,5,12,False,False,False,False,False,False,1,21897d95,CLOSE,rot90
40,0.03293756768107414,0.0650898739695549,0.14696355536580086,6,0,False,False,False,False,False,False,1,21897d95,CLOSE,anti_transpose
34,0.02525198459625244,0.0574042908847332,0.14702425803989172,7,48,False,False,False,False,False,False,1,21897d95,CLOSE,rot90
38,0.028666365891695023,0.06081867218017578,0.1481116428039968,8,48,False,False,False,False,False,False,1,21897d95,CLOSE,flip_lr
20,0.015604879707098007,0.047757185995578766,0.14902342297136784,9,24,False,False,False,False,False,False,1,21897d95,CLOSE,rot270
14,0.014134034514427185,0.046286340802907944,0.15041115321218967,10,0,False,False,False,False,False,False,1,21897d95,CLOSE,identity
39,0.0328335277736187,0.06498583406209946,0.1513212565332651,11,0,False,False,False,False,False,False,1,21897d95,CLOSE,flip_lr
33,0.025101743638515472,0.05725404992699623,0.15161605831235647,12,12,False,False,False,False,False,False,1,21897d95,CLOSE,flip_lr
18,0.015015039592981339,0.0471673458814621,0.15368514321744442,13,0,False,False,False,False,False,False,1,21897d95,CLOSE,transpose
29,0.022294778376817703,0.05444708466529846,0.15470618568360806,14,24,False,False,False,False,False,False,1,21897d95,CLOSE,anti_transpose
32,0.023493994027376175,0.055646300315856934,0.15720158349722624,15,12,False,False,False,False,False,False,1,21897d95,CLOSE,flip_ud
26,0.020812973380088806,0.052965279668569565,0.15805603470653296,16,12,False,False,False,False,False,False,1,21897d95,CLOSE,identity
27,0.02168877050280571,0.05384107679128647,0.15831366833299398,17,24,False,False,False,False,False,False,1,21897d95,CLOSE,flip_lr
5,0.010594379156827927,0.042746685445308685,0.15839054994285107,18,48,False,False,False,False,False,False,1,21897d95,CLOSE,transpose
19,0.015270799398422241,0.047423105686903,0.15984785184264183,19,0,False,False,False,False,False,False,1,21897d95,CLOSE,rot270
35,0.026339225471019745,0.058491531759500504,0.1627732990309596,20,24,False,False,False,False,False,False,1,21897d95,CLOSE,rot90
31,0.023383215069770813,0.05553552135825157,0.16510851681232452,21,48,False,False,False,False,False,False,1,21897d95,CLOSE,anti_transpose
12,0.013492990285158157,0.045645296573638916,0.16605211980640888,22,24,False,False,False,False,False,False,1,21897d95,CLOSE,flip_ud
37,0.027990803122520447,0.060143109411001205,0.16626856289803982,23,72,False,False,False,False,False,False,1,21897d95,CLOSE,rot90
4,0.009602725505828857,0.041755031794309616,0.1684152828529477,24,24,False,False,True,False,False,False,1,21897d95,CLOSE,identity
9,0.0125901959836483,0.04474250227212906,0.17226413218304515,25,48,False,False,False,False,False,False,1,21897d95,CLOSE,flip_ud
16,0.014341425150632858,0.04649373143911362,0.17250042781233788,26,48,False,False,False,False,False,False,1,21897d95,CLOSE,rot270
2,0.005814053118228912,0.03796635940670967,0.17365558724850416,27,24,False,True,True,False,False,False,1,21897d95,CLOSE,transpose
25,0.020539745688438416,0.052692051976919174,0.17584837414324284,28,0,False,False,False,False,False,False,1,21897d95,CLOSE,rot180
24,0.02050115540623665,0.05265346169471741,0.17799082957208157,29,0,False,False,False,False,False,False,1,21897d95,CLOSE,flip_ud
6,0.011722873896360397,0.043875180184841156,0.18182722758501768,30,12,False,False,False,False,False,False,1,21897d95,CLOSE,rot180
3,0.006946150213479996,0.039098456501960754,0.1819778736680746,31,48,False,False,True,False,False,False,1,21897d95,CLOSE,identity
1,0.0,0.03215230628848076,0.18690265947952867,32,24,True,True,True,False,False,False,1,21897d95,CLOSE,rot180
11,0.013308953493833542,0.0454612597823143,0.19130318611860275,33,72,False,False,False,False,False,False,1,21897d95,CLOSE,rot270
22,0.02033354714512825,0.05248585343360901,0.1928099449723959,34,72,False,False,False,False,False,False,1,21897d95,CLOSE,anti_transpose
23,0.0204329676926136,0.05258527398109436,0.19482186809182167,35,72,False,False,False,False,False,False,1,21897d95,CLOSE,flip_lr
13,0.014037471264600754,0.04618977755308151,0.19493515975773335,36,72,False,False,False,False,False,False,1,21897d95,CLOSE,flip_ud
7,0.012088593095541,0.04424089938402176,0.19501664489507675,37,72,False,False,False,False,False,False,1,21897d95,CLOSE,transpose
8,0.012298397719860077,0.044450704008340836,0.20311454590409994,38,48,False,False,False,False,False,False,1,21897d95,CLOSE,rot180
30,0.02279314398765564,0.0549454502761364,0.2132832407951355,39,72,False,False,False,False,False,False,1,21897d95,CLOSE,rot180
15,0.014217495918273926,0.046369802206754684,0.22972840070724487,40,72,False,False,False,False,False,False,1,21897d95,CLOSE,identity
4,0.02671587746590376,0.036192044615745544,0.08190464104215305,1,12,False,False,True,True,True,True,0,28a6681f,CLOSE,flip_ud
19,0.06220425944775343,0.07168042659759521,0.08247837300101916,2,0,False,False,False,False,True,True,0,28a6681f,CLOSE,flip_ud
11,0.04613859858363867,0.055614765733480453,0.08750185991326968,3,12,False,False,False,False,False,True,0,28a6681f,CLOSE,transpose
7,0.030409126542508602,0.03988529369235039,0.08754233767588933,4,12,False,False,False,False,False,True,0,28a6681f,CLOSE,rot180
8,0.03835139703005552,0.04782756417989731,0.08864883457620938,5,12,False,False,False,False,False,False,0,28a6681f,CLOSE,anti_transpose
13,0.052294026128947735,0.06177019327878952,0.08963167915741603,6,0,False,False,False,False,False,False,0,28a6681f,CLOSE,flip_lr
30,0.09988243412226439,0.10935860127210617,0.09359486276904742,7,0,False,False,False,False,False,False,0,28a6681f,CLOSE,rot90
9,0.04265966173261404,0.052135828882455826,0.09721770385901134,8,12,False,False,False,False,False,False,0,28a6681f,CLOSE,rot90
10,0.045540220104157925,0.05501638725399971,0.09735304241379102,9,12,False,False,False,False,False,False,0,28a6681f,CLOSE,rot270
27,0.09271726291626692,0.1021934300661087,0.09978126858671506,10,0,False,False,False,False,False,False,0,28a6681f,CLOSE,anti_transpose
5,0.029813225381076336,0.03928939253091812,0.10022258510192235,11,12,False,False,False,False,False,False,0,28a6681f,CLOSE,flip_lr
24,0.088470290414989,0.09794645756483078,0.11145462095737457,12,0,False,False,False,False,False,False,0,28a6681f,CLOSE,rot180
15,0.05638380628079176,0.06585997343063354,0.11293481290340424,13,0,False,False,False,False,False,False,0,28a6681f,CLOSE,identity
29,0.09525012504309416,0.10472629219293594,0.11661139130592346,14,0,False,False,False,False,False,False,0,28a6681f,CLOSE,rot270
31,0.10132082086056471,0.1107969880104065,0.11748552570740382,15,24,False,False,False,False,False,False,0,28a6681f,CLOSE,rot180
16,0.058138283900916576,0.06761445105075836,0.1213366116086642,16,0,False,False,False,False,False,False,0,28a6681f,CLOSE,transpose
3,0.025716296397149563,0.03519246354699135,0.12159005304177602,17,12,False,False,True,False,False,False,0,28a6681f,CLOSE,identity
20,0.06346497219055891,0.0729411393404007,0.12223686184734106,18,24,False,False,False,False,False,False,0,28a6681f,CLOSE,rot270
23,0.06979882251471281,0.0792749896645546,0.1255271484454473,19,24,False,False,False,False,False,False,0,28a6681f,CLOSE,anti_transpose
18,0.061536784283816814,0.0710129514336586,0.13160060346126556,20,24,False,False,False,False,False,False,0,28a6681f,CLOSE,flip_ud
14,0.05518162529915571,0.0646577924489975,0.13432588055729866,21,24,False,False,False,False,False,False,0,28a6681f,CLOSE,rot90
40,0.13792273681610823,0.14739890396595,0.14939646671215692,22,72,False,False,False,False,False,False,0,28a6681f,CLOSE,rot180
17,0.06022804509848356,0.06970421224832535,0.1565961812933286,23,24,False,False,False,False,False,False,0,28a6681f,CLOSE,transpose
39,0.13713263254612684,0.14660879969596863,0.15698235481977463,24,48,False,False,False,False,False,False,0,28a6681f,CLOSE,rot180
35,0.11007295083254576,0.11954911798238754,0.17116337517897287,25,48,False,False,False,False,False,False,0,28a6681f,CLOSE,flip_ud
26,0.0919751850888133,0.10145135223865509,0.17256555954615274,26,72,False,False,False,False,False,False,0,28a6681f,CLOSE,rot90
38,0.13206331711262465,0.14153948426246643,0.173316091299057,27,72,False,False,False,False,False,False,0,28a6681f,CLOSE,flip_ud
25,0.09058574866503477,0.10006191581487656,0.17787918945153555,28,48,False,False,False,False,False,False,0,28a6681f,CLOSE,rot90
32,0.10239117126911879,0.11186733841896057,0.1785363182425499,29,48,False,False,False,False,False,False,0,28a6681f,CLOSE,anti_transpose
2,0.009562431834638119,0.019038598984479904,0.18002939720948538,30,24,False,True,True,False,False,False,0,28a6681f,CLOSE,flip_lr
33,0.10551323276013136,0.11498939990997314,0.18294997016588846,31,72,False,False,False,False,False,False,0,28a6681f,CLOSE,rot270
37,0.11407571565359831,0.1235518828034401,0.19214803725481033,32,72,False,False,False,False,False,False,0,28a6681f,CLOSE,anti_transpose
34,0.10937875043600798,0.11885491758584976,0.20504948620994887,33,48,False,False,False,False,False,False,0,28a6681f,CLOSE,rot270
1,0.0,0.009476167149841785,0.22404243548711142,34,24,True,True,True,False,False,False,0,28a6681f,CLOSE,identity
28,0.09431534539908171,0.10379151254892349,0.2299004445473353,35,72,False,False,False,False,False,False,0,28a6681f,CLOSE,transpose
36,0.1139938561245799,0.12347002327442169,0.24730375905831656,36,48,False,False,False,False,False,False,0,28a6681f,CLOSE,transpose
22,0.06874546688050032,0.0782216340303421,0.2476643572251002,37,48,False,False,False,False,False,False,0,28a6681f,CLOSE,flip_lr
21,0.06633767765015364,0.07581384479999542,0.2572459528843562,38,72,False,False,False,False,False,False,0,28a6681f,CLOSE,flip_lr
12,0.050620815716683865,0.06009698286652565,0.2859928806622823,39,72,False,False,False,False,False,False,0,28a6681f,CLOSE,identity
6,0.03008377831429243,0.039559945464134216,0.2962593187888463,40,48,False,False,False,False,False,False,0,28a6681f,CLOSE,identity
3,0.0421755313873291,0.3020872175693512,0.20283054808775583,1,0,False,False,True,True,True,True,0,89565ca0,MODERATELY_DIFFERENT,rot270
4,0.048671066761016846,0.30858275294303894,0.21314126253128052,2,0,False,False,True,False,True,True,0,89565ca0,MODERATELY_DIFFERENT,rot180
16,0.31002435088157654,0.5699360370635986,0.24196083967884383,3,12,False,False,False,False,False,True,0,89565ca0,MODERATELY_DIFFERENT,transpose
5,0.05262377858161926,0.31253546476364136,0.25327510635058087,4,0,False,False,False,False,False,True,0,89565ca0,MODERATELY_DIFFERENT,flip_ud
34,0.5473847687244415,0.8072964549064636,0.2651020681951195,5,24,False,False,False,False,False,False,0,89565ca0,MODERATELY_DIFFERENT,rot270
11,0.20290645956993103,0.4628181457519531,0.2663266360759735,6,0,False,False,False,False,False,False,0,89565ca0,MODERATELY_DIFFERENT,transpose
1,0.0,0.2599116861820221,0.2712917973597844,7,0,True,True,True,False,False,False,0,89565ca0,MODERATELY_DIFFERENT,rot90
19,0.35192784667015076,0.6118395328521729,0.27338680624961853,8,12,False,False,False,False,False,False,0,89565ca0,MODERATELY_DIFFERENT,rot180
17,0.31570956110954285,0.5756212472915649,0.2900375525156657,9,12,False,False,False,False,False,False,0,89565ca0,MODERATELY_DIFFERENT,rot270
10,0.19299247860908508,0.4529041647911072,0.30495041360457736,10,12,False,False,False,False,False,False,0,89565ca0,MODERATELY_DIFFERENT,rot90
30,0.5218569338321686,0.7817686200141907,0.31529780601461727,11,48,False,False,False,False,False,False,0,89565ca0,MODERATELY_DIFFERENT,rot90
9,0.1854833960533142,0.4453950822353363,0.32733434438705444,12,0,False,False,False,False,False,False,0,89565ca0,MODERATELY_DIFFERENT,identity
8,0.13496211171150208,0.39487379789352417,0.3314104477564494,13,0,False,False,False,False,False,False,0,89565ca0,MODERATELY_DIFFERENT,anti_transpose
38,0.5887381136417389,0.848649799823761,0.3338332762941718,14,48,False,False,False,False,False,False,0,89565ca0,MODERATELY_DIFFERENT,rot180
2,0.028738439083099365,0.28865012526512146,0.3444512188434601,15,0,False,True,True,False,False,False,0,89565ca0,MODERATELY_DIFFERENT,flip_lr
25,0.47749629616737366,0.7374079823493958,0.34756174435218173,16,48,False,False,False,False,False,False,0,89565ca0,MODERATELY_DIFFERENT,rot270
39,0.6168682277202606,0.8767799139022827,0.34952581545803696,17,48,False,False,False,False,False,False,0,89565ca0,MODERATELY_DIFFERENT,flip_ud
20,0.3556271493434906,0.6155388355255127,0.36336061358451843,18,12,False,False,False,False,False,False,0,89565ca0,MODERATELY_DIFFERENT,flip_ud
22,0.36639419198036194,0.626305878162384,0.3709649195273717,19,12,False,False,False,False,False,False,0,89565ca0,MODERATELY_DIFFERENT,identity
36,0.5534137189388275,0.8133254051208496,0.3773351022003529,20,72,False,False,False,False,False,False,0,89565ca0,MODERATELY_DIFFERENT,flip_ud
32,0.5466675460338593,0.8065792322158813,0.3847094653174281,21,72,False,False,False,False,False,False,0,89565ca0,MODERATELY_DIFFERENT,rot90
40,0.7044411599636078,0.9643528461456299,0.38533574746300775,22,48,False,False,False,False,False,False,0,89565ca0,MODERATELY_DIFFERENT,identity
37,0.5715002715587616,0.8314119577407837,0.38948492845520377,23,48,False,False,False,False,False,False,0,89565ca0,MODERATELY_DIFFERENT,transpose
27,0.5000385940074921,0.7599502801895142,0.3919176161289215,24,24,False,False,False,False,False,False,0,89565ca0,MODERATELY_DIFFERENT,transpose
31,0.544926792383194,0.8048384785652161,0.4024222319324811,25,72,False,False,False,False,False,False,0,89565ca0,MODERATELY_DIFFERENT,identity
33,0.5466770827770233,0.8065887689590454,0.40628682884077233,26,72,False,False,False,False,False,False,0,89565ca0,MODERATELY_DIFFERENT,rot180
13,0.21620061993598938,0.4761123061180115,0.41094953815142315,27,24,False,False,False,False,False,False,0,89565ca0,MODERATELY_DIFFERENT,identity
29,0.5025540888309479,0.76246577501297,0.4289737039556106,28,48,False,False,False,False,False,False,0,89565ca0,MODERATELY_DIFFERENT,anti_transpose
28,0.5022964775562286,0.7622081637382507,0.44104214819769066,29,48,False,False,False,False,False,False,0,89565ca0,MODERATELY_DIFFERENT,flip_lr
21,0.3623180091381073,0.6222296953201294,0.4482680167032716,30,72,False,False,False,False,False,False,0,89565ca0,MODERATELY_DIFFERENT,rot270
14,0.21621131896972656,0.47612300515174866,0.46664124727249146,31,12,False,False,False,False,False,False,0,89565ca0,MODERATELY_DIFFERENT,anti_transpose
6,0.10499942302703857,0.36491110920906067,0.4686326285203298,32,12,False,False,False,False,False,False,0,89565ca0,MODERATELY_DIFFERENT,flip_lr
7,0.10674154758453369,0.3666532337665558,0.47047339131434757,33,24,False,False,False,False,False,False,0,89565ca0,MODERATELY_DIFFERENT,flip_lr
35,0.5499246418476105,0.8098363280296326,0.5043239543835322,34,24,False,False,False,False,False,False,0,89565ca0,MODERATELY_DIFFERENT,flip_ud
24,0.44292107224464417,0.7028327584266663,0.5054311205943426,35,24,False,False,False,False,False,False,0,89565ca0,MODERATELY_DIFFERENT,rot180
15,0.2169003188610077,0.4768120050430298,0.52026442065835,36,24,False,False,False,False,False,False,0,89565ca0,MODERATELY_DIFFERENT,rot90
23,0.37915435433387756,0.6390660405158997,0.5366987702824796,37,72,False,False,False,False,False,False,0,89565ca0,MODERATELY_DIFFERENT,transpose
18,0.3375720679759979,0.59748375415802,0.5700969469423095,38,72,False,False,False,False,False,False,0,89565ca0,MODERATELY_DIFFERENT,flip_lr
26,0.47916755080223083,0.7390792369842529,0.572106523749729,39,72,False,False,False,False,False,False,0,89565ca0,MODERATELY_DIFFERENT,anti_transpose
12,0.21532690525054932,0.4752385914325714,0.6903350651264191,40,24,False,False,False,False,False,False,0,89565ca0,MODERATELY_DIFFERENT,anti_transpose
31,0.006955499527975917,0.0102631701156497,0.011504704132676125,1,12,False,False,False,True,True,True,0,a47bf94d,MODERATELY_DIFFERENT,identity
38,0.011953695444390178,0.015261366032063961,0.011661884064475695,2,12,False,False,False,False,True,True,0,a47bf94d,MODERATELY_DIFFERENT,transpose
34,0.008266695542261004,0.011574366129934788,0.012062363171329102,3,0,False,False,False,False,False,True,0,a47bf94d,MODERATELY_DIFFERENT,transpose
6,0.0017895542550832033,0.005097224842756987,0.012148955216010412,4,0,False,False,False,False,False,True,0,a47bf94d,MODERATELY_DIFFERENT,rot90
22,0.004167354898527265,0.007475025486201048,0.012571046439309915,5,12,False,False,False,False,False,False,0,a47bf94d,MODERATELY_DIFFERENT,rot90
36,0.010800693882629275,0.014108364470303059,0.012977923732250929,6,24,False,False,False,False,False,False,0,a47bf94d,MODERATELY_DIFFERENT,identity
17,0.003312694141641259,0.0066203647293150425,0.01421229417125384,7,0,False,False,False,False,False,False,0,a47bf94d,MODERATELY_DIFFERENT,identity
16,0.0032247526105493307,0.006532423198223114,0.014341379515826702,8,12,False,False,False,False,False,False,0,a47bf94d,MODERATELY_DIFFERENT,flip_lr
9,0.00203373352997005,0.005341404117643833,0.015480604333182177,9,0,False,False,False,False,False,False,0,a47bf94d,MODERATELY_DIFFERENT,flip_lr
30,0.006145516177639365,0.009453186765313148,0.015652988106012344,10,0,False,False,False,False,False,False,0,a47bf94d,MODERATELY_DIFFERENT,rot270
32,0.0070511100348085165,0.0103587806224823,0.016660663299262524,11,0,False,False,False,False,False,False,0,a47bf94d,MODERATELY_DIFFERENT,anti_transpose
20,0.003833811031654477,0.00714148161932826,0.016668342985212803,12,48,False,False,False,False,False,False,0,a47bf94d,MODERATELY_DIFFERENT,identity
27,0.005577613366767764,0.008885283954441547,0.017321760766208172,13,24,False,False,False,False,False,False,0,a47bf94d,MODERATELY_DIFFERENT,flip_lr
25,0.0048002449329942465,0.00810791552066803,0.017700723993281525,14,0,False,False,False,False,False,False,0,a47bf94d,MODERATELY_DIFFERENT,flip_ud
21,0.003958721878007054,0.007266392465680838,0.017823305291434128,15,12,False,False,False,False,False,False,0,a47bf94d,MODERATELY_DIFFERENT,flip_ud
28,0.005962948082014918,0.009270618669688702,0.018863244603077572,16,48,False,False,False,False,False,False,0,a47bf94d,MODERATELY_DIFFERENT,transpose
35,0.008899735985323787,0.01220740657299757,0.01895628000299136,17,12,False,False,False,False,False,False,0,a47bf94d,MODERATELY_DIFFERENT,rot270
1,0.0,0.0033076705876737833,0.019092230902363855,18,48,True,True,True,False,False,False,0,a47bf94d,MODERATELY_DIFFERENT,rot90
37,0.011908573796972632,0.015216244384646416,0.01976999795685212,19,24,False,False,False,False,False,False,0,a47bf94d,MODERATELY_DIFFERENT,rot270
29,0.006051457254216075,0.009359127841889858,0.02003481114904086,20,12,False,False,False,False,False,False,0,a47bf94d,MODERATELY_DIFFERENT,anti_transpose
26,0.005462662084028125,0.008770332671701908,0.02004236727952957,21,0,False,False,False,False,False,False,0,a47bf94d,MODERATELY_DIFFERENT,rot180
13,0.002793283434584737,0.00610095402225852,0.02009167584280173,22,12,False,False,False,False,False,False,0,a47bf94d,MODERATELY_DIFFERENT,rot180
33,0.007413482991978526,0.01072115357965231,0.021065881475806236,23,24,False,False,False,False,False,False,0,a47bf94d,MODERATELY_DIFFERENT,rot90
15,0.002993908477947116,0.006301579065620899,0.021102723975976307,24,72,False,False,False,False,False,False,0,a47bf94d,MODERATELY_DIFFERENT,identity
3,0.0008315842133015394,0.004139254800975323,0.022438677338262398,25,48,False,False,True,False,False,False,0,a47bf94d,MODERATELY_DIFFERENT,flip_lr
14,0.0029680945444852114,0.006275765132158995,0.022693303258468706,26,72,False,False,False,False,False,False,0,a47bf94d,MODERATELY_DIFFERENT,rot90
19,0.0034707298036664724,0.006778400391340256,0.02370400687990089,27,72,False,False,False,False,False,False,0,a47bf94d,MODERATELY_DIFFERENT,transpose
24,0.0047108212020248175,0.0080184917896986,0.024917377158999443,28,24,False,False,False,False,False,False,0,a47bf94d,MODERATELY_DIFFERENT,transpose
18,0.0033890472259372473,0.006696717813611031,0.0259500357011954,29,24,False,False,False,False,False,False,0,a47bf94d,MODERATELY_DIFFERENT,flip_ud
8,0.0019484760705381632,0.0052561466582119465,0.025982716120779514,30,48,False,False,False,False,False,False,0,a47bf94d,MODERATELY_DIFFERENT,flip_ud
5,0.0012613751459866762,0.0045690457336604595,0.027103981313606102,31,24,False,False,False,False,False,False,0,a47bf94d,MODERATELY_DIFFERENT,rot180
2,0.0005087109748274088,0.003816381562501192,0.027429668543239433,32,72,False,True,True,False,False,False,0,a47bf94d,MODERATELY_DIFFERENT,flip_ud
40,0.014997025718912482,0.018304696306586266,0.028454807897408802,33,48,False,False,False,False,False,False,0,a47bf94d,MODERATELY_DIFFERENT,rot270
7,0.0018586742226034403,0.005166344810277224,0.02943439284960429,34,48,False,False,False,False,False,False,0,a47bf94d,MODERATELY_DIFFERENT,rot180
4,0.0008843408431857824,0.004192011430859566,0.030961375683546066,35,48,False,False,True,False,False,False,0,a47bf94d,MODERATELY_DIFFERENT,anti_transpose
10,0.002112657530233264,0.005420328117907047,0.03154795058071613,36,72,False,False,False,False,False,False,0,a47bf94d,MODERATELY_DIFFERENT,anti_transpose
11,0.0027000035624951124,0.006007674150168896,0.031957090832293034,37,72,False,False,False,False,False,False,0,a47bf94d,MODERATELY_DIFFERENT,flip_lr
12,0.0027582489419728518,0.006065919529646635,0.032157095770041146,38,24,False,False,False,False,False,False,0,a47bf94d,MODERATELY_DIFFERENT,anti_transpose
39,0.014096144353970885,0.01740381494164467,0.033385576059420906,39,72,False,False,False,False,False,False,0,a47bf94d,MODERATELY_DIFFERENT,rot270
23,0.004263254115357995,0.007570924703031778,0.03553967239956061,40,72,False,False,False,False,False,False,0,a47bf94d,MODERATELY_DIFFERENT,rot180
12,0.005922088399529457,0.023100653663277626,0.018139418835441273,1,24,False,False,False,True,True,True,0,e87109e9,MODERATELY_DIFFERENT,rot270
25,0.010213561356067657,0.027392126619815826,0.01970882589618365,2,48,False,False,False,False,True,True,0,e87109e9,MODERATELY_DIFFERENT,rot270
3,0.0010194648057222366,0.018198030069470406,0.020065514991680782,3,24,False,False,True,False,False,True,0,e87109e9,MODERATELY_DIFFERENT,flip_ud
36,0.01658107340335846,0.03375963866710663,0.020711784561475117,4,72,False,False,False,False,False,True,0,e87109e9,MODERATELY_DIFFERENT,rot270
6,0.00173976831138134,0.01891833357512951,0.021660533112784226,5,24,False,False,False,False,False,False,0,e87109e9,MODERATELY_DIFFERENT,rot180
5,0.0016479361802339554,0.018826501443982124,0.022733654205997784,6,12,False,False,False,False,False,False,0,e87109e9,MODERATELY_DIFFERENT,flip_ud
19,0.0077411457896232605,0.02491971105337143,0.023443869004646938,7,12,False,False,False,False,False,False,0,e87109e9,MODERATELY_DIFFERENT,rot270
21,0.008040163666009903,0.025218728929758072,0.023844872290889423,8,24,False,False,False,False,False,False,0,e87109e9,MODERATELY_DIFFERENT,flip_lr
7,0.0019665081053972244,0.019145073369145393,0.02447177531818549,9,12,False,False,False,False,False,False,0,e87109e9,MODERATELY_DIFFERENT,anti_transpose
13,0.006099103018641472,0.02327766828238964,0.02562379278242588,10,12,False,False,False,False,False,False,0,e87109e9,MODERATELY_DIFFERENT,transpose
8,0.0021639373153448105,0.01934250257909298,0.02652222601075967,11,48,False,False,False,False,False,False,0,e87109e9,MODERATELY_DIFFERENT,flip_ud
33,0.013862602412700653,0.031041167676448822,0.027602205673853557,12,0,False,False,False,False,False,False,0,e87109e9,MODERATELY_DIFFERENT,rot180
9,0.0023550335317850113,0.01953359879553318,0.02771269405881564,13,0,False,False,False,False,False,False,0,e87109e9,MODERATELY_DIFFERENT,flip_ud
4,0.0013125482946634293,0.018491113558411598,0.02795291878283024,14,12,False,False,True,False,False,False,0,e87109e9,MODERATELY_DIFFERENT,rot180
32,0.013276195153594017,0.030454760417342186,0.028498958175381024,15,24,False,False,False,False,False,False,0,e87109e9,MODERATELY_DIFFERENT,transpose
22,0.008519651368260384,0.025698216632008553,0.028713200241327286,16,48,False,False,False,False,False,False,0,e87109e9,MODERATELY_DIFFERENT,flip_lr
17,0.0073545705527067184,0.024533135816454887,0.0290621401121219,17,48,False,False,False,False,False,False,0,e87109e9,MODERATELY_DIFFERENT,rot180
20,0.007778473198413849,0.024957038462162018,0.029655064766605694,18,72,False,False,False,False,False,False,0,e87109e9,MODERATELY_DIFFERENT,flip_ud
39,0.026355553418397903,0.04353411868214607,0.02979274094104767,19,48,False,False,False,False,False,False,0,e87109e9,MODERATELY_DIFFERENT,transpose
15,0.006929649040102959,0.024108214303851128,0.029857845976948738,20,0,False,False,False,False,False,False,0,e87109e9,MODERATELY_DIFFERENT,rot270
23,0.008738534525036812,0.02591709978878498,0.03029007961352666,21,72,False,False,False,False,False,False,0,e87109e9,MODERATELY_DIFFERENT,anti_transpose
24,0.009602867066860199,0.026781432330608368,0.031047775720556576,22,0,False,False,False,False,False,False,0,e87109e9,MODERATELY_DIFFERENT,anti_transpose
2,0.00027697160840034485,0.017455536872148514,0.031103073929746945,23,12,False,True,True,False,False,False,0,e87109e9,MODERATELY_DIFFERENT,rot90
30,0.012494197115302086,0.029672762379050255,0.031622475013136864,24,72,False,False,False,False,False,False,0,e87109e9,MODERATELY_DIFFERENT,flip_lr
10,0.003440188243985176,0.020618753507733345,0.03193960959712664,25,24,False,False,False,False,False,False,0,e87109e9,MODERATELY_DIFFERENT,anti_transpose
31,0.012953246012330055,0.030131811276078224,0.03214951604604721,26,72,False,False,False,False,False,False,0,e87109e9,MODERATELY_DIFFERENT,rot180
27,0.01037420891225338,0.02755277417600155,0.03223965751628081,27,0,False,False,False,False,False,False,0,e87109e9,MODERATELY_DIFFERENT,flip_lr
1,0.0,0.01717856526374817,0.032892112930615745,28,24,True,True,True,False,False,False,0,e87109e9,MODERATELY_DIFFERENT,rot90
35,0.01520327478647232,0.03238184005022049,0.03290344402194023,29,0,False,False,False,False,False,False,0,e87109e9,MODERATELY_DIFFERENT,transpose
16,0.00710722804069519,0.02428579330444336,0.03394619561731815,30,12,False,False,False,False,False,False,0,e87109e9,MODERATELY_DIFFERENT,identity
18,0.0073984842747449875,0.024577049538493156,0.03449673826495806,31,12,False,False,False,False,False,False,0,e87109e9,MODERATELY_DIFFERENT,flip_lr
26,0.01031598448753357,0.02749454975128174,0.034531354904174805,32,0,False,False,False,False,False,False,0,e87109e9,MODERATELY_DIFFERENT,rot90
29,0.012493448331952095,0.029672013595700264,0.03467027967174848,33,0,False,False,False,False,False,False,0,e87109e9,MODERATELY_DIFFERENT,identity
11,0.004993906244635582,0.02217247150838375,0.035412302861611046,34,48,False,False,False,False,False,False,0,e87109e9,MODERATELY_DIFFERENT,anti_transpose
14,0.006824444979429245,0.024003010243177414,0.03565979252258936,35,48,False,False,False,False,False,False,0,e87109e9,MODERATELY_DIFFERENT,rot90
28,0.01194002665579319,0.02911859191954136,0.035764958088596664,36,24,False,False,False,False,False,False,0,e87109e9,MODERATELY_DIFFERENT,identity
37,0.01823759824037552,0.03541616350412369,0.036331940442323685,37,48,False,False,False,False,False,False,0,e87109e9,MODERATELY_DIFFERENT,identity
40,0.030495550483465195,0.047674115747213364,0.03865325885514418,38,72,False,False,False,False,False,False,0,e87109e9,MODERATELY_DIFFERENT,transpose
38,0.02530587837100029,0.04248444363474846,0.04037857614457607,39,72,False,False,False,False,False,False,0,e87109e9,MODERATELY_DIFFERENT,identity
34,0.014966152608394623,0.03214471787214279,0.041214028373360634,40,72,False,False,False,False,False,False,0,e87109e9,MODERATELY_DIFFERENT,rot90
25,0.06360380374826491,0.06678196042776108,0.02351914004733165,1,12,False,False,False,True,True,True,0,fc7cae8d,MODERATELY_DIFFERENT,flip_ud
40,0.1782719271723181,0.18145008385181427,0.035029227224489055,2,72,False,False,False,False,True,True,0,fc7cae8d,MODERATELY_DIFFERENT,rot270
7,0.02246799715794623,0.025646153837442398,0.03604818958168229,3,12,False,False,False,False,False,True,0,fc7cae8d,MODERATELY_DIFFERENT,identity
10,0.03350745909847319,0.03668561577796936,0.03799893564428203,4,24,False,False,False,False,False,True,0,fc7cae8d,MODERATELY_DIFFERENT,identity
32,0.07927247905172408,0.08245063573122025,0.03894107276573777,5,24,False,False,False,False,False,False,0,fc7cae8d,MODERATELY_DIFFERENT,rot270
11,0.0337639229837805,0.03694207966327667,0.046391588635742664,6,12,False,False,False,False,False,False,0,fc7cae8d,MODERATELY_DIFFERENT,rot180
21,0.049924966180697083,0.05310312286019325,0.04665005331238111,7,12,False,False,False,False,False,False,0,fc7cae8d,MODERATELY_DIFFERENT,transpose
5,0.01855597668327391,0.02173413336277008,0.052077206472555794,8,12,False,False,False,False,False,False,0,fc7cae8d,MODERATELY_DIFFERENT,anti_transpose
39,0.13352353149093688,0.13670168817043304,0.053116982181866966,9,48,False,False,False,False,False,False,0,fc7cae8d,MODERATELY_DIFFERENT,rot270
15,0.04103818931616843,0.0442163459956646,0.05543427790204684,10,0,False,False,False,False,False,False,0,fc7cae8d,MODERATELY_DIFFERENT,identity
22,0.05248105921782553,0.0556592158973217,0.055454984307289124,11,24,False,False,False,False,False,False,0,fc7cae8d,MODERATELY_DIFFERENT,flip_ud
8,0.026655156398192048,0.029833313077688217,0.05862164621551832,12,48,False,False,False,False,False,False,0,fc7cae8d,MODERATELY_DIFFERENT,rot180
13,0.03921601199544966,0.04239416867494583,0.059403681506713234,13,72,False,False,False,False,False,False,0,fc7cae8d,MODERATELY_DIFFERENT,rot180
26,0.06679783784784377,0.06997599452733994,0.06145241546134154,14,48,False,False,False,False,False,False,0,fc7cae8d,MODERATELY_DIFFERENT,transpose
12,0.037289180094376206,0.040467336773872375,0.061980356772740684,15,48,False,False,False,False,False,False,0,fc7cae8d,MODERATELY_DIFFERENT,identity
23,0.05278363102115691,0.055961787700653076,0.06351461634039879,16,48,False,False,False,False,False,False,0,fc7cae8d,MODERATELY_DIFFERENT,flip_ud
35,0.0917863103095442,0.09496446698904037,0.06654347262034814,17,12,False,False,False,False,False,False,0,fc7cae8d,MODERATELY_DIFFERENT,rot270
4,0.01843752176500857,0.021615678444504738,0.06968606015046437,18,72,False,False,True,False,False,False,0,fc7cae8d,MODERATELY_DIFFERENT,identity
29,0.0727588462177664,0.07593700289726257,0.07028812170028687,19,72,False,False,False,False,False,False,0,fc7cae8d,MODERATELY_DIFFERENT,flip_ud
16,0.0424144493881613,0.04559260606765747,0.07068539622317378,20,24,False,False,False,False,False,False,0,fc7cae8d,MODERATELY_DIFFERENT,rot180
36,0.09608479612506926,0.09926295280456543,0.07717276240388553,21,72,False,False,False,False,False,False,0,fc7cae8d,MODERATELY_DIFFERENT,transpose
19,0.04853865155018866,0.05171680822968483,0.08865249529480934,22,24,False,False,False,False,False,False,0,fc7cae8d,MODERATELY_DIFFERENT,transpose
9,0.032074079150334,0.03525223582983017,0.08967215692003568,23,0,False,False,False,False,False,False,0,fc7cae8d,MODERATELY_DIFFERENT,transpose
2,0.0006061352323740721,0.003784291911870241,0.09285084654887517,24,48,False,True,True,False,False,False,0,fc7cae8d,MODERATELY_DIFFERENT,anti_transpose
1,0.0,0.003178156679496169,0.0973143254717191,25,72,True,True,True,False,False,False,0,fc7cae8d,MODERATELY_DIFFERENT,anti_transpose
38,0.13143674307502806,0.13461489975452423,0.10339196771383286,26,48,False,False,False,False,False,False,0,fc7cae8d,MODERATELY_DIFFERENT,flip_lr
17,0.042883202666416764,0.04606135934591293,0.10378463504215081,27,12,False,False,False,False,False,False,0,fc7cae8d,MODERATELY_DIFFERENT,flip_lr
34,0.0835782962385565,0.08675645291805267,0.10406325260798137,28,0,False,False,False,False,False,False,0,fc7cae8d,MODERATELY_DIFFERENT,flip_lr
28,0.06796439760364592,0.07114255428314209,0.10592645220458508,29,0,False,False,False,False,False,False,0,fc7cae8d,MODERATELY_DIFFERENT,flip_ud
31,0.07630997174419463,0.0794881284236908,0.1133163341631492,30,0,False,False,False,False,False,False,0,fc7cae8d,MODERATELY_DIFFERENT,rot90
24,0.054391477489843965,0.057569634169340134,0.11603212480743726,31,0,False,False,False,False,False,False,0,fc7cae8d,MODERATELY_DIFFERENT,anti_transpose
3,0.01281935558654368,0.01599751226603985,0.11823989450931549,32,24,False,False,True,False,False,False,0,fc7cae8d,MODERATELY_DIFFERENT,anti_transpose
37,0.10405544214881957,0.10723359882831573,0.11956310272216797,33,0,False,False,False,False,False,False,0,fc7cae8d,MODERATELY_DIFFERENT,rot270
20,0.04861555644311011,0.05179371312260628,0.1252768368770679,34,12,False,False,False,False,False,False,0,fc7cae8d,MODERATELY_DIFFERENT,rot90
27,0.06741796457208693,0.0705961212515831,0.12576721608638763,35,72,False,False,False,False,False,False,0,fc7cae8d,MODERATELY_DIFFERENT,flip_lr
14,0.040375333512201905,0.043553490191698074,0.12587264676888785,36,48,False,False,False,False,False,False,0,fc7cae8d,MODERATELY_DIFFERENT,rot90
30,0.07418353878892958,0.07736169546842575,0.14609855537613234,37,72,False,False,False,False,False,False,0,fc7cae8d,MODERATELY_DIFFERENT,rot90
6,0.01947497227229178,0.02265312895178795,0.1501334086060524,38,0,False,False,False,False,False,False,0,fc7cae8d,MODERATELY_DIFFERENT,rot180
33,0.08034662180580199,0.08352477848529816,0.15962643238405386,39,24,False,False,False,False,False,False,0,fc7cae8d,MODERATELY_DIFFERENT,rot90
18,0.04673230671323836,0.04991046339273453,0.18830562134583792,40,24,False,False,False,False,False,False,0,fc7cae8d,MODERATELY_DIFFERENT,flip_lr
