K,depth,depth_marginal_support,depth_winner_agreement,depth_winners_json,fold_count,joint_support,joint_winner_agreement,joint_winners_json,output_index,record_type,task_id,view,view_marginal_support,view_winner_agreement,view_winners_json
,,,0.75,"[48, 24, 24, 24]",4,,0.25,"[[48, ""anti_transpose""], [24, ""transpose""], [24, ""rot270""], [24, ""flip_ud""]]",0,winner_summary,21897d95,,,0.25,"[""anti_transpose"", ""transpose"", ""rot270"", ""flip_ud""]"
1,0,0,,,,0,,,0,topk_cell_support,21897d95,identity,0,,
1,0,0,,,,0,,,0,topk_cell_support,21897d95,rot90,0,,
1,0,0,,,,0,,,0,topk_cell_support,21897d95,rot180,0,,
1,0,0,,,,0,,,0,topk_cell_support,21897d95,rot270,1,,
1,0,0,,,,0,,,0,topk_cell_support,21897d95,flip_lr,0,,
1,0,0,,,,0,,,0,topk_cell_support,21897d95,flip_ud,1,,
1,0,0,,,,0,,,0,topk_cell_support,21897d95,transpose,1,,
1,0,0,,,,0,,,0,topk_cell_support,21897d95,anti_transpose,1,,
1,12,0,,,,0,,,0,topk_cell_support,21897d95,identity,0,,
1,12,0,,,,0,,,0,topk_cell_support,21897d95,rot90,0,,
1,12,0,,,,0,,,0,topk_cell_support,21897d95,rot180,0,,
1,12,0,,,,0,,,0,topk_cell_support,21897d95,rot270,1,,
1,12,0,,,,0,,,0,topk_cell_support,21897d95,flip_lr,0,,
1,12,0,,,,0,,,0,topk_cell_support,21897d95,flip_ud,1,,
1,12,0,,,,0,,,0,topk_cell_support,21897d95,transpose,1,,
1,12,0,,,,0,,,0,topk_cell_support,21897d95,anti_transpose,1,,
1,24,3,,,,0,,,0,topk_cell_support,21897d95,identity,0,,
1,24,3,,,,0,,,0,topk_cell_support,21897d95,rot90,0,,
1,24,3,,,,0,,,0,topk_cell_support,21897d95,rot180,0,,
1,24,3,,,,1,,,0,topk_cell_support,21897d95,rot270,1,,
1,24,3,,,,0,,,0,topk_cell_support,21897d95,flip_lr,0,,
1,24,3,,,,1,,,0,topk_cell_support,21897d95,flip_ud,1,,
1,24,3,,,,1,,,0,topk_cell_support,21897d95,transpose,1,,
1,24,3,,,,0,,,0,topk_cell_support,21897d95,anti_transpose,1,,
1,48,1,,,,0,,,0,topk_cell_support,21897d95,identity,0,,
1,48,1,,,,0,,,0,topk_cell_support,21897d95,rot90,0,,
1,48,1,,,,0,,,0,topk_cell_support,21897d95,rot180,0,,
1,48,1,,,,0,,,0,topk_cell_support,21897d95,rot270,1,,
1,48,1,,,,0,,,0,topk_cell_support,21897d95,flip_lr,0,,
1,48,1,,,,0,,,0,topk_cell_support,21897d95,flip_ud,1,,
1,48,1,,,,0,,,0,topk_cell_support,21897d95,transpose,1,,
1,48,1,,,,1,,,0,topk_cell_support,21897d95,anti_transpose,1,,
1,72,0,,,,0,,,0,topk_cell_support,21897d95,identity,0,,
1,72,0,,,,0,,,0,topk_cell_support,21897d95,rot90,0,,
1,72,0,,,,0,,,0,topk_cell_support,21897d95,rot180,0,,
1,72,0,,,,0,,,0,topk_cell_support,21897d95,rot270,1,,
1,72,0,,,,0,,,0,topk_cell_support,21897d95,flip_lr,0,,
1,72,0,,,,0,,,0,topk_cell_support,21897d95,flip_ud,1,,
1,72,0,,,,0,,,0,topk_cell_support,21897d95,transpose,1,,
1,72,0,,,,0,,,0,topk_cell_support,21897d95,anti_transpose,1,,
2,0,0,,,,0,,,0,topk_cell_support,21897d95,identity,0,,
2,0,0,,,,0,,,0,topk_cell_support,21897d95,rot90,1,,
2,0,0,,,,0,,,0,topk_cell_support,21897d95,rot180,0,,
2,0,0,,,,0,,,0,topk_cell_support,21897d95,rot270,1,,
2,0,0,,,,0,,,0,topk_cell_support,21897d95,flip_lr,0,,
2,0,0,,,,0,,,0,topk_cell_support,21897d95,flip_ud,2,,
2,0,0,,,,0,,,0,topk_cell_support,21897d95,transpose,2,,
2,0,0,,,,0,,,0,topk_cell_support,21897d95,anti_transpose,2,,
2,12,0,,,,0,,,0,topk_cell_support,21897d95,identity,0,,
2,12,0,,,,0,,,0,topk_cell_support,21897d95,rot90,1,,
2,12,0,,,,0,,,0,topk_cell_support,21897d95,rot180,0,,
2,12,0,,,,0,,,0,topk_cell_support,21897d95,rot270,1,,
2,12,0,,,,0,,,0,topk_cell_support,21897d95,flip_lr,0,,
2,12,0,,,,0,,,0,topk_cell_support,21897d95,flip_ud,2,,
2,12,0,,,,0,,,0,topk_cell_support,21897d95,transpose,2,,
2,12,0,,,,0,,,0,topk_cell_support,21897d95,anti_transpose,2,,
2,24,3,,,,0,,,0,topk_cell_support,21897d95,identity,0,,
2,24,3,,,,0,,,0,topk_cell_support,21897d95,rot90,1,,
2,24,3,,,,0,,,0,topk_cell_support,21897d95,rot180,0,,
2,24,3,,,,1,,,0,topk_cell_support,21897d95,rot270,1,,
2,24,3,,,,0,,,0,topk_cell_support,21897d95,flip_lr,0,,
2,24,3,,,,1,,,0,topk_cell_support,21897d95,flip_ud,2,,
2,24,3,,,,1,,,0,topk_cell_support,21897d95,transpose,2,,
2,24,3,,,,0,,,0,topk_cell_support,21897d95,anti_transpose,2,,
2,48,3,,,,0,,,0,topk_cell_support,21897d95,identity,0,,
2,48,3,,,,0,,,0,topk_cell_support,21897d95,rot90,1,,
2,48,3,,,,0,,,0,topk_cell_support,21897d95,rot180,0,,
2,48,3,,,,0,,,0,topk_cell_support,21897d95,rot270,1,,
2,48,3,,,,0,,,0,topk_cell_support,21897d95,flip_lr,0,,
2,48,3,,,,1,,,0,topk_cell_support,21897d95,flip_ud,2,,
2,48,3,,,,1,,,0,topk_cell_support,21897d95,transpose,2,,
2,48,3,,,,1,,,0,topk_cell_support,21897d95,anti_transpose,2,,
2,72,2,,,,0,,,0,topk_cell_support,21897d95,identity,0,,
2,72,2,,,,1,,,0,topk_cell_support,21897d95,rot90,1,,
2,72,2,,,,0,,,0,topk_cell_support,21897d95,rot180,0,,
2,72,2,,,,0,,,0,topk_cell_support,21897d95,rot270,1,,
2,72,2,,,,0,,,0,topk_cell_support,21897d95,flip_lr,0,,
2,72,2,,,,0,,,0,topk_cell_support,21897d95,flip_ud,2,,
2,72,2,,,,0,,,0,topk_cell_support,21897d95,transpose,2,,
2,72,2,,,,1,,,0,topk_cell_support,21897d95,anti_transpose,2,,
4,0,2,,,,0,,,0,topk_cell_support,21897d95,identity,0,,
4,0,2,,,,1,,,0,topk_cell_support,21897d95,rot90,2,,
4,0,2,,,,0,,,0,topk_cell_support,21897d95,rot180,1,,
4,0,2,,,,0,,,0,topk_cell_support,21897d95,rot270,2,,
4,0,2,,,,0,,,0,topk_cell_support,21897d95,flip_lr,1,,
4,0,2,,,,0,,,0,topk_cell_support,21897d95,flip_ud,2,,
4,0,2,,,,0,,,0,topk_cell_support,21897d95,transpose,4,,
4,0,2,,,,1,,,0,topk_cell_support,21897d95,anti_transpose,4,,
4,12,3,,,,0,,,0,topk_cell_support,21897d95,identity,0,,
4,12,3,,,,0,,,0,topk_cell_support,21897d95,rot90,2,,
4,12,3,,,,0,,,0,topk_cell_support,21897d95,rot180,1,,
4,12,3,,,,0,,,0,topk_cell_support,21897d95,rot270,2,,
4,12,3,,,,0,,,0,topk_cell_support,21897d95,flip_lr,1,,
4,12,3,,,,0,,,0,topk_cell_support,21897d95,flip_ud,2,,
4,12,3,,,,2,,,0,topk_cell_support,21897d95,transpose,4,,
4,12,3,,,,1,,,0,topk_cell_support,21897d95,anti_transpose,4,,
4,24,4,,,,0,,,0,topk_cell_support,21897d95,identity,0,,
4,24,4,,,,0,,,0,topk_cell_support,21897d95,rot90,2,,
4,24,4,,,,1,,,0,topk_cell_support,21897d95,rot180,1,,
4,24,4,,,,1,,,0,topk_cell_support,21897d95,rot270,2,,
4,24,4,,,,0,,,0,topk_cell_support,21897d95,flip_lr,1,,
4,24,4,,,,1,,,0,topk_cell_support,21897d95,flip_ud,2,,
4,24,4,,,,1,,,0,topk_cell_support,21897d95,transpose,4,,
4,24,4,,,,0,,,0,topk_cell_support,21897d95,anti_transpose,4,,
4,48,5,,,,0,,,0,topk_cell_support,21897d95,identity,0,,
4,48,5,,,,0,,,0,topk_cell_support,21897d95,rot90,2,,
4,48,5,,,,0,,,0,topk_cell_support,21897d95,rot180,1,,
4,48,5,,,,1,,,0,topk_cell_support,21897d95,rot270,2,,
4,48,5,,,,1,,,0,topk_cell_support,21897d95,flip_lr,1,,
4,48,5,,,,1,,,0,topk_cell_support,21897d95,flip_ud,2,,
4,48,5,,,,1,,,0,topk_cell_support,21897d95,transpose,4,,
4,48,5,,,,1,,,0,topk_cell_support,21897d95,anti_transpose,4,,
4,72,2,,,,0,,,0,topk_cell_support,21897d95,identity,0,,
4,72,2,,,,1,,,0,topk_cell_support,21897d95,rot90,2,,
4,72,2,,,,0,,,0,topk_cell_support,21897d95,rot180,1,,
4,72,2,,,,0,,,0,topk_cell_support,21897d95,rot270,2,,
4,72,2,,,,0,,,0,topk_cell_support,21897d95,flip_lr,1,,
4,72,2,,,,0,,,0,topk_cell_support,21897d95,flip_ud,2,,
4,72,2,,,,0,,,0,topk_cell_support,21897d95,transpose,4,,
4,72,2,,,,1,,,0,topk_cell_support,21897d95,anti_transpose,4,,
8,0,5,,,,0,,,0,topk_cell_support,21897d95,identity,4,,
8,0,5,,,,1,,,0,topk_cell_support,21897d95,rot90,4,,
8,0,5,,,,1,,,0,topk_cell_support,21897d95,rot180,4,,
8,0,5,,,,0,,,0,topk_cell_support,21897d95,rot270,3,,
8,0,5,,,,1,,,0,topk_cell_support,21897d95,flip_lr,3,,
8,0,5,,,,1,,,0,topk_cell_support,21897d95,flip_ud,4,,
8,0,5,,,,0,,,0,topk_cell_support,21897d95,transpose,5,,
8,0,5,,,,1,,,0,topk_cell_support,21897d95,anti_transpose,5,,
8,12,7,,,,2,,,0,topk_cell_support,21897d95,identity,4,,
8,12,7,,,,1,,,0,topk_cell_support,21897d95,rot90,4,,
8,12,7,,,,0,,,0,topk_cell_support,21897d95,rot180,4,,
8,12,7,,,,1,,,0,topk_cell_support,21897d95,rot270,3,,
8,12,7,,,,0,,,0,topk_cell_support,21897d95,flip_lr,3,,
8,12,7,,,,0,,,0,topk_cell_support,21897d95,flip_ud,4,,
8,12,7,,,,2,,,0,topk_cell_support,21897d95,transpose,5,,
8,12,7,,,,1,,,0,topk_cell_support,21897d95,anti_transpose,5,,
8,24,9,,,,2,,,0,topk_cell_support,21897d95,identity,4,,
8,24,9,,,,1,,,0,topk_cell_support,21897d95,rot90,4,,
8,24,9,,,,1,,,0,topk_cell_support,21897d95,rot180,4,,
8,24,9,,,,1,,,0,topk_cell_support,21897d95,rot270,3,,
8,24,9,,,,1,,,0,topk_cell_support,21897d95,flip_lr,3,,
8,24,9,,,,1,,,0,topk_cell_support,21897d95,flip_ud,4,,
8,24,9,,,,1,,,0,topk_cell_support,21897d95,transpose,5,,
8,24,9,,,,1,,,0,topk_cell_support,21897d95,anti_transpose,5,,
8,48,7,,,,0,,,0,topk_cell_support,21897d95,identity,4,,
8,48,7,,,,0,,,0,topk_cell_support,21897d95,rot90,4,,
8,48,7,,,,1,,,0,topk_cell_support,21897d95,rot180,4,,
8,48,7,,,,1,,,0,topk_cell_support,21897d95,rot270,3,,
8,48,7,,,,1,,,0,topk_cell_support,21897d95,flip_lr,3,,
8,48,7,,,,2,,,0,topk_cell_support,21897d95,flip_ud,4,,
8,48,7,,,,1,,,0,topk_cell_support,21897d95,transpose,5,,
8,48,7,,,,1,,,0,topk_cell_support,21897d95,anti_transpose,5,,
8,72,4,,,,0,,,0,topk_cell_support,21897d95,identity,4,,
8,72,4,,,,1,,,0,topk_cell_support,21897d95,rot90,4,,
8,72,4,,,,1,,,0,topk_cell_support,21897d95,rot180,4,,
8,72,4,,,,0,,,0,topk_cell_support,21897d95,rot270,3,,
8,72,4,,,,0,,,0,topk_cell_support,21897d95,flip_lr,3,,
8,72,4,,,,0,,,0,topk_cell_support,21897d95,flip_ud,4,,
8,72,4,,,,1,,,0,topk_cell_support,21897d95,transpose,5,,
8,72,4,,,,1,,,0,topk_cell_support,21897d95,anti_transpose,5,,
,,,0.75,"[48, 24, 24, 24]",4,,0.25,"[[48, ""anti_transpose""], [24, ""transpose""], [24, ""rot270""], [24, ""flip_ud""]]",1,winner_summary,21897d95,,,0.25,"[""anti_transpose"", ""transpose"", ""rot270"", ""flip_ud""]"
1,0,0,,,,0,,,1,topk_cell_support,21897d95,identity,0,,
1,0,0,,,,0,,,1,topk_cell_support,21897d95,rot90,0,,
1,0,0,,,,0,,,1,topk_cell_support,21897d95,rot180,0,,
1,0,0,,,,0,,,1,topk_cell_support,21897d95,rot270,1,,
1,0,0,,,,0,,,1,topk_cell_support,21897d95,flip_lr,0,,
1,0,0,,,,0,,,1,topk_cell_support,21897d95,flip_ud,1,,
1,0,0,,,,0,,,1,topk_cell_support,21897d95,transpose,1,,
1,0,0,,,,0,,,1,topk_cell_support,21897d95,anti_transpose,1,,
1,12,0,,,,0,,,1,topk_cell_support,21897d95,identity,0,,
1,12,0,,,,0,,,1,topk_cell_support,21897d95,rot90,0,,
1,12,0,,,,0,,,1,topk_cell_support,21897d95,rot180,0,,
1,12,0,,,,0,,,1,topk_cell_support,21897d95,rot270,1,,
1,12,0,,,,0,,,1,topk_cell_support,21897d95,flip_lr,0,,
1,12,0,,,,0,,,1,topk_cell_support,21897d95,flip_ud,1,,
1,12,0,,,,0,,,1,topk_cell_support,21897d95,transpose,1,,
1,12,0,,,,0,,,1,topk_cell_support,21897d95,anti_transpose,1,,
1,24,3,,,,0,,,1,topk_cell_support,21897d95,identity,0,,
1,24,3,,,,0,,,1,topk_cell_support,21897d95,rot90,0,,
1,24,3,,,,0,,,1,topk_cell_support,21897d95,rot180,0,,
1,24,3,,,,1,,,1,topk_cell_support,21897d95,rot270,1,,
1,24,3,,,,0,,,1,topk_cell_support,21897d95,flip_lr,0,,
1,24,3,,,,1,,,1,topk_cell_support,21897d95,flip_ud,1,,
1,24,3,,,,1,,,1,topk_cell_support,21897d95,transpose,1,,
1,24,3,,,,0,,,1,topk_cell_support,21897d95,anti_transpose,1,,
1,48,1,,,,0,,,1,topk_cell_support,21897d95,identity,0,,
1,48,1,,,,0,,,1,topk_cell_support,21897d95,rot90,0,,
1,48,1,,,,0,,,1,topk_cell_support,21897d95,rot180,0,,
1,48,1,,,,0,,,1,topk_cell_support,21897d95,rot270,1,,
1,48,1,,,,0,,,1,topk_cell_support,21897d95,flip_lr,0,,
1,48,1,,,,0,,,1,topk_cell_support,21897d95,flip_ud,1,,
1,48,1,,,,0,,,1,topk_cell_support,21897d95,transpose,1,,
1,48,1,,,,1,,,1,topk_cell_support,21897d95,anti_transpose,1,,
1,72,0,,,,0,,,1,topk_cell_support,21897d95,identity,0,,
1,72,0,,,,0,,,1,topk_cell_support,21897d95,rot90,0,,
1,72,0,,,,0,,,1,topk_cell_support,21897d95,rot180,0,,
1,72,0,,,,0,,,1,topk_cell_support,21897d95,rot270,1,,
1,72,0,,,,0,,,1,topk_cell_support,21897d95,flip_lr,0,,
1,72,0,,,,0,,,1,topk_cell_support,21897d95,flip_ud,1,,
1,72,0,,,,0,,,1,topk_cell_support,21897d95,transpose,1,,
1,72,0,,,,0,,,1,topk_cell_support,21897d95,anti_transpose,1,,
2,0,0,,,,0,,,1,topk_cell_support,21897d95,identity,0,,
2,0,0,,,,0,,,1,topk_cell_support,21897d95,rot90,1,,
2,0,0,,,,0,,,1,topk_cell_support,21897d95,rot180,0,,
2,0,0,,,,0,,,1,topk_cell_support,21897d95,rot270,1,,
2,0,0,,,,0,,,1,topk_cell_support,21897d95,flip_lr,0,,
2,0,0,,,,0,,,1,topk_cell_support,21897d95,flip_ud,2,,
2,0,0,,,,0,,,1,topk_cell_support,21897d95,transpose,2,,
2,0,0,,,,0,,,1,topk_cell_support,21897d95,anti_transpose,2,,
2,12,0,,,,0,,,1,topk_cell_support,21897d95,identity,0,,
2,12,0,,,,0,,,1,topk_cell_support,21897d95,rot90,1,,
2,12,0,,,,0,,,1,topk_cell_support,21897d95,rot180,0,,
2,12,0,,,,0,,,1,topk_cell_support,21897d95,rot270,1,,
2,12,0,,,,0,,,1,topk_cell_support,21897d95,flip_lr,0,,
2,12,0,,,,0,,,1,topk_cell_support,21897d95,flip_ud,2,,
2,12,0,,,,0,,,1,topk_cell_support,21897d95,transpose,2,,
2,12,0,,,,0,,,1,topk_cell_support,21897d95,anti_transpose,2,,
2,24,3,,,,0,,,1,topk_cell_support,21897d95,identity,0,,
2,24,3,,,,0,,,1,topk_cell_support,21897d95,rot90,1,,
2,24,3,,,,0,,,1,topk_cell_support,21897d95,rot180,0,,
2,24,3,,,,1,,,1,topk_cell_support,21897d95,rot270,1,,
2,24,3,,,,0,,,1,topk_cell_support,21897d95,flip_lr,0,,
2,24,3,,,,1,,,1,topk_cell_support,21897d95,flip_ud,2,,
2,24,3,,,,1,,,1,topk_cell_support,21897d95,transpose,2,,
2,24,3,,,,0,,,1,topk_cell_support,21897d95,anti_transpose,2,,
2,48,3,,,,0,,,1,topk_cell_support,21897d95,identity,0,,
2,48,3,,,,0,,,1,topk_cell_support,21897d95,rot90,1,,
2,48,3,,,,0,,,1,topk_cell_support,21897d95,rot180,0,,
2,48,3,,,,0,,,1,topk_cell_support,21897d95,rot270,1,,
2,48,3,,,,0,,,1,topk_cell_support,21897d95,flip_lr,0,,
2,48,3,,,,1,,,1,topk_cell_support,21897d95,flip_ud,2,,
2,48,3,,,,1,,,1,topk_cell_support,21897d95,transpose,2,,
2,48,3,,,,1,,,1,topk_cell_support,21897d95,anti_transpose,2,,
2,72,2,,,,0,,,1,topk_cell_support,21897d95,identity,0,,
2,72,2,,,,1,,,1,topk_cell_support,21897d95,rot90,1,,
2,72,2,,,,0,,,1,topk_cell_support,21897d95,rot180,0,,
2,72,2,,,,0,,,1,topk_cell_support,21897d95,rot270,1,,
2,72,2,,,,0,,,1,topk_cell_support,21897d95,flip_lr,0,,
2,72,2,,,,0,,,1,topk_cell_support,21897d95,flip_ud,2,,
2,72,2,,,,0,,,1,topk_cell_support,21897d95,transpose,2,,
2,72,2,,,,1,,,1,topk_cell_support,21897d95,anti_transpose,2,,
4,0,2,,,,0,,,1,topk_cell_support,21897d95,identity,0,,
4,0,2,,,,1,,,1,topk_cell_support,21897d95,rot90,2,,
4,0,2,,,,0,,,1,topk_cell_support,21897d95,rot180,1,,
4,0,2,,,,0,,,1,topk_cell_support,21897d95,rot270,2,,
4,0,2,,,,0,,,1,topk_cell_support,21897d95,flip_lr,1,,
4,0,2,,,,0,,,1,topk_cell_support,21897d95,flip_ud,2,,
4,0,2,,,,0,,,1,topk_cell_support,21897d95,transpose,4,,
4,0,2,,,,1,,,1,topk_cell_support,21897d95,anti_transpose,4,,
4,12,3,,,,0,,,1,topk_cell_support,21897d95,identity,0,,
4,12,3,,,,0,,,1,topk_cell_support,21897d95,rot90,2,,
4,12,3,,,,0,,,1,topk_cell_support,21897d95,rot180,1,,
4,12,3,,,,0,,,1,topk_cell_support,21897d95,rot270,2,,
4,12,3,,,,0,,,1,topk_cell_support,21897d95,flip_lr,1,,
4,12,3,,,,0,,,1,topk_cell_support,21897d95,flip_ud,2,,
4,12,3,,,,2,,,1,topk_cell_support,21897d95,transpose,4,,
4,12,3,,,,1,,,1,topk_cell_support,21897d95,anti_transpose,4,,
4,24,4,,,,0,,,1,topk_cell_support,21897d95,identity,0,,
4,24,4,,,,0,,,1,topk_cell_support,21897d95,rot90,2,,
4,24,4,,,,1,,,1,topk_cell_support,21897d95,rot180,1,,
4,24,4,,,,1,,,1,topk_cell_support,21897d95,rot270,2,,
4,24,4,,,,0,,,1,topk_cell_support,21897d95,flip_lr,1,,
4,24,4,,,,1,,,1,topk_cell_support,21897d95,flip_ud,2,,
4,24,4,,,,1,,,1,topk_cell_support,21897d95,transpose,4,,
4,24,4,,,,0,,,1,topk_cell_support,21897d95,anti_transpose,4,,
4,48,5,,,,0,,,1,topk_cell_support,21897d95,identity,0,,
4,48,5,,,,0,,,1,topk_cell_support,21897d95,rot90,2,,
4,48,5,,,,0,,,1,topk_cell_support,21897d95,rot180,1,,
4,48,5,,,,1,,,1,topk_cell_support,21897d95,rot270,2,,
4,48,5,,,,1,,,1,topk_cell_support,21897d95,flip_lr,1,,
4,48,5,,,,1,,,1,topk_cell_support,21897d95,flip_ud,2,,
4,48,5,,,,1,,,1,topk_cell_support,21897d95,transpose,4,,
4,48,5,,,,1,,,1,topk_cell_support,21897d95,anti_transpose,4,,
4,72,2,,,,0,,,1,topk_cell_support,21897d95,identity,0,,
4,72,2,,,,1,,,1,topk_cell_support,21897d95,rot90,2,,
4,72,2,,,,0,,,1,topk_cell_support,21897d95,rot180,1,,
4,72,2,,,,0,,,1,topk_cell_support,21897d95,rot270,2,,
4,72,2,,,,0,,,1,topk_cell_support,21897d95,flip_lr,1,,
4,72,2,,,,0,,,1,topk_cell_support,21897d95,flip_ud,2,,
4,72,2,,,,0,,,1,topk_cell_support,21897d95,transpose,4,,
4,72,2,,,,1,,,1,topk_cell_support,21897d95,anti_transpose,4,,
8,0,5,,,,0,,,1,topk_cell_support,21897d95,identity,4,,
8,0,5,,,,1,,,1,topk_cell_support,21897d95,rot90,4,,
8,0,5,,,,1,,,1,topk_cell_support,21897d95,rot180,4,,
8,0,5,,,,0,,,1,topk_cell_support,21897d95,rot270,3,,
8,0,5,,,,1,,,1,topk_cell_support,21897d95,flip_lr,3,,
8,0,5,,,,1,,,1,topk_cell_support,21897d95,flip_ud,4,,
8,0,5,,,,0,,,1,topk_cell_support,21897d95,transpose,5,,
8,0,5,,,,1,,,1,topk_cell_support,21897d95,anti_transpose,5,,
8,12,7,,,,2,,,1,topk_cell_support,21897d95,identity,4,,
8,12,7,,,,1,,,1,topk_cell_support,21897d95,rot90,4,,
8,12,7,,,,0,,,1,topk_cell_support,21897d95,rot180,4,,
8,12,7,,,,1,,,1,topk_cell_support,21897d95,rot270,3,,
8,12,7,,,,0,,,1,topk_cell_support,21897d95,flip_lr,3,,
8,12,7,,,,0,,,1,topk_cell_support,21897d95,flip_ud,4,,
8,12,7,,,,2,,,1,topk_cell_support,21897d95,transpose,5,,
8,12,7,,,,1,,,1,topk_cell_support,21897d95,anti_transpose,5,,
8,24,9,,,,2,,,1,topk_cell_support,21897d95,identity,4,,
8,24,9,,,,1,,,1,topk_cell_support,21897d95,rot90,4,,
8,24,9,,,,1,,,1,topk_cell_support,21897d95,rot180,4,,
8,24,9,,,,1,,,1,topk_cell_support,21897d95,rot270,3,,
8,24,9,,,,1,,,1,topk_cell_support,21897d95,flip_lr,3,,
8,24,9,,,,1,,,1,topk_cell_support,21897d95,flip_ud,4,,
8,24,9,,,,1,,,1,topk_cell_support,21897d95,transpose,5,,
8,24,9,,,,1,,,1,topk_cell_support,21897d95,anti_transpose,5,,
8,48,7,,,,0,,,1,topk_cell_support,21897d95,identity,4,,
8,48,7,,,,0,,,1,topk_cell_support,21897d95,rot90,4,,
8,48,7,,,,1,,,1,topk_cell_support,21897d95,rot180,4,,
8,48,7,,,,1,,,1,topk_cell_support,21897d95,rot270,3,,
8,48,7,,,,1,,,1,topk_cell_support,21897d95,flip_lr,3,,
8,48,7,,,,2,,,1,topk_cell_support,21897d95,flip_ud,4,,
8,48,7,,,,1,,,1,topk_cell_support,21897d95,transpose,5,,
8,48,7,,,,1,,,1,topk_cell_support,21897d95,anti_transpose,5,,
8,72,4,,,,0,,,1,topk_cell_support,21897d95,identity,4,,
8,72,4,,,,1,,,1,topk_cell_support,21897d95,rot90,4,,
8,72,4,,,,1,,,1,topk_cell_support,21897d95,rot180,4,,
8,72,4,,,,0,,,1,topk_cell_support,21897d95,rot270,3,,
8,72,4,,,,0,,,1,topk_cell_support,21897d95,flip_lr,3,,
8,72,4,,,,0,,,1,topk_cell_support,21897d95,flip_ud,4,,
8,72,4,,,,1,,,1,topk_cell_support,21897d95,transpose,5,,
8,72,4,,,,1,,,1,topk_cell_support,21897d95,anti_transpose,5,,
,,,0.3333333333333333,"[24, 0, 12]",3,,0.3333333333333333,"[[24, ""rot270""], [0, ""flip_ud""], [12, ""flip_ud""]]",0,winner_summary,28a6681f,,,0.6666666666666666,"[""rot270"", ""flip_ud"", ""flip_ud""]"
1,0,1,,,,0,,,0,topk_cell_support,28a6681f,identity,0,,
1,0,1,,,,0,,,0,topk_cell_support,28a6681f,rot90,0,,
1,0,1,,,,0,,,0,topk_cell_support,28a6681f,rot180,0,,
1,0,1,,,,0,,,0,topk_cell_support,28a6681f,rot270,1,,
1,0,1,,,,0,,,0,topk_cell_support,28a6681f,flip_lr,0,,
1,0,1,,,,1,,,0,topk_cell_support,28a6681f,flip_ud,2,,
1,0,1,,,,0,,,0,topk_cell_support,28a6681f,transpose,0,,
1,0,1,,,,0,,,0,topk_cell_support,28a6681f,anti_transpose,0,,
1,12,1,,,,0,,,0,topk_cell_support,28a6681f,identity,0,,
1,12,1,,,,0,,,0,topk_cell_support,28a6681f,rot90,0,,
1,12,1,,,,0,,,0,topk_cell_support,28a6681f,rot180,0,,
1,12,1,,,,0,,,0,topk_cell_support,28a6681f,rot270,1,,
1,12,1,,,,0,,,0,topk_cell_support,28a6681f,flip_lr,0,,
1,12,1,,,,1,,,0,topk_cell_support,28a6681f,flip_ud,2,,
1,12,1,,,,0,,,0,topk_cell_support,28a6681f,transpose,0,,
1,12,1,,,,0,,,0,topk_cell_support,28a6681f,anti_transpose,0,,
1,24,1,,,,0,,,0,topk_cell_support,28a6681f,identity,0,,
1,24,1,,,,0,,,0,topk_cell_support,28a6681f,rot90,0,,
1,24,1,,,,0,,,0,topk_cell_support,28a6681f,rot180,0,,
1,24,1,,,,1,,,0,topk_cell_support,28a6681f,rot270,1,,
1,24,1,,,,0,,,0,topk_cell_support,28a6681f,flip_lr,0,,
1,24,1,,,,0,,,0,topk_cell_support,28a6681f,flip_ud,2,,
1,24,1,,,,0,,,0,topk_cell_support,28a6681f,transpose,0,,
1,24,1,,,,0,,,0,topk_cell_support,28a6681f,anti_transpose,0,,
1,48,0,,,,0,,,0,topk_cell_support,28a6681f,identity,0,,
1,48,0,,,,0,,,0,topk_cell_support,28a6681f,rot90,0,,
1,48,0,,,,0,,,0,topk_cell_support,28a6681f,rot180,0,,
1,48,0,,,,0,,,0,topk_cell_support,28a6681f,rot270,1,,
1,48,0,,,,0,,,0,topk_cell_support,28a6681f,flip_lr,0,,
1,48,0,,,,0,,,0,topk_cell_support,28a6681f,flip_ud,2,,
1,48,0,,,,0,,,0,topk_cell_support,28a6681f,transpose,0,,
1,48,0,,,,0,,,0,topk_cell_support,28a6681f,anti_transpose,0,,
1,72,0,,,,0,,,0,topk_cell_support,28a6681f,identity,0,,
1,72,0,,,,0,,,0,topk_cell_support,28a6681f,rot90,0,,
1,72,0,,,,0,,,0,topk_cell_support,28a6681f,rot180,0,,
1,72,0,,,,0,,,0,topk_cell_support,28a6681f,rot270,1,,
1,72,0,,,,0,,,0,topk_cell_support,28a6681f,flip_lr,0,,
1,72,0,,,,0,,,0,topk_cell_support,28a6681f,flip_ud,2,,
1,72,0,,,,0,,,0,topk_cell_support,28a6681f,transpose,0,,
1,72,0,,,,0,,,0,topk_cell_support,28a6681f,anti_transpose,0,,
2,0,3,,,,0,,,0,topk_cell_support,28a6681f,identity,0,,
2,0,3,,,,0,,,0,topk_cell_support,28a6681f,rot90,0,,
2,0,3,,,,0,,,0,topk_cell_support,28a6681f,rot180,0,,
2,0,3,,,,0,,,0,topk_cell_support,28a6681f,rot270,1,,
2,0,3,,,,1,,,0,topk_cell_support,28a6681f,flip_lr,1,,
2,0,3,,,,1,,,0,topk_cell_support,28a6681f,flip_ud,3,,
2,0,3,,,,0,,,0,topk_cell_support,28a6681f,transpose,0,,
2,0,3,,,,1,,,0,topk_cell_support,28a6681f,anti_transpose,1,,
2,12,2,,,,0,,,0,topk_cell_support,28a6681f,identity,0,,
2,12,2,,,,0,,,0,topk_cell_support,28a6681f,rot90,0,,
2,12,2,,,,0,,,0,topk_cell_support,28a6681f,rot180,0,,
2,12,2,,,,0,,,0,topk_cell_support,28a6681f,rot270,1,,
2,12,2,,,,0,,,0,topk_cell_support,28a6681f,flip_lr,1,,
2,12,2,,,,2,,,0,topk_cell_support,28a6681f,flip_ud,3,,
2,12,2,,,,0,,,0,topk_cell_support,28a6681f,transpose,0,,
2,12,2,,,,0,,,0,topk_cell_support,28a6681f,anti_transpose,1,,
2,24,1,,,,0,,,0,topk_cell_support,28a6681f,identity,0,,
2,24,1,,,,0,,,0,topk_cell_support,28a6681f,rot90,0,,
2,24,1,,,,0,,,0,topk_cell_support,28a6681f,rot180,0,,
2,24,1,,,,1,,,0,topk_cell_support,28a6681f,rot270,1,,
2,24,1,,,,0,,,0,topk_cell_support,28a6681f,flip_lr,1,,
2,24,1,,,,0,,,0,topk_cell_support,28a6681f,flip_ud,3,,
2,24,1,,,,0,,,0,topk_cell_support,28a6681f,transpose,0,,
2,24,1,,,,0,,,0,topk_cell_support,28a6681f,anti_transpose,1,,
2,48,0,,,,0,,,0,topk_cell_support,28a6681f,identity,0,,
2,48,0,,,,0,,,0,topk_cell_support,28a6681f,rot90,0,,
2,48,0,,,,0,,,0,topk_cell_support,28a6681f,rot180,0,,
2,48,0,,,,0,,,0,topk_cell_support,28a6681f,rot270,1,,
2,48,0,,,,0,,,0,topk_cell_support,28a6681f,flip_lr,1,,
2,48,0,,,,0,,,0,topk_cell_support,28a6681f,flip_ud,3,,
2,48,0,,,,0,,,0,topk_cell_support,28a6681f,transpose,0,,
2,48,0,,,,0,,,0,topk_cell_support,28a6681f,anti_transpose,1,,
2,72,0,,,,0,,,0,topk_cell_support,28a6681f,identity,0,,
2,72,0,,,,0,,,0,topk_cell_support,28a6681f,rot90,0,,
2,72,0,,,,0,,,0,topk_cell_support,28a6681f,rot180,0,,
2,72,0,,,,0,,,0,topk_cell_support,28a6681f,rot270,1,,
2,72,0,,,,0,,,0,topk_cell_support,28a6681f,flip_lr,1,,
2,72,0,,,,0,,,0,topk_cell_support,28a6681f,flip_ud,3,,
2,72,0,,,,0,,,0,topk_cell_support,28a6681f,transpose,0,,
2,72,0,,,,0,,,0,topk_cell_support,28a6681f,anti_transpose,1,,
4,0,4,,,,0,,,0,topk_cell_support,28a6681f,identity,0,,
4,0,4,,,,0,,,0,topk_cell_support,28a6681f,rot90,0,,
4,0,4,,,,0,,,0,topk_cell_support,28a6681f,rot180,2,,
4,0,4,,,,1,,,0,topk_cell_support,28a6681f,rot270,3,,
4,0,4,,,,1,,,0,topk_cell_support,28a6681f,flip_lr,2,,
4,0,4,,,,1,,,0,topk_cell_support,28a6681f,flip_ud,4,,
4,0,4,,,,0,,,0,topk_cell_support,28a6681f,transpose,0,,
4,0,4,,,,1,,,0,topk_cell_support,28a6681f,anti_transpose,1,,
4,12,6,,,,0,,,0,topk_cell_support,28a6681f,identity,0,,
4,12,6,,,,0,,,0,topk_cell_support,28a6681f,rot90,0,,
4,12,6,,,,2,,,0,topk_cell_support,28a6681f,rot180,2,,
4,12,6,,,,1,,,0,topk_cell_support,28a6681f,rot270,3,,
4,12,6,,,,1,,,0,topk_cell_support,28a6681f,flip_lr,2,,
4,12,6,,,,2,,,0,topk_cell_support,28a6681f,flip_ud,4,,
4,12,6,,,,0,,,0,topk_cell_support,28a6681f,transpose,0,,
4,12,6,,,,0,,,0,topk_cell_support,28a6681f,anti_transpose,1,,
4,24,2,,,,0,,,0,topk_cell_support,28a6681f,identity,0,,
4,24,2,,,,0,,,0,topk_cell_support,28a6681f,rot90,0,,
4,24,2,,,,0,,,0,topk_cell_support,28a6681f,rot180,2,,
4,24,2,,,,1,,,0,topk_cell_support,28a6681f,rot270,3,,
4,24,2,,,,0,,,0,topk_cell_support,28a6681f,flip_lr,2,,
4,24,2,,,,1,,,0,topk_cell_support,28a6681f,flip_ud,4,,
4,24,2,,,,0,,,0,topk_cell_support,28a6681f,transpose,0,,
4,24,2,,,,0,,,0,topk_cell_support,28a6681f,anti_transpose,1,,
4,48,0,,,,0,,,0,topk_cell_support,28a6681f,identity,0,,
4,48,0,,,,0,,,0,topk_cell_support,28a6681f,rot90,0,,
4,48,0,,,,0,,,0,topk_cell_support,28a6681f,rot180,2,,
4,48,0,,,,0,,,0,topk_cell_support,28a6681f,rot270,3,,
4,48,0,,,,0,,,0,topk_cell_support,28a6681f,flip_lr,2,,
4,48,0,,,,0,,,0,topk_cell_support,28a6681f,flip_ud,4,,
4,48,0,,,,0,,,0,topk_cell_support,28a6681f,transpose,0,,
4,48,0,,,,0,,,0,topk_cell_support,28a6681f,anti_transpose,1,,
4,72,0,,,,0,,,0,topk_cell_support,28a6681f,identity,0,,
4,72,0,,,,0,,,0,topk_cell_support,28a6681f,rot90,0,,
4,72,0,,,,0,,,0,topk_cell_support,28a6681f,rot180,2,,
4,72,0,,,,0,,,0,topk_cell_support,28a6681f,rot270,3,,
4,72,0,,,,0,,,0,topk_cell_support,28a6681f,flip_lr,2,,
4,72,0,,,,0,,,0,topk_cell_support,28a6681f,flip_ud,4,,
4,72,0,,,,0,,,0,topk_cell_support,28a6681f,transpose,0,,
4,72,0,,,,0,,,0,topk_cell_support,28a6681f,anti_transpose,1,,
8,0,9,,,,1,,,0,topk_cell_support,28a6681f,identity,1,,
8,0,9,,,,2,,,0,topk_cell_support,28a6681f,rot90,3,,
8,0,9,,,,1,,,0,topk_cell_support,28a6681f,rot180,4,,
8,0,9,,,,1,,,0,topk_cell_support,28a6681f,rot270,4,,
8,0,9,,,,1,,,0,topk_cell_support,28a6681f,flip_lr,2,,
8,0,9,,,,2,,,0,topk_cell_support,28a6681f,flip_ud,7,,
8,0,9,,,,0,,,0,topk_cell_support,28a6681f,transpose,1,,
8,0,9,,,,1,,,0,topk_cell_support,28a6681f,anti_transpose,2,,
8,12,9,,,,0,,,0,topk_cell_support,28a6681f,identity,1,,
8,12,9,,,,1,,,0,topk_cell_support,28a6681f,rot90,3,,
8,12,9,,,,2,,,0,topk_cell_support,28a6681f,rot180,4,,
8,12,9,,,,1,,,0,topk_cell_support,28a6681f,rot270,4,,
8,12,9,,,,1,,,0,topk_cell_support,28a6681f,flip_lr,2,,
8,12,9,,,,2,,,0,topk_cell_support,28a6681f,flip_ud,7,,
8,12,9,,,,1,,,0,topk_cell_support,28a6681f,transpose,1,,
8,12,9,,,,1,,,0,topk_cell_support,28a6681f,anti_transpose,2,,
8,24,3,,,,0,,,0,topk_cell_support,28a6681f,identity,1,,
8,24,3,,,,0,,,0,topk_cell_support,28a6681f,rot90,3,,
8,24,3,,,,1,,,0,topk_cell_support,28a6681f,rot180,4,,
8,24,3,,,,1,,,0,topk_cell_support,28a6681f,rot270,4,,
8,24,3,,,,0,,,0,topk_cell_support,28a6681f,flip_lr,2,,
8,24,3,,,,1,,,0,topk_cell_support,28a6681f,flip_ud,7,,
8,24,3,,,,0,,,0,topk_cell_support,28a6681f,transpose,1,,
8,24,3,,,,0,,,0,topk_cell_support,28a6681f,anti_transpose,2,,
8,48,2,,,,0,,,0,topk_cell_support,28a6681f,identity,1,,
8,48,2,,,,0,,,0,topk_cell_support,28a6681f,rot90,3,,
8,48,2,,,,0,,,0,topk_cell_support,28a6681f,rot180,4,,
8,48,2,,,,1,,,0,topk_cell_support,28a6681f,rot270,4,,
8,48,2,,,,0,,,0,topk_cell_support,28a6681f,flip_lr,2,,
8,48,2,,,,1,,,0,topk_cell_support,28a6681f,flip_ud,7,,
8,48,2,,,,0,,,0,topk_cell_support,28a6681f,transpose,1,,
8,48,2,,,,0,,,0,topk_cell_support,28a6681f,anti_transpose,2,,
8,72,1,,,,0,,,0,topk_cell_support,28a6681f,identity,1,,
8,72,1,,,,0,,,0,topk_cell_support,28a6681f,rot90,3,,
8,72,1,,,,0,,,0,topk_cell_support,28a6681f,rot180,4,,
8,72,1,,,,0,,,0,topk_cell_support,28a6681f,rot270,4,,
8,72,1,,,,0,,,0,topk_cell_support,28a6681f,flip_lr,2,,
8,72,1,,,,1,,,0,topk_cell_support,28a6681f,flip_ud,7,,
8,72,1,,,,0,,,0,topk_cell_support,28a6681f,transpose,1,,
8,72,1,,,,0,,,0,topk_cell_support,28a6681f,anti_transpose,2,,
,,,0.3333333333333333,"[12, 0, 72]",3,,0.3333333333333333,"[[12, ""rot270""], [0, ""rot180""], [72, ""rot270""]]",0,winner_summary,89565ca0,,,0.6666666666666666,"[""rot270"", ""rot180"", ""rot270""]"
1,0,1,,,,0,,,0,topk_cell_support,89565ca0,identity,0,,
1,0,1,,,,0,,,0,topk_cell_support,89565ca0,rot90,0,,
1,0,1,,,,1,,,0,topk_cell_support,89565ca0,rot180,1,,
1,0,1,,,,0,,,0,topk_cell_support,89565ca0,rot270,2,,
1,0,1,,,,0,,,0,topk_cell_support,89565ca0,flip_lr,0,,
1,0,1,,,,0,,,0,topk_cell_support,89565ca0,flip_ud,0,,
1,0,1,,,,0,,,0,topk_cell_support,89565ca0,transpose,0,,
1,0,1,,,,0,,,0,topk_cell_support,89565ca0,anti_transpose,0,,
1,12,1,,,,0,,,0,topk_cell_support,89565ca0,identity,0,,
1,12,1,,,,0,,,0,topk_cell_support,89565ca0,rot90,0,,
1,12,1,,,,0,,,0,topk_cell_support,89565ca0,rot180,1,,
1,12,1,,,,1,,,0,topk_cell_support,89565ca0,rot270,2,,
1,12,1,,,,0,,,0,topk_cell_support,89565ca0,flip_lr,0,,
1,12,1,,,,0,,,0,topk_cell_support,89565ca0,flip_ud,0,,
1,12,1,,,,0,,,0,topk_cell_support,89565ca0,transpose,0,,
1,12,1,,,,0,,,0,topk_cell_support,89565ca0,anti_transpose,0,,
1,24,0,,,,0,,,0,topk_cell_support,89565ca0,identity,0,,
1,24,0,,,,0,,,0,topk_cell_support,89565ca0,rot90,0,,
1,24,0,,,,0,,,0,topk_cell_support,89565ca0,rot180,1,,
1,24,0,,,,0,,,0,topk_cell_support,89565ca0,rot270,2,,
1,24,0,,,,0,,,0,topk_cell_support,89565ca0,flip_lr,0,,
1,24,0,,,,0,,,0,topk_cell_support,89565ca0,flip_ud,0,,
1,24,0,,,,0,,,0,topk_cell_support,89565ca0,transpose,0,,
1,24,0,,,,0,,,0,topk_cell_support,89565ca0,anti_transpose,0,,
1,48,0,,,,0,,,0,topk_cell_support,89565ca0,identity,0,,
1,48,0,,,,0,,,0,topk_cell_support,89565ca0,rot90,0,,
1,48,0,,,,0,,,0,topk_cell_support,89565ca0,rot180,1,,
1,48,0,,,,0,,,0,topk_cell_support,89565ca0,rot270,2,,
1,48,0,,,,0,,,0,topk_cell_support,89565ca0,flip_lr,0,,
1,48,0,,,,0,,,0,topk_cell_support,89565ca0,flip_ud,0,,
1,48,0,,,,0,,,0,topk_cell_support,89565ca0,transpose,0,,
1,48,0,,,,0,,,0,topk_cell_support,89565ca0,anti_transpose,0,,
1,72,1,,,,0,,,0,topk_cell_support,89565ca0,identity,0,,
1,72,1,,,,0,,,0,topk_cell_support,89565ca0,rot90,0,,
1,72,1,,,,0,,,0,topk_cell_support,89565ca0,rot180,1,,
1,72,1,,,,1,,,0,topk_cell_support,89565ca0,rot270,2,,
1,72,1,,,,0,,,0,topk_cell_support,89565ca0,flip_lr,0,,
1,72,1,,,,0,,,0,topk_cell_support,89565ca0,flip_ud,0,,
1,72,1,,,,0,,,0,topk_cell_support,89565ca0,transpose,0,,
1,72,1,,,,0,,,0,topk_cell_support,89565ca0,anti_transpose,0,,
2,0,2,,,,0,,,0,topk_cell_support,89565ca0,identity,1,,
2,0,2,,,,0,,,0,topk_cell_support,89565ca0,rot90,0,,
2,0,2,,,,1,,,0,topk_cell_support,89565ca0,rot180,1,,
2,0,2,,,,1,,,0,topk_cell_support,89565ca0,rot270,3,,
2,0,2,,,,0,,,0,topk_cell_support,89565ca0,flip_lr,0,,
2,0,2,,,,0,,,0,topk_cell_support,89565ca0,flip_ud,0,,
2,0,2,,,,0,,,0,topk_cell_support,89565ca0,transpose,1,,
2,0,2,,,,0,,,0,topk_cell_support,89565ca0,anti_transpose,0,,
2,12,2,,,,1,,,0,topk_cell_support,89565ca0,identity,1,,
2,12,2,,,,0,,,0,topk_cell_support,89565ca0,rot90,0,,
2,12,2,,,,0,,,0,topk_cell_support,89565ca0,rot180,1,,
2,12,2,,,,1,,,0,topk_cell_support,89565ca0,rot270,3,,
2,12,2,,,,0,,,0,topk_cell_support,89565ca0,flip_lr,0,,
2,12,2,,,,0,,,0,topk_cell_support,89565ca0,flip_ud,0,,
2,12,2,,,,0,,,0,topk_cell_support,89565ca0,transpose,1,,
2,12,2,,,,0,,,0,topk_cell_support,89565ca0,anti_transpose,0,,
2,24,0,,,,0,,,0,topk_cell_support,89565ca0,identity,1,,
2,24,0,,,,0,,,0,topk_cell_support,89565ca0,rot90,0,,
2,24,0,,,,0,,,0,topk_cell_support,89565ca0,rot180,1,,
2,24,0,,,,0,,,0,topk_cell_support,89565ca0,rot270,3,,
2,24,0,,,,0,,,0,topk_cell_support,89565ca0,flip_lr,0,,
2,24,0,,,,0,,,0,topk_cell_support,89565ca0,flip_ud,0,,
2,24,0,,,,0,,,0,topk_cell_support,89565ca0,transpose,1,,
2,24,0,,,,0,,,0,topk_cell_support,89565ca0,anti_transpose,0,,
2,48,0,,,,0,,,0,topk_cell_support,89565ca0,identity,1,,
2,48,0,,,,0,,,0,topk_cell_support,89565ca0,rot90,0,,
2,48,0,,,,0,,,0,topk_cell_support,89565ca0,rot180,1,,
2,48,0,,,,0,,,0,topk_cell_support,89565ca0,rot270,3,,
2,48,0,,,,0,,,0,topk_cell_support,89565ca0,flip_lr,0,,
2,48,0,,,,0,,,0,topk_cell_support,89565ca0,flip_ud,0,,
2,48,0,,,,0,,,0,topk_cell_support,89565ca0,transpose,1,,
2,48,0,,,,0,,,0,topk_cell_support,89565ca0,anti_transpose,0,,
2,72,2,,,,0,,,0,topk_cell_support,89565ca0,identity,1,,
2,72,2,,,,0,,,0,topk_cell_support,89565ca0,rot90,0,,
2,72,2,,,,0,,,0,topk_cell_support,89565ca0,rot180,1,,
2,72,2,,,,1,,,0,topk_cell_support,89565ca0,rot270,3,,
2,72,2,,,,0,,,0,topk_cell_support,89565ca0,flip_lr,0,,
2,72,2,,,,0,,,0,topk_cell_support,89565ca0,flip_ud,0,,
2,72,2,,,,1,,,0,topk_cell_support,89565ca0,transpose,1,,
2,72,2,,,,0,,,0,topk_cell_support,89565ca0,anti_transpose,0,,
4,0,4,,,,0,,,0,topk_cell_support,89565ca0,identity,1,,
4,0,4,,,,0,,,0,topk_cell_support,89565ca0,rot90,0,,
4,0,4,,,,1,,,0,topk_cell_support,89565ca0,rot180,2,,
4,0,4,,,,2,,,0,topk_cell_support,89565ca0,rot270,5,,
4,0,4,,,,0,,,0,topk_cell_support,89565ca0,flip_lr,0,,
4,0,4,,,,1,,,0,topk_cell_support,89565ca0,flip_ud,3,,
4,0,4,,,,0,,,0,topk_cell_support,89565ca0,transpose,1,,
4,0,4,,,,0,,,0,topk_cell_support,89565ca0,anti_transpose,0,,
4,12,3,,,,1,,,0,topk_cell_support,89565ca0,identity,1,,
4,12,3,,,,0,,,0,topk_cell_support,89565ca0,rot90,0,,
4,12,3,,,,1,,,0,topk_cell_support,89565ca0,rot180,2,,
4,12,3,,,,1,,,0,topk_cell_support,89565ca0,rot270,5,,
4,12,3,,,,0,,,0,topk_cell_support,89565ca0,flip_lr,0,,
4,12,3,,,,0,,,0,topk_cell_support,89565ca0,flip_ud,3,,
4,12,3,,,,0,,,0,topk_cell_support,89565ca0,transpose,1,,
4,12,3,,,,0,,,0,topk_cell_support,89565ca0,anti_transpose,0,,
4,24,1,,,,0,,,0,topk_cell_support,89565ca0,identity,1,,
4,24,1,,,,0,,,0,topk_cell_support,89565ca0,rot90,0,,
4,24,1,,,,0,,,0,topk_cell_support,89565ca0,rot180,2,,
4,24,1,,,,1,,,0,topk_cell_support,89565ca0,rot270,5,,
4,24,1,,,,0,,,0,topk_cell_support,89565ca0,flip_lr,0,,
4,24,1,,,,0,,,0,topk_cell_support,89565ca0,flip_ud,3,,
4,24,1,,,,0,,,0,topk_cell_support,89565ca0,transpose,1,,
4,24,1,,,,0,,,0,topk_cell_support,89565ca0,anti_transpose,0,,
4,48,1,,,,0,,,0,topk_cell_support,89565ca0,identity,1,,
4,48,1,,,,0,,,0,topk_cell_support,89565ca0,rot90,0,,
4,48,1,,,,0,,,0,topk_cell_support,89565ca0,rot180,2,,
4,48,1,,,,0,,,0,topk_cell_support,89565ca0,rot270,5,,
4,48,1,,,,0,,,0,topk_cell_support,89565ca0,flip_lr,0,,
4,48,1,,,,1,,,0,topk_cell_support,89565ca0,flip_ud,3,,
4,48,1,,,,0,,,0,topk_cell_support,89565ca0,transpose,1,,
4,48,1,,,,0,,,0,topk_cell_support,89565ca0,anti_transpose,0,,
4,72,3,,,,0,,,0,topk_cell_support,89565ca0,identity,1,,
4,72,3,,,,0,,,0,topk_cell_support,89565ca0,rot90,0,,
4,72,3,,,,0,,,0,topk_cell_support,89565ca0,rot180,2,,
4,72,3,,,,1,,,0,topk_cell_support,89565ca0,rot270,5,,
4,72,3,,,,0,,,0,topk_cell_support,89565ca0,flip_lr,0,,
4,72,3,,,,1,,,0,topk_cell_support,89565ca0,flip_ud,3,,
4,72,3,,,,1,,,0,topk_cell_support,89565ca0,transpose,1,,
4,72,3,,,,0,,,0,topk_cell_support,89565ca0,anti_transpose,0,,
8,0,9,,,,1,,,0,topk_cell_support,89565ca0,identity,3,,
8,0,9,,,,1,,,0,topk_cell_support,89565ca0,rot90,1,,
8,0,9,,,,2,,,0,topk_cell_support,89565ca0,rot180,4,,
8,0,9,,,,2,,,0,topk_cell_support,89565ca0,rot270,6,,
8,0,9,,,,1,,,0,topk_cell_support,89565ca0,flip_lr,2,,
8,0,9,,,,1,,,0,topk_cell_support,89565ca0,flip_ud,4,,
8,0,9,,,,1,,,0,topk_cell_support,89565ca0,transpose,4,,
8,0,9,,,,0,,,0,topk_cell_support,89565ca0,anti_transpose,0,,
8,12,5,,,,1,,,0,topk_cell_support,89565ca0,identity,3,,
8,12,5,,,,0,,,0,topk_cell_support,89565ca0,rot90,1,,
8,12,5,,,,1,,,0,topk_cell_support,89565ca0,rot180,4,,
8,12,5,,,,1,,,0,topk_cell_support,89565ca0,rot270,6,,
8,12,5,,,,0,,,0,topk_cell_support,89565ca0,flip_lr,2,,
8,12,5,,,,1,,,0,topk_cell_support,89565ca0,flip_ud,4,,
8,12,5,,,,1,,,0,topk_cell_support,89565ca0,transpose,4,,
8,12,5,,,,0,,,0,topk_cell_support,89565ca0,anti_transpose,0,,
8,24,3,,,,1,,,0,topk_cell_support,89565ca0,identity,3,,
8,24,3,,,,0,,,0,topk_cell_support,89565ca0,rot90,1,,
8,24,3,,,,0,,,0,topk_cell_support,89565ca0,rot180,4,,
8,24,3,,,,2,,,0,topk_cell_support,89565ca0,rot270,6,,
8,24,3,,,,0,,,0,topk_cell_support,89565ca0,flip_lr,2,,
8,24,3,,,,0,,,0,topk_cell_support,89565ca0,flip_ud,4,,
8,24,3,,,,0,,,0,topk_cell_support,89565ca0,transpose,4,,
8,24,3,,,,0,,,0,topk_cell_support,89565ca0,anti_transpose,0,,
8,48,2,,,,0,,,0,topk_cell_support,89565ca0,identity,3,,
8,48,2,,,,0,,,0,topk_cell_support,89565ca0,rot90,1,,
8,48,2,,,,0,,,0,topk_cell_support,89565ca0,rot180,4,,
8,48,2,,,,0,,,0,topk_cell_support,89565ca0,rot270,6,,
8,48,2,,,,0,,,0,topk_cell_support,89565ca0,flip_lr,2,,
8,48,2,,,,1,,,0,topk_cell_support,89565ca0,flip_ud,4,,
8,48,2,,,,1,,,0,topk_cell_support,89565ca0,transpose,4,,
8,48,2,,,,0,,,0,topk_cell_support,89565ca0,anti_transpose,0,,
8,72,5,,,,0,,,0,topk_cell_support,89565ca0,identity,3,,
8,72,5,,,,0,,,0,topk_cell_support,89565ca0,rot90,1,,
8,72,5,,,,1,,,0,topk_cell_support,89565ca0,rot180,4,,
8,72,5,,,,1,,,0,topk_cell_support,89565ca0,rot270,6,,
8,72,5,,,,1,,,0,topk_cell_support,89565ca0,flip_lr,2,,
8,72,5,,,,1,,,0,topk_cell_support,89565ca0,flip_ud,4,,
8,72,5,,,,1,,,0,topk_cell_support,89565ca0,transpose,4,,
8,72,5,,,,0,,,0,topk_cell_support,89565ca0,anti_transpose,0,,
,,,0.6666666666666666,"[72, 12, 12]",3,,0.3333333333333333,"[[72, ""transpose""], [12, ""transpose""], [12, ""flip_lr""]]",0,winner_summary,a47bf94d,,,0.6666666666666666,"[""transpose"", ""transpose"", ""flip_lr""]"
1,0,0,,,,0,,,0,topk_cell_support,a47bf94d,identity,0,,
1,0,0,,,,0,,,0,topk_cell_support,a47bf94d,rot90,0,,
1,0,0,,,,0,,,0,topk_cell_support,a47bf94d,rot180,0,,
1,0,0,,,,0,,,0,topk_cell_support,a47bf94d,rot270,0,,
1,0,0,,,,0,,,0,topk_cell_support,a47bf94d,flip_lr,1,,
1,0,0,,,,0,,,0,topk_cell_support,a47bf94d,flip_ud,0,,
1,0,0,,,,0,,,0,topk_cell_support,a47bf94d,transpose,2,,
1,0,0,,,,0,,,0,topk_cell_support,a47bf94d,anti_transpose,0,,
1,12,2,,,,0,,,0,topk_cell_support,a47bf94d,identity,0,,
1,12,2,,,,0,,,0,topk_cell_support,a47bf94d,rot90,0,,
1,12,2,,,,0,,,0,topk_cell_support,a47bf94d,rot180,0,,
1,12,2,,,,0,,,0,topk_cell_support,a47bf94d,rot270,0,,
1,12,2,,,,1,,,0,topk_cell_support,a47bf94d,flip_lr,1,,
1,12,2,,,,0,,,0,topk_cell_support,a47bf94d,flip_ud,0,,
1,12,2,,,,1,,,0,topk_cell_support,a47bf94d,transpose,2,,
1,12,2,,,,0,,,0,topk_cell_support,a47bf94d,anti_transpose,0,,
1,24,0,,,,0,,,0,topk_cell_support,a47bf94d,identity,0,,
1,24,0,,,,0,,,0,topk_cell_support,a47bf94d,rot90,0,,
1,24,0,,,,0,,,0,topk_cell_support,a47bf94d,rot180,0,,
1,24,0,,,,0,,,0,topk_cell_support,a47bf94d,rot270,0,,
1,24,0,,,,0,,,0,topk_cell_support,a47bf94d,flip_lr,1,,
1,24,0,,,,0,,,0,topk_cell_support,a47bf94d,flip_ud,0,,
1,24,0,,,,0,,,0,topk_cell_support,a47bf94d,transpose,2,,
1,24,0,,,,0,,,0,topk_cell_support,a47bf94d,anti_transpose,0,,
1,48,0,,,,0,,,0,topk_cell_support,a47bf94d,identity,0,,
1,48,0,,,,0,,,0,topk_cell_support,a47bf94d,rot90,0,,
1,48,0,,,,0,,,0,topk_cell_support,a47bf94d,rot180,0,,
1,48,0,,,,0,,,0,topk_cell_support,a47bf94d,rot270,0,,
1,48,0,,,,0,,,0,topk_cell_support,a47bf94d,flip_lr,1,,
1,48,0,,,,0,,,0,topk_cell_support,a47bf94d,flip_ud,0,,
1,48,0,,,,0,,,0,topk_cell_support,a47bf94d,transpose,2,,
1,48,0,,,,0,,,0,topk_cell_support,a47bf94d,anti_transpose,0,,
1,72,1,,,,0,,,0,topk_cell_support,a47bf94d,identity,0,,
1,72,1,,,,0,,,0,topk_cell_support,a47bf94d,rot90,0,,
1,72,1,,,,0,,,0,topk_cell_support,a47bf94d,rot180,0,,
1,72,1,,,,0,,,0,topk_cell_support,a47bf94d,rot270,0,,
1,72,1,,,,0,,,0,topk_cell_support,a47bf94d,flip_lr,1,,
1,72,1,,,,0,,,0,topk_cell_support,a47bf94d,flip_ud,0,,
1,72,1,,,,1,,,0,topk_cell_support,a47bf94d,transpose,2,,
1,72,1,,,,0,,,0,topk_cell_support,a47bf94d,anti_transpose,0,,
2,0,1,,,,1,,,0,topk_cell_support,a47bf94d,identity,2,,
2,0,1,,,,0,,,0,topk_cell_support,a47bf94d,rot90,0,,
2,0,1,,,,0,,,0,topk_cell_support,a47bf94d,rot180,0,,
2,0,1,,,,0,,,0,topk_cell_support,a47bf94d,rot270,0,,
2,0,1,,,,0,,,0,topk_cell_support,a47bf94d,flip_lr,1,,
2,0,1,,,,0,,,0,topk_cell_support,a47bf94d,flip_ud,0,,
2,0,1,,,,0,,,0,topk_cell_support,a47bf94d,transpose,3,,
2,0,1,,,,0,,,0,topk_cell_support,a47bf94d,anti_transpose,0,,
2,12,3,,,,1,,,0,topk_cell_support,a47bf94d,identity,2,,
2,12,3,,,,0,,,0,topk_cell_support,a47bf94d,rot90,0,,
2,12,3,,,,0,,,0,topk_cell_support,a47bf94d,rot180,0,,
2,12,3,,,,0,,,0,topk_cell_support,a47bf94d,rot270,0,,
2,12,3,,,,1,,,0,topk_cell_support,a47bf94d,flip_lr,1,,
2,12,3,,,,0,,,0,topk_cell_support,a47bf94d,flip_ud,0,,
2,12,3,,,,1,,,0,topk_cell_support,a47bf94d,transpose,3,,
2,12,3,,,,0,,,0,topk_cell_support,a47bf94d,anti_transpose,0,,
2,24,0,,,,0,,,0,topk_cell_support,a47bf94d,identity,2,,
2,24,0,,,,0,,,0,topk_cell_support,a47bf94d,rot90,0,,
2,24,0,,,,0,,,0,topk_cell_support,a47bf94d,rot180,0,,
2,24,0,,,,0,,,0,topk_cell_support,a47bf94d,rot270,0,,
2,24,0,,,,0,,,0,topk_cell_support,a47bf94d,flip_lr,1,,
2,24,0,,,,0,,,0,topk_cell_support,a47bf94d,flip_ud,0,,
2,24,0,,,,0,,,0,topk_cell_support,a47bf94d,transpose,3,,
2,24,0,,,,0,,,0,topk_cell_support,a47bf94d,anti_transpose,0,,
2,48,1,,,,0,,,0,topk_cell_support,a47bf94d,identity,2,,
2,48,1,,,,0,,,0,topk_cell_support,a47bf94d,rot90,0,,
2,48,1,,,,0,,,0,topk_cell_support,a47bf94d,rot180,0,,
2,48,1,,,,0,,,0,topk_cell_support,a47bf94d,rot270,0,,
2,48,1,,,,0,,,0,topk_cell_support,a47bf94d,flip_lr,1,,
2,48,1,,,,0,,,0,topk_cell_support,a47bf94d,flip_ud,0,,
2,48,1,,,,1,,,0,topk_cell_support,a47bf94d,transpose,3,,
2,48,1,,,,0,,,0,topk_cell_support,a47bf94d,anti_transpose,0,,
2,72,1,,,,0,,,0,topk_cell_support,a47bf94d,identity,2,,
2,72,1,,,,0,,,0,topk_cell_support,a47bf94d,rot90,0,,
2,72,1,,,,0,,,0,topk_cell_support,a47bf94d,rot180,0,,
2,72,1,,,,0,,,0,topk_cell_support,a47bf94d,rot270,0,,
2,72,1,,,,0,,,0,topk_cell_support,a47bf94d,flip_lr,1,,
2,72,1,,,,0,,,0,topk_cell_support,a47bf94d,flip_ud,0,,
2,72,1,,,,1,,,0,topk_cell_support,a47bf94d,transpose,3,,
2,72,1,,,,0,,,0,topk_cell_support,a47bf94d,anti_transpose,0,,
4,0,5,,,,1,,,0,topk_cell_support,a47bf94d,identity,2,,
4,0,5,,,,2,,,0,topk_cell_support,a47bf94d,rot90,3,,
4,0,5,,,,0,,,0,topk_cell_support,a47bf94d,rot180,0,,
4,0,5,,,,1,,,0,topk_cell_support,a47bf94d,rot270,1,,
4,0,5,,,,0,,,0,topk_cell_support,a47bf94d,flip_lr,1,,
4,0,5,,,,0,,,0,topk_cell_support,a47bf94d,flip_ud,0,,
4,0,5,,,,1,,,0,topk_cell_support,a47bf94d,transpose,5,,
4,0,5,,,,0,,,0,topk_cell_support,a47bf94d,anti_transpose,0,,
4,12,3,,,,1,,,0,topk_cell_support,a47bf94d,identity,2,,
4,12,3,,,,0,,,0,topk_cell_support,a47bf94d,rot90,3,,
4,12,3,,,,0,,,0,topk_cell_support,a47bf94d,rot180,0,,
4,12,3,,,,0,,,0,topk_cell_support,a47bf94d,rot270,1,,
4,12,3,,,,1,,,0,topk_cell_support,a47bf94d,flip_lr,1,,
4,12,3,,,,0,,,0,topk_cell_support,a47bf94d,flip_ud,0,,
4,12,3,,,,1,,,0,topk_cell_support,a47bf94d,transpose,5,,
4,12,3,,,,0,,,0,topk_cell_support,a47bf94d,anti_transpose,0,,
4,24,1,,,,0,,,0,topk_cell_support,a47bf94d,identity,2,,
4,24,1,,,,0,,,0,topk_cell_support,a47bf94d,rot90,3,,
4,24,1,,,,0,,,0,topk_cell_support,a47bf94d,rot180,0,,
4,24,1,,,,0,,,0,topk_cell_support,a47bf94d,rot270,1,,
4,24,1,,,,0,,,0,topk_cell_support,a47bf94d,flip_lr,1,,
4,24,1,,,,0,,,0,topk_cell_support,a47bf94d,flip_ud,0,,
4,24,1,,,,1,,,0,topk_cell_support,a47bf94d,transpose,5,,
4,24,1,,,,0,,,0,topk_cell_support,a47bf94d,anti_transpose,0,,
4,48,1,,,,0,,,0,topk_cell_support,a47bf94d,identity,2,,
4,48,1,,,,0,,,0,topk_cell_support,a47bf94d,rot90,3,,
4,48,1,,,,0,,,0,topk_cell_support,a47bf94d,rot180,0,,
4,48,1,,,,0,,,0,topk_cell_support,a47bf94d,rot270,1,,
4,48,1,,,,0,,,0,topk_cell_support,a47bf94d,flip_lr,1,,
4,48,1,,,,0,,,0,topk_cell_support,a47bf94d,flip_ud,0,,
4,48,1,,,,1,,,0,topk_cell_support,a47bf94d,transpose,5,,
4,48,1,,,,0,,,0,topk_cell_support,a47bf94d,anti_transpose,0,,
4,72,2,,,,0,,,0,topk_cell_support,a47bf94d,identity,2,,
4,72,2,,,,1,,,0,topk_cell_support,a47bf94d,rot90,3,,
4,72,2,,,,0,,,0,topk_cell_support,a47bf94d,rot180,0,,
4,72,2,,,,0,,,0,topk_cell_support,a47bf94d,rot270,1,,
4,72,2,,,,0,,,0,topk_cell_support,a47bf94d,flip_lr,1,,
4,72,2,,,,0,,,0,topk_cell_support,a47bf94d,flip_ud,0,,
4,72,2,,,,1,,,0,topk_cell_support,a47bf94d,transpose,5,,
4,72,2,,,,0,,,0,topk_cell_support,a47bf94d,anti_transpose,0,,
8,0,8,,,,1,,,0,topk_cell_support,a47bf94d,identity,5,,
8,0,8,,,,2,,,0,topk_cell_support,a47bf94d,rot90,5,,
8,0,8,,,,0,,,0,topk_cell_support,a47bf94d,rot180,2,,
8,0,8,,,,1,,,0,topk_cell_support,a47bf94d,rot270,1,,
8,0,8,,,,1,,,0,topk_cell_support,a47bf94d,flip_lr,2,,
8,0,8,,,,1,,,0,topk_cell_support,a47bf94d,flip_ud,2,,
8,0,8,,,,1,,,0,topk_cell_support,a47bf94d,transpose,6,,
8,0,8,,,,1,,,0,topk_cell_support,a47bf94d,anti_transpose,1,,
8,12,7,,,,2,,,0,topk_cell_support,a47bf94d,identity,5,,
8,12,7,,,,1,,,0,topk_cell_support,a47bf94d,rot90,5,,
8,12,7,,,,1,,,0,topk_cell_support,a47bf94d,rot180,2,,
8,12,7,,,,0,,,0,topk_cell_support,a47bf94d,rot270,1,,
8,12,7,,,,1,,,0,topk_cell_support,a47bf94d,flip_lr,2,,
8,12,7,,,,0,,,0,topk_cell_support,a47bf94d,flip_ud,2,,
8,12,7,,,,2,,,0,topk_cell_support,a47bf94d,transpose,6,,
8,12,7,,,,0,,,0,topk_cell_support,a47bf94d,anti_transpose,1,,
8,24,4,,,,2,,,0,topk_cell_support,a47bf94d,identity,5,,
8,24,4,,,,0,,,0,topk_cell_support,a47bf94d,rot90,5,,
8,24,4,,,,1,,,0,topk_cell_support,a47bf94d,rot180,2,,
8,24,4,,,,0,,,0,topk_cell_support,a47bf94d,rot270,1,,
8,24,4,,,,0,,,0,topk_cell_support,a47bf94d,flip_lr,2,,
8,24,4,,,,0,,,0,topk_cell_support,a47bf94d,flip_ud,2,,
8,24,4,,,,1,,,0,topk_cell_support,a47bf94d,transpose,6,,
8,24,4,,,,0,,,0,topk_cell_support,a47bf94d,anti_transpose,1,,
8,48,2,,,,0,,,0,topk_cell_support,a47bf94d,identity,5,,
8,48,2,,,,1,,,0,topk_cell_support,a47bf94d,rot90,5,,
8,48,2,,,,0,,,0,topk_cell_support,a47bf94d,rot180,2,,
8,48,2,,,,0,,,0,topk_cell_support,a47bf94d,rot270,1,,
8,48,2,,,,0,,,0,topk_cell_support,a47bf94d,flip_lr,2,,
8,48,2,,,,0,,,0,topk_cell_support,a47bf94d,flip_ud,2,,
8,48,2,,,,1,,,0,topk_cell_support,a47bf94d,transpose,6,,
8,48,2,,,,0,,,0,topk_cell_support,a47bf94d,anti_transpose,1,,
8,72,3,,,,0,,,0,topk_cell_support,a47bf94d,identity,5,,
8,72,3,,,,1,,,0,topk_cell_support,a47bf94d,rot90,5,,
8,72,3,,,,0,,,0,topk_cell_support,a47bf94d,rot180,2,,
8,72,3,,,,0,,,0,topk_cell_support,a47bf94d,rot270,1,,
8,72,3,,,,0,,,0,topk_cell_support,a47bf94d,flip_lr,2,,
8,72,3,,,,1,,,0,topk_cell_support,a47bf94d,flip_ud,2,,
8,72,3,,,,1,,,0,topk_cell_support,a47bf94d,transpose,6,,
8,72,3,,,,0,,,0,topk_cell_support,a47bf94d,anti_transpose,1,,
,,,0.3333333333333333,"[24, 72, 12]",3,,0.3333333333333333,"[[24, ""transpose""], [72, ""rot270""], [12, ""flip_ud""]]",0,winner_summary,e87109e9,,,0.3333333333333333,"[""transpose"", ""rot270"", ""flip_ud""]"
1,0,0,,,,0,,,0,topk_cell_support,e87109e9,identity,0,,
1,0,0,,,,0,,,0,topk_cell_support,e87109e9,rot90,0,,
1,0,0,,,,0,,,0,topk_cell_support,e87109e9,rot180,0,,
1,0,0,,,,0,,,0,topk_cell_support,e87109e9,rot270,1,,
1,0,0,,,,0,,,0,topk_cell_support,e87109e9,flip_lr,0,,
1,0,0,,,,0,,,0,topk_cell_support,e87109e9,flip_ud,1,,
1,0,0,,,,0,,,0,topk_cell_support,e87109e9,transpose,1,,
1,0,0,,,,0,,,0,topk_cell_support,e87109e9,anti_transpose,0,,
1,12,1,,,,0,,,0,topk_cell_support,e87109e9,identity,0,,
1,12,1,,,,0,,,0,topk_cell_support,e87109e9,rot90,0,,
1,12,1,,,,0,,,0,topk_cell_support,e87109e9,rot180,0,,
1,12,1,,,,0,,,0,topk_cell_support,e87109e9,rot270,1,,
1,12,1,,,,0,,,0,topk_cell_support,e87109e9,flip_lr,0,,
1,12,1,,,,1,,,0,topk_cell_support,e87109e9,flip_ud,1,,
1,12,1,,,,0,,,0,topk_cell_support,e87109e9,transpose,1,,
1,12,1,,,,0,,,0,topk_cell_support,e87109e9,anti_transpose,0,,
1,24,1,,,,0,,,0,topk_cell_support,e87109e9,identity,0,,
1,24,1,,,,0,,,0,topk_cell_support,e87109e9,rot90,0,,
1,24,1,,,,0,,,0,topk_cell_support,e87109e9,rot180,0,,
1,24,1,,,,0,,,0,topk_cell_support,e87109e9,rot270,1,,
1,24,1,,,,0,,,0,topk_cell_support,e87109e9,flip_lr,0,,
1,24,1,,,,0,,,0,topk_cell_support,e87109e9,flip_ud,1,,
1,24,1,,,,1,,,0,topk_cell_support,e87109e9,transpose,1,,
1,24,1,,,,0,,,0,topk_cell_support,e87109e9,anti_transpose,0,,
1,48,0,,,,0,,,0,topk_cell_support,e87109e9,identity,0,,
1,48,0,,,,0,,,0,topk_cell_support,e87109e9,rot90,0,,
1,48,0,,,,0,,,0,topk_cell_support,e87109e9,rot180,0,,
1,48,0,,,,0,,,0,topk_cell_support,e87109e9,rot270,1,,
1,48,0,,,,0,,,0,topk_cell_support,e87109e9,flip_lr,0,,
1,48,0,,,,0,,,0,topk_cell_support,e87109e9,flip_ud,1,,
1,48,0,,,,0,,,0,topk_cell_support,e87109e9,transpose,1,,
1,48,0,,,,0,,,0,topk_cell_support,e87109e9,anti_transpose,0,,
1,72,1,,,,0,,,0,topk_cell_support,e87109e9,identity,0,,
1,72,1,,,,0,,,0,topk_cell_support,e87109e9,rot90,0,,
1,72,1,,,,0,,,0,topk_cell_support,e87109e9,rot180,0,,
1,72,1,,,,1,,,0,topk_cell_support,e87109e9,rot270,1,,
1,72,1,,,,0,,,0,topk_cell_support,e87109e9,flip_lr,0,,
1,72,1,,,,0,,,0,topk_cell_support,e87109e9,flip_ud,1,,
1,72,1,,,,0,,,0,topk_cell_support,e87109e9,transpose,1,,
1,72,1,,,,0,,,0,topk_cell_support,e87109e9,anti_transpose,0,,
2,0,0,,,,0,,,0,topk_cell_support,e87109e9,identity,0,,
2,0,0,,,,0,,,0,topk_cell_support,e87109e9,rot90,0,,
2,0,0,,,,0,,,0,topk_cell_support,e87109e9,rot180,1,,
2,0,0,,,,0,,,0,topk_cell_support,e87109e9,rot270,2,,
2,0,0,,,,0,,,0,topk_cell_support,e87109e9,flip_lr,0,,
2,0,0,,,,0,,,0,topk_cell_support,e87109e9,flip_ud,2,,
2,0,0,,,,0,,,0,topk_cell_support,e87109e9,transpose,1,,
2,0,0,,,,0,,,0,topk_cell_support,e87109e9,anti_transpose,0,,
2,12,1,,,,0,,,0,topk_cell_support,e87109e9,identity,0,,
2,12,1,,,,0,,,0,topk_cell_support,e87109e9,rot90,0,,
2,12,1,,,,0,,,0,topk_cell_support,e87109e9,rot180,1,,
2,12,1,,,,0,,,0,topk_cell_support,e87109e9,rot270,2,,
2,12,1,,,,0,,,0,topk_cell_support,e87109e9,flip_lr,0,,
2,12,1,,,,1,,,0,topk_cell_support,e87109e9,flip_ud,2,,
2,12,1,,,,0,,,0,topk_cell_support,e87109e9,transpose,1,,
2,12,1,,,,0,,,0,topk_cell_support,e87109e9,anti_transpose,0,,
2,24,2,,,,0,,,0,topk_cell_support,e87109e9,identity,0,,
2,24,2,,,,0,,,0,topk_cell_support,e87109e9,rot90,0,,
2,24,2,,,,1,,,0,topk_cell_support,e87109e9,rot180,1,,
2,24,2,,,,0,,,0,topk_cell_support,e87109e9,rot270,2,,
2,24,2,,,,0,,,0,topk_cell_support,e87109e9,flip_lr,0,,
2,24,2,,,,0,,,0,topk_cell_support,e87109e9,flip_ud,2,,
2,24,2,,,,1,,,0,topk_cell_support,e87109e9,transpose,1,,
2,24,2,,,,0,,,0,topk_cell_support,e87109e9,anti_transpose,0,,
2,48,2,,,,0,,,0,topk_cell_support,e87109e9,identity,0,,
2,48,2,,,,0,,,0,topk_cell_support,e87109e9,rot90,0,,
2,48,2,,,,0,,,0,topk_cell_support,e87109e9,rot180,1,,
2,48,2,,,,1,,,0,topk_cell_support,e87109e9,rot270,2,,
2,48,2,,,,0,,,0,topk_cell_support,e87109e9,flip_lr,0,,
2,48,2,,,,1,,,0,topk_cell_support,e87109e9,flip_ud,2,,
2,48,2,,,,0,,,0,topk_cell_support,e87109e9,transpose,1,,
2,48,2,,,,0,,,0,topk_cell_support,e87109e9,anti_transpose,0,,
2,72,1,,,,0,,,0,topk_cell_support,e87109e9,identity,0,,
2,72,1,,,,0,,,0,topk_cell_support,e87109e9,rot90,0,,
2,72,1,,,,0,,,0,topk_cell_support,e87109e9,rot180,1,,
2,72,1,,,,1,,,0,topk_cell_support,e87109e9,rot270,2,,
2,72,1,,,,0,,,0,topk_cell_support,e87109e9,flip_lr,0,,
2,72,1,,,,0,,,0,topk_cell_support,e87109e9,flip_ud,2,,
2,72,1,,,,0,,,0,topk_cell_support,e87109e9,transpose,1,,
2,72,1,,,,0,,,0,topk_cell_support,e87109e9,anti_transpose,0,,
4,0,0,,,,0,,,0,topk_cell_support,e87109e9,identity,0,,
4,0,0,,,,0,,,0,topk_cell_support,e87109e9,rot90,0,,
4,0,0,,,,0,,,0,topk_cell_support,e87109e9,rot180,2,,
4,0,0,,,,0,,,0,topk_cell_support,e87109e9,rot270,5,,
4,0,0,,,,0,,,0,topk_cell_support,e87109e9,flip_lr,1,,
4,0,0,,,,0,,,0,topk_cell_support,e87109e9,flip_ud,3,,
4,0,0,,,,0,,,0,topk_cell_support,e87109e9,transpose,1,,
4,0,0,,,,0,,,0,topk_cell_support,e87109e9,anti_transpose,0,,
4,12,2,,,,0,,,0,topk_cell_support,e87109e9,identity,0,,
4,12,2,,,,0,,,0,topk_cell_support,e87109e9,rot90,0,,
4,12,2,,,,0,,,0,topk_cell_support,e87109e9,rot180,2,,
4,12,2,,,,1,,,0,topk_cell_support,e87109e9,rot270,5,,
4,12,2,,,,0,,,0,topk_cell_support,e87109e9,flip_lr,1,,
4,12,2,,,,1,,,0,topk_cell_support,e87109e9,flip_ud,3,,
4,12,2,,,,0,,,0,topk_cell_support,e87109e9,transpose,1,,
4,12,2,,,,0,,,0,topk_cell_support,e87109e9,anti_transpose,0,,
4,24,6,,,,0,,,0,topk_cell_support,e87109e9,identity,0,,
4,24,6,,,,0,,,0,topk_cell_support,e87109e9,rot90,0,,
4,24,6,,,,1,,,0,topk_cell_support,e87109e9,rot180,2,,
4,24,6,,,,2,,,0,topk_cell_support,e87109e9,rot270,5,,
4,24,6,,,,1,,,0,topk_cell_support,e87109e9,flip_lr,1,,
4,24,6,,,,1,,,0,topk_cell_support,e87109e9,flip_ud,3,,
4,24,6,,,,1,,,0,topk_cell_support,e87109e9,transpose,1,,
4,24,6,,,,0,,,0,topk_cell_support,e87109e9,anti_transpose,0,,
4,48,3,,,,0,,,0,topk_cell_support,e87109e9,identity,0,,
4,48,3,,,,0,,,0,topk_cell_support,e87109e9,rot90,0,,
4,48,3,,,,1,,,0,topk_cell_support,e87109e9,rot180,2,,
4,48,3,,,,1,,,0,topk_cell_support,e87109e9,rot270,5,,
4,48,3,,,,0,,,0,topk_cell_support,e87109e9,flip_lr,1,,
4,48,3,,,,1,,,0,topk_cell_support,e87109e9,flip_ud,3,,
4,48,3,,,,0,,,0,topk_cell_support,e87109e9,transpose,1,,
4,48,3,,,,0,,,0,topk_cell_support,e87109e9,anti_transpose,0,,
4,72,1,,,,0,,,0,topk_cell_support,e87109e9,identity,0,,
4,72,1,,,,0,,,0,topk_cell_support,e87109e9,rot90,0,,
4,72,1,,,,0,,,0,topk_cell_support,e87109e9,rot180,2,,
4,72,1,,,,1,,,0,topk_cell_support,e87109e9,rot270,5,,
4,72,1,,,,0,,,0,topk_cell_support,e87109e9,flip_lr,1,,
4,72,1,,,,0,,,0,topk_cell_support,e87109e9,flip_ud,3,,
4,72,1,,,,0,,,0,topk_cell_support,e87109e9,transpose,1,,
4,72,1,,,,0,,,0,topk_cell_support,e87109e9,anti_transpose,0,,
8,0,1,,,,0,,,0,topk_cell_support,e87109e9,identity,0,,
8,0,1,,,,0,,,0,topk_cell_support,e87109e9,rot90,0,,
8,0,1,,,,1,,,0,topk_cell_support,e87109e9,rot180,5,,
8,0,1,,,,0,,,0,topk_cell_support,e87109e9,rot270,8,,
8,0,1,,,,0,,,0,topk_cell_support,e87109e9,flip_lr,3,,
8,0,1,,,,0,,,0,topk_cell_support,e87109e9,flip_ud,4,,
8,0,1,,,,0,,,0,topk_cell_support,e87109e9,transpose,1,,
8,0,1,,,,0,,,0,topk_cell_support,e87109e9,anti_transpose,3,,
8,12,6,,,,0,,,0,topk_cell_support,e87109e9,identity,0,,
8,12,6,,,,0,,,0,topk_cell_support,e87109e9,rot90,0,,
8,12,6,,,,1,,,0,topk_cell_support,e87109e9,rot180,5,,
8,12,6,,,,2,,,0,topk_cell_support,e87109e9,rot270,8,,
8,12,6,,,,0,,,0,topk_cell_support,e87109e9,flip_lr,3,,
8,12,6,,,,1,,,0,topk_cell_support,e87109e9,flip_ud,4,,
8,12,6,,,,0,,,0,topk_cell_support,e87109e9,transpose,1,,
8,12,6,,,,2,,,0,topk_cell_support,e87109e9,anti_transpose,3,,
8,24,10,,,,0,,,0,topk_cell_support,e87109e9,identity,0,,
8,24,10,,,,0,,,0,topk_cell_support,e87109e9,rot90,0,,
8,24,10,,,,2,,,0,topk_cell_support,e87109e9,rot180,5,,
8,24,10,,,,3,,,0,topk_cell_support,e87109e9,rot270,8,,
8,24,10,,,,2,,,0,topk_cell_support,e87109e9,flip_lr,3,,
8,24,10,,,,2,,,0,topk_cell_support,e87109e9,flip_ud,4,,
8,24,10,,,,1,,,0,topk_cell_support,e87109e9,transpose,1,,
8,24,10,,,,0,,,0,topk_cell_support,e87109e9,anti_transpose,3,,
8,48,4,,,,0,,,0,topk_cell_support,e87109e9,identity,0,,
8,48,4,,,,0,,,0,topk_cell_support,e87109e9,rot90,0,,
8,48,4,,,,1,,,0,topk_cell_support,e87109e9,rot180,5,,
8,48,4,,,,2,,,0,topk_cell_support,e87109e9,rot270,8,,
8,48,4,,,,0,,,0,topk_cell_support,e87109e9,flip_lr,3,,
8,48,4,,,,1,,,0,topk_cell_support,e87109e9,flip_ud,4,,
8,48,4,,,,0,,,0,topk_cell_support,e87109e9,transpose,1,,
8,48,4,,,,0,,,0,topk_cell_support,e87109e9,anti_transpose,3,,
8,72,3,,,,0,,,0,topk_cell_support,e87109e9,identity,0,,
8,72,3,,,,0,,,0,topk_cell_support,e87109e9,rot90,0,,
8,72,3,,,,0,,,0,topk_cell_support,e87109e9,rot180,5,,
8,72,3,,,,1,,,0,topk_cell_support,e87109e9,rot270,8,,
8,72,3,,,,1,,,0,topk_cell_support,e87109e9,flip_lr,3,,
8,72,3,,,,0,,,0,topk_cell_support,e87109e9,flip_ud,4,,
8,72,3,,,,0,,,0,topk_cell_support,e87109e9,transpose,1,,
8,72,3,,,,1,,,0,topk_cell_support,e87109e9,anti_transpose,3,,
,,,0.3333333333333333,"[0, 24, 72]",3,,0.3333333333333333,"[[0, ""flip_ud""], [24, ""identity""], [72, ""flip_ud""]]",0,winner_summary,fc7cae8d,,,0.6666666666666666,"[""flip_ud"", ""identity"", ""flip_ud""]"
1,0,1,,,,0,,,0,topk_cell_support,fc7cae8d,identity,1,,
1,0,1,,,,0,,,0,topk_cell_support,fc7cae8d,rot90,0,,
1,0,1,,,,0,,,0,topk_cell_support,fc7cae8d,rot180,0,,
1,0,1,,,,0,,,0,topk_cell_support,fc7cae8d,rot270,0,,
1,0,1,,,,0,,,0,topk_cell_support,fc7cae8d,flip_lr,0,,
1,0,1,,,,1,,,0,topk_cell_support,fc7cae8d,flip_ud,2,,
1,0,1,,,,0,,,0,topk_cell_support,fc7cae8d,transpose,0,,
1,0,1,,,,0,,,0,topk_cell_support,fc7cae8d,anti_transpose,0,,
1,12,0,,,,0,,,0,topk_cell_support,fc7cae8d,identity,1,,
1,12,0,,,,0,,,0,topk_cell_support,fc7cae8d,rot90,0,,
1,12,0,,,,0,,,0,topk_cell_support,fc7cae8d,rot180,0,,
1,12,0,,,,0,,,0,topk_cell_support,fc7cae8d,rot270,0,,
1,12,0,,,,0,,,0,topk_cell_support,fc7cae8d,flip_lr,0,,
1,12,0,,,,0,,,0,topk_cell_support,fc7cae8d,flip_ud,2,,
1,12,0,,,,0,,,0,topk_cell_support,fc7cae8d,transpose,0,,
1,12,0,,,,0,,,0,topk_cell_support,fc7cae8d,anti_transpose,0,,
1,24,1,,,,1,,,0,topk_cell_support,fc7cae8d,identity,1,,
1,24,1,,,,0,,,0,topk_cell_support,fc7cae8d,rot90,0,,
1,24,1,,,,0,,,0,topk_cell_support,fc7cae8d,rot180,0,,
1,24,1,,,,0,,,0,topk_cell_support,fc7cae8d,rot270,0,,
1,24,1,,,,0,,,0,topk_cell_support,fc7cae8d,flip_lr,0,,
1,24,1,,,,0,,,0,topk_cell_support,fc7cae8d,flip_ud,2,,
1,24,1,,,,0,,,0,topk_cell_support,fc7cae8d,transpose,0,,
1,24,1,,,,0,,,0,topk_cell_support,fc7cae8d,anti_transpose,0,,
1,48,0,,,,0,,,0,topk_cell_support,fc7cae8d,identity,1,,
1,48,0,,,,0,,,0,topk_cell_support,fc7cae8d,rot90,0,,
1,48,0,,,,0,,,0,topk_cell_support,fc7cae8d,rot180,0,,
1,48,0,,,,0,,,0,topk_cell_support,fc7cae8d,rot270,0,,
1,48,0,,,,0,,,0,topk_cell_support,fc7cae8d,flip_lr,0,,
1,48,0,,,,0,,,0,topk_cell_support,fc7cae8d,flip_ud,2,,
1,48,0,,,,0,,,0,topk_cell_support,fc7cae8d,transpose,0,,
1,48,0,,,,0,,,0,topk_cell_support,fc7cae8d,anti_transpose,0,,
1,72,1,,,,0,,,0,topk_cell_support,fc7cae8d,identity,1,,
1,72,1,,,,0,,,0,topk_cell_support,fc7cae8d,rot90,0,,
1,72,1,,,,0,,,0,topk_cell_support,fc7cae8d,rot180,0,,
1,72,1,,,,0,,,0,topk_cell_support,fc7cae8d,rot270,0,,
1,72,1,,,,0,,,0,topk_cell_support,fc7cae8d,flip_lr,0,,
1,72,1,,,,1,,,0,topk_cell_support,fc7cae8d,flip_ud,2,,
1,72,1,,,,0,,,0,topk_cell_support,fc7cae8d,transpose,0,,
1,72,1,,,,0,,,0,topk_cell_support,fc7cae8d,anti_transpose,0,,
2,0,1,,,,0,,,0,topk_cell_support,fc7cae8d,identity,2,,
2,0,1,,,,0,,,0,topk_cell_support,fc7cae8d,rot90,0,,
2,0,1,,,,0,,,0,topk_cell_support,fc7cae8d,rot180,1,,
2,0,1,,,,0,,,0,topk_cell_support,fc7cae8d,rot270,0,,
2,0,1,,,,0,,,0,topk_cell_support,fc7cae8d,flip_lr,0,,
2,0,1,,,,1,,,0,topk_cell_support,fc7cae8d,flip_ud,3,,
2,0,1,,,,0,,,0,topk_cell_support,fc7cae8d,transpose,0,,
2,0,1,,,,0,,,0,topk_cell_support,fc7cae8d,anti_transpose,0,,
2,12,2,,,,1,,,0,topk_cell_support,fc7cae8d,identity,2,,
2,12,2,,,,0,,,0,topk_cell_support,fc7cae8d,rot90,0,,
2,12,2,,,,0,,,0,topk_cell_support,fc7cae8d,rot180,1,,
2,12,2,,,,0,,,0,topk_cell_support,fc7cae8d,rot270,0,,
2,12,2,,,,0,,,0,topk_cell_support,fc7cae8d,flip_lr,0,,
2,12,2,,,,1,,,0,topk_cell_support,fc7cae8d,flip_ud,3,,
2,12,2,,,,0,,,0,topk_cell_support,fc7cae8d,transpose,0,,
2,12,2,,,,0,,,0,topk_cell_support,fc7cae8d,anti_transpose,0,,
2,24,2,,,,1,,,0,topk_cell_support,fc7cae8d,identity,2,,
2,24,2,,,,0,,,0,topk_cell_support,fc7cae8d,rot90,0,,
2,24,2,,,,1,,,0,topk_cell_support,fc7cae8d,rot180,1,,
2,24,2,,,,0,,,0,topk_cell_support,fc7cae8d,rot270,0,,
2,24,2,,,,0,,,0,topk_cell_support,fc7cae8d,flip_lr,0,,
2,24,2,,,,0,,,0,topk_cell_support,fc7cae8d,flip_ud,3,,
2,24,2,,,,0,,,0,topk_cell_support,fc7cae8d,transpose,0,,
2,24,2,,,,0,,,0,topk_cell_support,fc7cae8d,anti_transpose,0,,
2,48,0,,,,0,,,0,topk_cell_support,fc7cae8d,identity,2,,
2,48,0,,,,0,,,0,topk_cell_support,fc7cae8d,rot90,0,,
2,48,0,,,,0,,,0,topk_cell_support,fc7cae8d,rot180,1,,
2,48,0,,,,0,,,0,topk_cell_support,fc7cae8d,rot270,0,,
2,48,0,,,,0,,,0,topk_cell_support,fc7cae8d,flip_lr,0,,
2,48,0,,,,0,,,0,topk_cell_support,fc7cae8d,flip_ud,3,,
2,48,0,,,,0,,,0,topk_cell_support,fc7cae8d,transpose,0,,
2,48,0,,,,0,,,0,topk_cell_support,fc7cae8d,anti_transpose,0,,
2,72,1,,,,0,,,0,topk_cell_support,fc7cae8d,identity,2,,
2,72,1,,,,0,,,0,topk_cell_support,fc7cae8d,rot90,0,,
2,72,1,,,,0,,,0,topk_cell_support,fc7cae8d,rot180,1,,
2,72,1,,,,0,,,0,topk_cell_support,fc7cae8d,rot270,0,,
2,72,1,,,,0,,,0,topk_cell_support,fc7cae8d,flip_lr,0,,
2,72,1,,,,1,,,0,topk_cell_support,fc7cae8d,flip_ud,3,,
2,72,1,,,,0,,,0,topk_cell_support,fc7cae8d,transpose,0,,
2,72,1,,,,0,,,0,topk_cell_support,fc7cae8d,anti_transpose,0,,
4,0,1,,,,0,,,0,topk_cell_support,fc7cae8d,identity,3,,
4,0,1,,,,0,,,0,topk_cell_support,fc7cae8d,rot90,1,,
4,0,1,,,,0,,,0,topk_cell_support,fc7cae8d,rot180,2,,
4,0,1,,,,0,,,0,topk_cell_support,fc7cae8d,rot270,1,,
4,0,1,,,,0,,,0,topk_cell_support,fc7cae8d,flip_lr,0,,
4,0,1,,,,1,,,0,topk_cell_support,fc7cae8d,flip_ud,4,,
4,0,1,,,,0,,,0,topk_cell_support,fc7cae8d,transpose,1,,
4,0,1,,,,0,,,0,topk_cell_support,fc7cae8d,anti_transpose,0,,
4,12,5,,,,2,,,0,topk_cell_support,fc7cae8d,identity,3,,
4,12,5,,,,1,,,0,topk_cell_support,fc7cae8d,rot90,1,,
4,12,5,,,,1,,,0,topk_cell_support,fc7cae8d,rot180,2,,
4,12,5,,,,0,,,0,topk_cell_support,fc7cae8d,rot270,1,,
4,12,5,,,,0,,,0,topk_cell_support,fc7cae8d,flip_lr,0,,
4,12,5,,,,1,,,0,topk_cell_support,fc7cae8d,flip_ud,4,,
4,12,5,,,,0,,,0,topk_cell_support,fc7cae8d,transpose,1,,
4,12,5,,,,0,,,0,topk_cell_support,fc7cae8d,anti_transpose,0,,
4,24,4,,,,1,,,0,topk_cell_support,fc7cae8d,identity,3,,
4,24,4,,,,0,,,0,topk_cell_support,fc7cae8d,rot90,1,,
4,24,4,,,,1,,,0,topk_cell_support,fc7cae8d,rot180,2,,
4,24,4,,,,1,,,0,topk_cell_support,fc7cae8d,rot270,1,,
4,24,4,,,,0,,,0,topk_cell_support,fc7cae8d,flip_lr,0,,
4,24,4,,,,1,,,0,topk_cell_support,fc7cae8d,flip_ud,4,,
4,24,4,,,,0,,,0,topk_cell_support,fc7cae8d,transpose,1,,
4,24,4,,,,0,,,0,topk_cell_support,fc7cae8d,anti_transpose,0,,
4,48,0,,,,0,,,0,topk_cell_support,fc7cae8d,identity,3,,
4,48,0,,,,0,,,0,topk_cell_support,fc7cae8d,rot90,1,,
4,48,0,,,,0,,,0,topk_cell_support,fc7cae8d,rot180,2,,
4,48,0,,,,0,,,0,topk_cell_support,fc7cae8d,rot270,1,,
4,48,0,,,,0,,,0,topk_cell_support,fc7cae8d,flip_lr,0,,
4,48,0,,,,0,,,0,topk_cell_support,fc7cae8d,flip_ud,4,,
4,48,0,,,,0,,,0,topk_cell_support,fc7cae8d,transpose,1,,
4,48,0,,,,0,,,0,topk_cell_support,fc7cae8d,anti_transpose,0,,
4,72,2,,,,0,,,0,topk_cell_support,fc7cae8d,identity,3,,
4,72,2,,,,0,,,0,topk_cell_support,fc7cae8d,rot90,1,,
4,72,2,,,,0,,,0,topk_cell_support,fc7cae8d,rot180,2,,
4,72,2,,,,0,,,0,topk_cell_support,fc7cae8d,rot270,1,,
4,72,2,,,,0,,,0,topk_cell_support,fc7cae8d,flip_lr,0,,
4,72,2,,,,1,,,0,topk_cell_support,fc7cae8d,flip_ud,4,,
4,72,2,,,,1,,,0,topk_cell_support,fc7cae8d,transpose,1,,
4,72,2,,,,0,,,0,topk_cell_support,fc7cae8d,anti_transpose,0,,
8,0,4,,,,1,,,0,topk_cell_support,fc7cae8d,identity,4,,
8,0,4,,,,1,,,0,topk_cell_support,fc7cae8d,rot90,3,,
8,0,4,,,,0,,,0,topk_cell_support,fc7cae8d,rot180,3,,
8,0,4,,,,0,,,0,topk_cell_support,fc7cae8d,rot270,5,,
8,0,4,,,,0,,,0,topk_cell_support,fc7cae8d,flip_lr,0,,
8,0,4,,,,1,,,0,topk_cell_support,fc7cae8d,flip_ud,6,,
8,0,4,,,,1,,,0,topk_cell_support,fc7cae8d,transpose,3,,
8,0,4,,,,0,,,0,topk_cell_support,fc7cae8d,anti_transpose,0,,
8,12,9,,,,2,,,0,topk_cell_support,fc7cae8d,identity,4,,
8,12,9,,,,1,,,0,topk_cell_support,fc7cae8d,rot90,3,,
8,12,9,,,,2,,,0,topk_cell_support,fc7cae8d,rot180,3,,
8,12,9,,,,2,,,0,topk_cell_support,fc7cae8d,rot270,5,,
8,12,9,,,,0,,,0,topk_cell_support,fc7cae8d,flip_lr,0,,
8,12,9,,,,2,,,0,topk_cell_support,fc7cae8d,flip_ud,6,,
8,12,9,,,,0,,,0,topk_cell_support,fc7cae8d,transpose,3,,
8,12,9,,,,0,,,0,topk_cell_support,fc7cae8d,anti_transpose,0,,
8,24,5,,,,1,,,0,topk_cell_support,fc7cae8d,identity,4,,
8,24,5,,,,1,,,0,topk_cell_support,fc7cae8d,rot90,3,,
8,24,5,,,,1,,,0,topk_cell_support,fc7cae8d,rot180,3,,
8,24,5,,,,1,,,0,topk_cell_support,fc7cae8d,rot270,5,,
8,24,5,,,,0,,,0,topk_cell_support,fc7cae8d,flip_lr,0,,
8,24,5,,,,1,,,0,topk_cell_support,fc7cae8d,flip_ud,6,,
8,24,5,,,,0,,,0,topk_cell_support,fc7cae8d,transpose,3,,
8,24,5,,,,0,,,0,topk_cell_support,fc7cae8d,anti_transpose,0,,
8,48,2,,,,0,,,0,topk_cell_support,fc7cae8d,identity,4,,
8,48,2,,,,0,,,0,topk_cell_support,fc7cae8d,rot90,3,,
8,48,2,,,,0,,,0,topk_cell_support,fc7cae8d,rot180,3,,
8,48,2,,,,0,,,0,topk_cell_support,fc7cae8d,rot270,5,,
8,48,2,,,,0,,,0,topk_cell_support,fc7cae8d,flip_lr,0,,
8,48,2,,,,1,,,0,topk_cell_support,fc7cae8d,flip_ud,6,,
8,48,2,,,,1,,,0,topk_cell_support,fc7cae8d,transpose,3,,
8,48,2,,,,0,,,0,topk_cell_support,fc7cae8d,anti_transpose,0,,
8,72,4,,,,0,,,0,topk_cell_support,fc7cae8d,identity,4,,
8,72,4,,,,0,,,0,topk_cell_support,fc7cae8d,rot90,3,,
8,72,4,,,,0,,,0,topk_cell_support,fc7cae8d,rot180,3,,
8,72,4,,,,2,,,0,topk_cell_support,fc7cae8d,rot270,5,,
8,72,4,,,,0,,,0,topk_cell_support,fc7cae8d,flip_lr,0,,
8,72,4,,,,1,,,0,topk_cell_support,fc7cae8d,flip_ud,6,,
8,72,4,,,,1,,,0,topk_cell_support,fc7cae8d,transpose,3,,
8,72,4,,,,0,,,0,topk_cell_support,fc7cae8d,anti_transpose,0,,
