layer,target,status,model,cv_split,n_cell_predictions,n_task_groups,n_positive_outputs,recall_at_1,recall_at_2,recall_at_4,recall_at_6
L1_SINGLE_HELDOUT,Y_G,EXPLORATORY_SMALL_N,SINGLE_FEATURE_L2_LOGISTIC,LEAVE_ONE_TASK_OUT,204,12,7,0.42857143,0.57142857,0.85714286,1.0
L1_SINGLE_HELDOUT,Y_F,EXPLORATORY_SMALL_N,SINGLE_FEATURE_L2_LOGISTIC,LEAVE_ONE_TASK_OUT,192,12,7,0.42857143,0.57142857,0.85714286,1.0
L1_SINGLE_HELDOUT,Y_C,EXPLORATORY_SMALL_N,SINGLE_FEATURE_L2_LOGISTIC,LEAVE_ONE_TASK_OUT,192,12,7,0.42857143,0.57142857,0.85714286,1.0
L1_SINGLE_HELDOUT,Y_R,INSUFFICIENT_FOR_ROUTER_CONCLUSION,NOT_FIT,LEAVE_ONE_TASK_OUT,0,0,0,,,,
L2_MULTIFOLD_LOO,Y_G,INSUFFICIENT_FOR_ROUTER_CONCLUSION,NOT_FIT,LEAVE_ONE_TASK_OUT,0,0,0,,,,
L2_MULTIFOLD_LOO,Y_F,INSUFFICIENT_FOR_ROUTER_CONCLUSION,NOT_FIT,LEAVE_ONE_TASK_OUT,0,0,0,,,,
L2_MULTIFOLD_LOO,Y_C,INSUFFICIENT_FOR_ROUTER_CONCLUSION,NOT_FIT,LEAVE_ONE_TASK_OUT,0,0,0,,,,
L2_MULTIFOLD_LOO,Y_R,INSUFFICIENT_FOR_ROUTER_CONCLUSION,NOT_FIT,LEAVE_ONE_TASK_OUT,0,0,0,,,,
L3_FULL_TRAIN_SAME_STATE,Y_G,MISSING_EVIDENCE_UNMATCHED_PRODUCTION_CHECKPOINT_STATE,NONE,LEAVE_ONE_TASK_OUT,,,,,,,
L3_FULL_TRAIN_SAME_STATE,Y_F,MISSING_EVIDENCE_UNMATCHED_PRODUCTION_CHECKPOINT_STATE,NONE,LEAVE_ONE_TASK_OUT,,,,,,,
L3_FULL_TRAIN_SAME_STATE,Y_C,MISSING_EVIDENCE_UNMATCHED_PRODUCTION_CHECKPOINT_STATE,NONE,LEAVE_ONE_TASK_OUT,,,,,,,
L3_FULL_TRAIN_SAME_STATE,Y_R,MISSING_EVIDENCE_UNMATCHED_PRODUCTION_CHECKPOINT_STATE,NONE,LEAVE_ONE_TASK_OUT,,,,,,,
