actual_gold_hit,alignment_class,candidate_count,cell_key,counterfactual_gold_survives,d0_source,d1_candidate_pool_sha256,decoder_policy,nodes_expanded,output_id,runtime_seconds,termination_reason
False,SURVIVE0_HIT0,1,332f06d7:o0:d24:anti_transpose,False,G1 frozen incremental-KV Gold-prefix trace replay,cd54cd9775e69b0bf66274072d22112b2d1bc5b8ee84659159bf328e28d0ee72,D1_V5_CAPPED_CONTROL,419,332f06d7:o0,13.360064698383212,search_exhausted
False,SURVIVE0_HIT0,2,c4d067a0:o0:d12:anti_transpose,False,G1 frozen incremental-KV Gold-prefix trace replay,ee34f1eb791a994e15ef4b227cbdc5ecbb39eea6bd94abab3b5f5cb18e835523,D1_V5_CAPPED_CONTROL,1140,c4d067a0:o0,42.807355215772986,search_exhausted
False,SURVIVE0_HIT0,4,16de56c4:o1:d24:transpose,False,G1 frozen incremental-KV Gold-prefix trace replay,74a41c7d9bcc4fa784663a6b15ae66a1f69d8485d004a2d8d763e485f282cd23,D1_V5_CAPPED_CONTROL,759,16de56c4:o1,22.61649999022484,search_exhausted
False,SURVIVE0_HIT0,7,a32d8b75:o1:d48:anti_transpose,False,G1 frozen incremental-KV Gold-prefix trace replay,1e10b35e74127b851b6f965f740909baa2328e08eaa2b5845fdd1a255ee4da1b,D1_V5_CAPPED_CONTROL,924,a32d8b75:o1,28.845789562910795,search_exhausted
False,SURVIVE0_HIT0,2,64efde09:o0:d12:transpose,False,G1 frozen incremental-KV Gold-prefix trace replay,e3b6313b8004e4f11ee886ec74773ac0f55b7a687c76ec1563777ad414817b59,D1_V5_CAPPED_CONTROL,1736,64efde09:o0,54.25777762662619,search_exhausted
False,SURVIVE0_HIT0,2,64efde09:o0:d24:transpose,False,G1 frozen incremental-KV Gold-prefix trace replay,f30fa89162a2354394ef4783acd514084f99ab84ec6a7dd66eda116ac2ba68f6,D1_V5_CAPPED_CONTROL,1736,64efde09:o0,101.19281802885234,search_exhausted
False,SURVIVE0_HIT0,2,e3721c99:o1:d48:flip_ud,False,G1 frozen incremental-KV Gold-prefix trace replay,a8bd046c8ed992071a3ceaf2ffa09102c48b83a4739cac1bb0460c238b07681a,D1_V5_CAPPED_CONTROL,1840,e3721c99:o1,108.0496500916779,search_exhausted
False,SURVIVE0_HIT0,14,20270e3b:o0:d24:identity,False,G1 frozen incremental-KV Gold-prefix trace replay,e1af9320c366a8a3b62d5aada23e6143ffdd35fde67dc722c9c2549abc084a90,D1_V5_CAPPED_CONTROL,1873,20270e3b:o0,57.93349095713347,budget_exhausted
False,SURVIVE0_HIT0,21,332f06d7:o0:d24:anti_transpose,False,G1 frozen incremental-KV Gold-prefix trace replay,8aeea319a30450ce1fdb4b1f4447b592cedbd7385efd09712a52ecdb7c16089b,CUMULATIVE_REGRET_r=4.00,4096,332f06d7:o0,241.5902706887573,budget_exhausted
False,SURVIVE0_HIT0,18,c4d067a0:o0:d12:anti_transpose,False,G1 frozen incremental-KV Gold-prefix trace replay,7cadbe74f942eb21b5a9fe0603b3e80108dcd31d9c5efd2c915fbd6bf7572851,CUMULATIVE_REGRET_r=4.00,4096,c4d067a0:o0,244.04955274052918,budget_exhausted
False,SURVIVE0_HIT0,32,16de56c4:o1:d24:transpose,False,G1 frozen incremental-KV Gold-prefix trace replay,e67da61b9d6f4f7f2ba29c10f6f6f95082a81748105b2df0c4aee12880e97af1,CUMULATIVE_REGRET_r=4.00,2361,16de56c4:o1,138.84521519578993,budget_exhausted
False,SURVIVE0_HIT0,32,a32d8b75:o1:d48:anti_transpose,False,G1 frozen incremental-KV Gold-prefix trace replay,fdea38d8539d0a32b18d5318c96a6c7220fb69e08f9b9a76c5f8d3e226ce4961,CUMULATIVE_REGRET_r=4.00,3571,a32d8b75:o1,212.26034877449274,budget_exhausted
False,SURVIVE0_HIT0,19,64efde09:o0:d12:transpose,False,G1 frozen incremental-KV Gold-prefix trace replay,1487c203ec9b438fb254271390064a725c54a3f2c4d69a43e9a855622cad7e2a,CUMULATIVE_REGRET_r=4.00,4096,64efde09:o0,242.60384806618094,budget_exhausted
False,SURVIVE0_HIT0,10,64efde09:o0:d24:transpose,False,G1 frozen incremental-KV Gold-prefix trace replay,146c3a6607b275c9d293c02ce787b2ddfa14b02aa245aab90d755cb75be29347,CUMULATIVE_REGRET_r=4.00,4096,64efde09:o0,241.47025990858674,budget_exhausted
False,SURVIVE0_HIT0,13,e3721c99:o1:d48:flip_ud,False,G1 frozen incremental-KV Gold-prefix trace replay,43b1cb74361ced9ffbf1c3838e7e93bd4cbaf61c75b86a62c8916fbeaf500bb1,CUMULATIVE_REGRET_r=4.00,4096,e3721c99:o1,243.5565645713359,budget_exhausted
True,SURVIVE1_HIT1,28,20270e3b:o0:d24:identity,True,G1 frozen incremental-KV Gold-prefix trace replay,5d7b0a82c390cd2ae5076648ff7c496c0cfb1e87fa1ee8e82fef8f8840ce756a,CUMULATIVE_REGRET_r=4.00,668,20270e3b:o0,40.24520332925022,search_exhausted
False,SURVIVE1_HIT0,32,332f06d7:o0:d24:anti_transpose,True,G1 frozen incremental-KV Gold-prefix trace replay,fd74ad1b691c0a2d5a3d43f0bf3af9f898d92fa2d84db30bb9330085ccf91f84,AFFINE_NLL_BUDGET_tau0=2.000_lambda=0.0400,866,332f06d7:o0,52.16849062591791,budget_exhausted
False,SURVIVE1_HIT0,32,c4d067a0:o0:d12:anti_transpose,True,G1 frozen incremental-KV Gold-prefix trace replay,3c0a96c30ec91ee0cb1a21f4c1d60513781fbc8a6d2c24ac7e60b1e2050b0eb2,AFFINE_NLL_BUDGET_tau0=2.000_lambda=0.0400,1051,c4d067a0:o0,62.89263838157058,budget_exhausted
False,SURVIVE0_HIT0,32,16de56c4:o1:d24:transpose,False,G1 frozen incremental-KV Gold-prefix trace replay,efa4fe81da88be6fd014ce043dbce5b9974641ec91c47ac7bf638cb8ee35b438,AFFINE_NLL_BUDGET_tau0=2.000_lambda=0.0400,1343,16de56c4:o1,78.65044813230634,budget_exhausted
False,SURVIVE0_HIT0,32,a32d8b75:o1:d48:anti_transpose,False,G1 frozen incremental-KV Gold-prefix trace replay,3d4eeae4680988dcdaccd5b9e04c52f9c1528daa8578af8f4157474e0d3a8299,AFFINE_NLL_BUDGET_tau0=2.000_lambda=0.0400,948,a32d8b75:o1,56.84163779206574,budget_exhausted
False,SURVIVE0_HIT0,32,64efde09:o0:d12:transpose,False,G1 frozen incremental-KV Gold-prefix trace replay,2a2d9da30d200db342d5e6c2f0a02d4540ac64b08c2356e204573cc5a00f4b04,AFFINE_NLL_BUDGET_tau0=2.000_lambda=0.0400,947,64efde09:o0,57.232702530920506,budget_exhausted
False,SURVIVE0_HIT0,32,64efde09:o0:d24:transpose,False,G1 frozen incremental-KV Gold-prefix trace replay,f9c5a6cf704cd83e41fed094ef9e946673dc9c1075ee7f858cae04dbccc4c290,AFFINE_NLL_BUDGET_tau0=2.000_lambda=0.0400,988,64efde09:o0,59.42657949030399,budget_exhausted
False,SURVIVE0_HIT0,32,e3721c99:o1:d48:flip_ud,False,G1 frozen incremental-KV Gold-prefix trace replay,336cc6dfc122cab30da4235306d048279416cd764b7d2e52245c9f241ef3af3e,AFFINE_NLL_BUDGET_tau0=2.000_lambda=0.0400,956,e3721c99:o1,57.54065147973597,budget_exhausted
False,SURVIVE0_HIT0,6,20270e3b:o0:d24:identity,False,G1 frozen incremental-KV Gold-prefix trace replay,8099366730e413151f81bda3a2f368ecab6dfef204fb3c991ce68b6266b750a5,AFFINE_NLL_BUDGET_tau0=2.000_lambda=0.0400,173,20270e3b:o0,10.44061640277505,search_exhausted
False,SURVIVE1_HIT0,32,332f06d7:o0:d24:anti_transpose,True,G1 frozen incremental-KV Gold-prefix trace replay,2d15bfe02b40741b3a58703878e87985b30f37a88dae08ed1f47c79fc25de9d4,TOPK_LOCAL_k=2,755,332f06d7:o0,44.86574378795922,budget_exhausted
False,SURVIVE1_HIT0,32,c4d067a0:o0:d12:anti_transpose,True,G1 frozen incremental-KV Gold-prefix trace replay,821462941cb796ca746c7511c26a005e29eb80d016413dc20c1a592e4a59bebb,TOPK_LOCAL_k=2,949,c4d067a0:o0,56.93327099457383,budget_exhausted
False,SURVIVE0_HIT0,32,16de56c4:o1:d24:transpose,False,G1 frozen incremental-KV Gold-prefix trace replay,390c3602a755de8d736f30ff84ae48d1e331f02c40ce57756df43308889489b1,TOPK_LOCAL_k=2,359,16de56c4:o1,21.38801180385053,budget_exhausted
False,SURVIVE1_HIT0,32,a32d8b75:o1:d48:anti_transpose,True,G1 frozen incremental-KV Gold-prefix trace replay,5126304e16d412572b7dc20f224d8a81950e660b5ac629de2cd367ff7ab340c3,TOPK_LOCAL_k=2,934,a32d8b75:o1,55.91529425792396,budget_exhausted
False,SURVIVE1_HIT0,32,64efde09:o0:d12:transpose,True,G1 frozen incremental-KV Gold-prefix trace replay,9765ab6ab3de562eceff3c196f5febd3ca3307ed15596ebba300d77caecfa55d,TOPK_LOCAL_k=2,932,64efde09:o0,55.1179007794708,budget_exhausted
False,SURVIVE1_HIT0,32,64efde09:o0:d24:transpose,True,G1 frozen incremental-KV Gold-prefix trace replay,b3b35ec406f6f3cc83e8397c00a1eba7d4365cafd51b01de35a813dc7c371c50,TOPK_LOCAL_k=2,940,64efde09:o0,56.99395338818431,budget_exhausted
False,SURVIVE0_HIT0,32,e3721c99:o1:d48:flip_ud,False,G1 frozen incremental-KV Gold-prefix trace replay,c85caa2763f90135722361d8dce147ec00db4d704a66ccc750062c60c643c294,TOPK_LOCAL_k=2,964,e3721c99:o1,58.72159945592284,budget_exhausted
False,SURVIVE1_HIT0,32,20270e3b:o0:d24:identity,True,G1 frozen incremental-KV Gold-prefix trace replay,2eceb5303f767f8d5cbdc3abd366a90b7b883848d73ceb8cb65aaa96985c87b0,TOPK_LOCAL_k=2,373,20270e3b:o0,22.255329275503755,budget_exhausted
