allocated_bytes,free_bytes,model_buffer_bytes,model_parameter_bytes,peak_allocated_bytes,peak_reserved_bytes,reserved_bytes,snapshot,total_bytes,total_unique_kv_bytes,unattributed_runtime_bytes
8390657536,15543042048,256,8324316160,8390657536,9477029888,9477029888,M0,25298141184,0,66341120
8683550208,15264120832,256,8324316160,8874971648,9695133696,9695133696,M1,25298141184,284295168,74938624
8967907328,15264120832,256,8324316160,9159328768,9695133696,9695133696,M2,25298141184,568590336,75000576
9252264448,15264120832,256,8324316160,9443685888,9695133696,9695133696,M3,25298141184,852885504,75062528
9536859136,14962130944,256,8324316160,9728280576,9997123584,9997123584,M4,25298141184,1137180672,75362048
9537007104,14962130944,256,8324316160,9728280576,9997123584,9997123584,F1,25298141184,1137328128,75362560
9537213440,14941159424,256,8324316160,9728280576,10018095104,10018095104,F4,25298141184,1137770496,75126528
9538475008,14941159424,256,8324316160,9728280576,10018095104,10018095104,F8,25298141184,1138360320,75798272
9538989056,14941159424,256,8324316160,9728280576,10018095104,10018095104,F16,25298141184,1139539968,75132672
9541356544,14941159424,256,8324316160,9728280576,10018095104,10018095104,F32,25298141184,1141899264,75140864
9546091520,14941159424,256,8324316160,9728280576,10018095104,10018095104,F64,25298141184,1146617856,75157248
9599003648,14941159424,256,8324316160,9728280576,10018095104,10018095104,F96,25298141184,1151336448,123350784
9000728576,14941159424,256,8324316160,9728280576,10018095104,10018095104,F128,25298141184,289013760,387398400
8399193088,14941159424,256,8324316160,9728280576,10018095104,10018095104,END,25298141184,0,74876672
