output_id,cell_key,augmentation_id,classification,checkpoint_requested,checkpoint_reached,actual_nodes_reached,nodes_expanded,completed_candidate_count,termination_reason,carried_forward_terminal,wall_time_censored,model_forwards,tokens_advanced,valid_kv_length,capacity_kv_length
0934a4d8:o0,0934a4d8:o0:d24:aug8:geom=anti_transpose__color=id__order=canonical,geom=anti_transpose__color=id__order=canonical,TERMINAL_CARRY,1024,False,221,221,32,budget_exhausted,True,False,1417,221,4822,4864
0934a4d8:o0,0934a4d8:o0:d24:aug8:geom=flip_lr__color=id__order=canonical,geom=flip_lr__color=id__order=canonical,WALL_CENSORED,1024,False,155,155,6,wall_time,False,True,2342,155,4848,4864
0934a4d8:o0,0934a4d8:o0:d24:aug8:geom=flip_ud__color=id__order=canonical,geom=flip_ud__color=id__order=canonical,WALL_CENSORED,1024,False,168,168,7,wall_time,False,True,2184,168,4817,4864
0934a4d8:o0,0934a4d8:o0:d24:aug8:geom=identity__color=id__order=canonical,geom=identity__color=id__order=canonical,WALL_CENSORED,1024,False,146,146,3,wall_time,False,True,2170,146,4812,4864
0934a4d8:o0,0934a4d8:o0:d24:aug8:geom=rot180__color=id__order=canonical,geom=rot180__color=id__order=canonical,WALL_CENSORED,1024,False,234,234,29,wall_time,False,True,2321,234,4899,5120
0934a4d8:o0,0934a4d8:o0:d24:aug8:geom=rot270__color=id__order=canonical,geom=rot270__color=id__order=canonical,WALL_CENSORED,1024,False,288,288,25,wall_time,False,True,2314,288,4817,4864
0934a4d8:o0,0934a4d8:o0:d24:aug8:geom=rot90__color=id__order=canonical,geom=rot90__color=id__order=canonical,WALL_CENSORED,1024,False,170,170,6,wall_time,False,True,2128,170,4817,4864
0934a4d8:o0,0934a4d8:o0:d24:aug8:geom=transpose__color=id__order=canonical,geom=transpose__color=id__order=canonical,WALL_CENSORED,1024,False,171,171,11,wall_time,False,True,2168,171,4805,4864
16b78196:o0,16b78196:o0:d24:aug8:geom=anti_transpose__color=id__order=canonical,geom=anti_transpose__color=id__order=canonical,WALL_CENSORED,1024,False,442,442,0,wall_time,False,True,2153,442,5073,5120
16b78196:o0,16b78196:o0:d24:aug8:geom=flip_lr__color=id__order=canonical,geom=flip_lr__color=id__order=canonical,WALL_CENSORED,1024,False,484,484,0,wall_time,False,True,1985,484,5108,5120
16b78196:o0,16b78196:o0:d24:aug8:geom=flip_ud__color=id__order=canonical,geom=flip_ud__color=id__order=canonical,WALL_CENSORED,1024,False,404,404,0,wall_time,False,True,2159,404,5023,5120
16b78196:o0,16b78196:o0:d24:aug8:geom=identity__color=id__order=canonical,geom=identity__color=id__order=canonical,WALL_CENSORED,1024,False,580,580,0,wall_time,False,True,2121,580,5213,5376
16b78196:o0,16b78196:o0:d24:aug8:geom=rot180__color=id__order=canonical,geom=rot180__color=id__order=canonical,WALL_CENSORED,1024,False,200,200,0,wall_time,False,True,1956,200,4841,4864
16b78196:o0,16b78196:o0:d24:aug8:geom=rot270__color=id__order=canonical,geom=rot270__color=id__order=canonical,WALL_CENSORED,1024,False,147,147,0,wall_time,False,True,1957,147,4788,4864
16b78196:o0,16b78196:o0:d24:aug8:geom=rot90__color=id__order=canonical,geom=rot90__color=id__order=canonical,WALL_CENSORED,1024,False,422,422,0,wall_time,False,True,1971,422,5041,5120
16b78196:o0,16b78196:o0:d24:aug8:geom=transpose__color=id__order=canonical,geom=transpose__color=id__order=canonical,WALL_CENSORED,1024,False,262,262,0,wall_time,False,True,2156,262,4848,4864
1818057f:o0,1818057f:o0:d24:aug8:geom=anti_transpose__color=id__order=canonical,geom=anti_transpose__color=id__order=canonical,WALL_CENSORED,1024,False,511,511,0,wall_time,False,True,1421,511,2126,2304
1818057f:o0,1818057f:o0:d24:aug8:geom=flip_lr__color=id__order=canonical,geom=flip_lr__color=id__order=canonical,WALL_CENSORED,1024,False,516,516,0,wall_time,False,True,1381,516,2134,2304
1818057f:o0,1818057f:o0:d24:aug8:geom=flip_ud__color=id__order=canonical,geom=flip_ud__color=id__order=canonical,WALL_CENSORED,1024,False,303,303,0,wall_time,False,True,1459,303,1923,2048
1818057f:o0,1818057f:o0:d24:aug8:geom=identity__color=id__order=canonical,geom=identity__color=id__order=canonical,TERMINAL_CARRY,1024,False,505,505,1,search_exhausted,True,False,506,505,2147,2304
1818057f:o0,1818057f:o0:d24:aug8:geom=rot180__color=id__order=canonical,geom=rot180__color=id__order=canonical,TERMINAL_CARRY,1024,False,505,505,1,search_exhausted,True,False,506,505,2147,2304
1818057f:o0,1818057f:o0:d24:aug8:geom=rot270__color=id__order=canonical,geom=rot270__color=id__order=canonical,WALL_CENSORED,1024,False,151,151,0,wall_time,False,True,1395,151,1710,1792
1818057f:o0,1818057f:o0:d24:aug8:geom=rot90__color=id__order=canonical,geom=rot90__color=id__order=canonical,WALL_CENSORED,1024,False,195,195,0,wall_time,False,True,1395,195,1823,2048
1818057f:o0,1818057f:o0:d24:aug8:geom=transpose__color=id__order=canonical,geom=transpose__color=id__order=canonical,WALL_CENSORED,1024,False,259,259,0,wall_time,False,True,1459,259,1887,2048
2b83f449:o0,2b83f449:o0:d24:aug8:geom=anti_transpose__color=id__order=canonical,geom=anti_transpose__color=id__order=canonical,WALL_CENSORED,1024,False,116,116,0,wall_time,False,True,1089,116,1318,1536
2b83f449:o0,2b83f449:o0:d24:aug8:geom=flip_lr__color=id__order=canonical,geom=flip_lr__color=id__order=canonical,WALL_CENSORED,1024,False,97,97,0,wall_time,False,True,1120,97,1321,1536
2b83f449:o0,2b83f449:o0:d24:aug8:geom=flip_ud__color=id__order=canonical,geom=flip_ud__color=id__order=canonical,WALL_CENSORED,1024,False,100,100,0,wall_time,False,True,1111,100,1334,1536
2b83f449:o0,2b83f449:o0:d24:aug8:geom=identity__color=id__order=canonical,geom=identity__color=id__order=canonical,WALL_CENSORED,1024,False,103,103,0,wall_time,False,True,1106,103,1315,1536
2b83f449:o0,2b83f449:o0:d24:aug8:geom=rot180__color=id__order=canonical,geom=rot180__color=id__order=canonical,WALL_CENSORED,1024,False,123,123,0,wall_time,False,True,1088,123,1346,1536
2b83f449:o0,2b83f449:o0:d24:aug8:geom=rot270__color=id__order=canonical,geom=rot270__color=id__order=canonical,WALL_CENSORED,1024,False,83,83,0,wall_time,False,True,1105,83,1296,1536
2b83f449:o0,2b83f449:o0:d24:aug8:geom=rot90__color=id__order=canonical,geom=rot90__color=id__order=canonical,WALL_CENSORED,1024,False,98,98,0,wall_time,False,True,1138,98,1342,1536
2b83f449:o0,2b83f449:o0:d24:aug8:geom=transpose__color=id__order=canonical,geom=transpose__color=id__order=canonical,WALL_CENSORED,1024,False,92,92,0,wall_time,False,True,1101,92,1303,1536
2d0172a1:o0,2d0172a1:o0:d24:aug8:geom=anti_transpose__color=id__order=canonical,geom=anti_transpose__color=id__order=canonical,WALL_CENSORED,1024,False,127,127,0,wall_time,False,True,2102,127,2795,2816
2d0172a1:o0,2d0172a1:o0:d24:aug8:geom=flip_lr__color=id__order=canonical,geom=flip_lr__color=id__order=canonical,WALL_CENSORED,1024,False,132,132,0,wall_time,False,True,2121,132,2791,2816
2d0172a1:o0,2d0172a1:o0:d24:aug8:geom=flip_ud__color=id__order=canonical,geom=flip_ud__color=id__order=canonical,WALL_CENSORED,1024,False,150,150,0,wall_time,False,True,2115,150,2804,2816
2d0172a1:o0,2d0172a1:o0:d24:aug8:geom=identity__color=id__order=canonical,geom=identity__color=id__order=canonical,WALL_CENSORED,1024,False,142,142,0,wall_time,False,True,2101,142,2751,2816
2d0172a1:o0,2d0172a1:o0:d24:aug8:geom=rot180__color=id__order=canonical,geom=rot180__color=id__order=canonical,WALL_CENSORED,1024,False,120,120,0,wall_time,False,True,2167,120,2811,2816
2d0172a1:o0,2d0172a1:o0:d24:aug8:geom=rot270__color=id__order=canonical,geom=rot270__color=id__order=canonical,WALL_CENSORED,1024,False,130,130,0,wall_time,False,True,2217,130,2770,2816
2d0172a1:o0,2d0172a1:o0:d24:aug8:geom=rot90__color=id__order=canonical,geom=rot90__color=id__order=canonical,WALL_CENSORED,1024,False,238,238,2,wall_time,False,True,2078,238,2837,3072
2d0172a1:o0,2d0172a1:o0:d24:aug8:geom=transpose__color=id__order=canonical,geom=transpose__color=id__order=canonical,WALL_CENSORED,1024,False,302,302,4,wall_time,False,True,2078,302,2816,3072
2d0172a1:o1,2d0172a1:o1:d24:aug8:geom=anti_transpose__color=id__order=canonical,geom=anti_transpose__color=id__order=canonical,WALL_CENSORED,1024,False,123,123,0,wall_time,False,True,2105,123,2762,2816
2d0172a1:o1,2d0172a1:o1:d24:aug8:geom=flip_lr__color=id__order=canonical,geom=flip_lr__color=id__order=canonical,WALL_CENSORED,1024,False,129,129,0,wall_time,False,True,2174,129,2807,2816
2d0172a1:o1,2d0172a1:o1:d24:aug8:geom=flip_ud__color=id__order=canonical,geom=flip_ud__color=id__order=canonical,WALL_CENSORED,1024,False,135,135,0,wall_time,False,True,2135,135,2811,2816
2d0172a1:o1,2d0172a1:o1:d24:aug8:geom=identity__color=id__order=canonical,geom=identity__color=id__order=canonical,WALL_CENSORED,1024,False,149,149,0,wall_time,False,True,2170,149,2832,3072
2d0172a1:o1,2d0172a1:o1:d24:aug8:geom=rot180__color=id__order=canonical,geom=rot180__color=id__order=canonical,WALL_CENSORED,1024,False,140,140,0,wall_time,False,True,2151,140,2802,2816
2d0172a1:o1,2d0172a1:o1:d24:aug8:geom=rot270__color=id__order=canonical,geom=rot270__color=id__order=canonical,WALL_CENSORED,1024,False,182,182,0,wall_time,False,True,2084,182,2750,2816
2d0172a1:o1,2d0172a1:o1:d24:aug8:geom=rot90__color=id__order=canonical,geom=rot90__color=id__order=canonical,WALL_CENSORED,1024,False,138,138,0,wall_time,False,True,2107,138,2801,2816
2d0172a1:o1,2d0172a1:o1:d24:aug8:geom=transpose__color=id__order=canonical,geom=transpose__color=id__order=canonical,WALL_CENSORED,1024,False,148,148,0,wall_time,False,True,2102,148,2810,2816
36a08778:o1,36a08778:o1:d24:aug8:geom=anti_transpose__color=id__order=canonical,geom=anti_transpose__color=id__order=canonical,WALL_CENSORED,1024,False,150,150,0,wall_time,False,True,2416,150,3138,3328
36a08778:o1,36a08778:o1:d24:aug8:geom=flip_lr__color=id__order=canonical,geom=flip_lr__color=id__order=canonical,WALL_CENSORED,1024,False,484,484,0,wall_time,False,True,2086,484,3447,3584
36a08778:o1,36a08778:o1:d24:aug8:geom=flip_ud__color=id__order=canonical,geom=flip_ud__color=id__order=canonical,WALL_CENSORED,1024,False,124,124,0,wall_time,False,True,2117,124,3085,3328
36a08778:o1,36a08778:o1:d24:aug8:geom=identity__color=id__order=canonical,geom=identity__color=id__order=canonical,R1024_REACHED,1024,True,1024,1024,1,budget_exhausted,False,False,1025,1024,3642,4096
36a08778:o1,36a08778:o1:d24:aug8:geom=rot180__color=id__order=canonical,geom=rot180__color=id__order=canonical,WALL_CENSORED,1024,False,136,136,0,wall_time,False,True,2090,136,3054,3328
36a08778:o1,36a08778:o1:d24:aug8:geom=rot270__color=id__order=canonical,geom=rot270__color=id__order=canonical,WALL_CENSORED,1024,False,175,175,0,wall_time,False,True,2420,175,3145,3328
36a08778:o1,36a08778:o1:d24:aug8:geom=rot90__color=id__order=canonical,geom=rot90__color=id__order=canonical,WALL_CENSORED,1024,False,174,174,0,wall_time,False,True,2380,174,3162,3328
36a08778:o1,36a08778:o1:d24:aug8:geom=transpose__color=id__order=canonical,geom=transpose__color=id__order=canonical,WALL_CENSORED,1024,False,202,202,0,wall_time,False,True,2020,202,3183,3328
4c3d4a41:o0,4c3d4a41:o0:d24:aug8:geom=anti_transpose__color=id__order=canonical,geom=anti_transpose__color=id__order=canonical,WALL_CENSORED,1024,False,190,190,0,wall_time,False,True,2396,190,1078,1280
4c3d4a41:o0,4c3d4a41:o0:d24:aug8:geom=flip_lr__color=id__order=canonical,geom=flip_lr__color=id__order=canonical,TERMINAL_CARRY,1024,False,284,284,2,search_exhausted,True,False,285,284,1025,1280
4c3d4a41:o0,4c3d4a41:o0:d24:aug8:geom=flip_ud__color=id__order=canonical,geom=flip_ud__color=id__order=canonical,TERMINAL_CARRY,1024,False,167,167,1,search_exhausted,True,False,168,167,1025,1280
4c3d4a41:o0,4c3d4a41:o0:d24:aug8:geom=identity__color=id__order=canonical,geom=identity__color=id__order=canonical,WALL_CENSORED,1024,False,171,171,0,wall_time,False,True,2364,171,947,1024
4c3d4a41:o0,4c3d4a41:o0:d24:aug8:geom=rot180__color=id__order=canonical,geom=rot180__color=id__order=canonical,TERMINAL_CARRY,1024,False,204,204,2,search_exhausted,True,False,412,204,1025,1280
4c3d4a41:o0,4c3d4a41:o0:d24:aug8:geom=rot270__color=id__order=canonical,geom=rot270__color=id__order=canonical,WALL_CENSORED,1024,False,215,215,0,wall_time,False,True,2388,215,1086,1280
4c3d4a41:o0,4c3d4a41:o0:d24:aug8:geom=rot90__color=id__order=canonical,geom=rot90__color=id__order=canonical,TERMINAL_CARRY,1024,False,179,179,1,search_exhausted,True,False,180,179,1097,1280
4c3d4a41:o0,4c3d4a41:o0:d24:aug8:geom=transpose__color=id__order=canonical,geom=transpose__color=id__order=canonical,TERMINAL_CARRY,1024,False,279,279,3,search_exhausted,True,False,571,279,1097,1280
4e34c42c:o0,4e34c42c:o0:d24:aug8:geom=anti_transpose__color=id__order=canonical,geom=anti_transpose__color=id__order=canonical,WALL_CENSORED,1024,False,99,99,0,wall_time,False,True,1067,99,2007,2048
4e34c42c:o0,4e34c42c:o0:d24:aug8:geom=flip_lr__color=id__order=canonical,geom=flip_lr__color=id__order=canonical,WALL_CENSORED,1024,False,143,143,0,wall_time,False,True,1068,143,2038,2048
4e34c42c:o0,4e34c42c:o0:d24:aug8:geom=flip_ud__color=id__order=canonical,geom=flip_ud__color=id__order=canonical,WALL_CENSORED,1024,False,210,210,0,wall_time,False,True,1074,210,2062,2304
4e34c42c:o0,4e34c42c:o0:d24:aug8:geom=identity__color=id__order=canonical,geom=identity__color=id__order=canonical,WALL_CENSORED,1024,False,99,99,0,wall_time,False,True,1074,99,2024,2048
4e34c42c:o0,4e34c42c:o0:d24:aug8:geom=rot180__color=id__order=canonical,geom=rot180__color=id__order=canonical,WALL_CENSORED,1024,False,243,243,0,wall_time,False,True,1077,243,2095,2304
4e34c42c:o0,4e34c42c:o0:d24:aug8:geom=rot270__color=id__order=canonical,geom=rot270__color=id__order=canonical,WALL_CENSORED,1024,False,181,181,0,wall_time,False,True,1074,181,2074,2304
4e34c42c:o0,4e34c42c:o0:d24:aug8:geom=rot90__color=id__order=canonical,geom=rot90__color=id__order=canonical,WALL_CENSORED,1024,False,103,103,0,wall_time,False,True,1111,103,2035,2048
4e34c42c:o0,4e34c42c:o0:d24:aug8:geom=transpose__color=id__order=canonical,geom=transpose__color=id__order=canonical,WALL_CENSORED,1024,False,188,188,0,wall_time,False,True,1075,188,2060,2304
4e34c42c:o1,4e34c42c:o1:d24:aug8:geom=anti_transpose__color=id__order=canonical,geom=anti_transpose__color=id__order=canonical,WALL_CENSORED,1024,False,92,92,0,wall_time,False,True,1132,92,1890,2048
4e34c42c:o1,4e34c42c:o1:d24:aug8:geom=flip_lr__color=id__order=canonical,geom=flip_lr__color=id__order=canonical,WALL_CENSORED,1024,False,108,108,0,wall_time,False,True,1127,108,1902,2048
4e34c42c:o1,4e34c42c:o1:d24:aug8:geom=flip_ud__color=id__order=canonical,geom=flip_ud__color=id__order=canonical,WALL_CENSORED,1024,False,101,101,0,wall_time,False,True,1143,101,1872,2048
4e34c42c:o1,4e34c42c:o1:d24:aug8:geom=identity__color=id__order=canonical,geom=identity__color=id__order=canonical,WALL_CENSORED,1024,False,86,86,0,wall_time,False,True,1140,86,1868,2048
4e34c42c:o1,4e34c42c:o1:d24:aug8:geom=rot180__color=id__order=canonical,geom=rot180__color=id__order=canonical,WALL_CENSORED,1024,False,87,87,0,wall_time,False,True,1134,87,1890,2048
4e34c42c:o1,4e34c42c:o1:d24:aug8:geom=rot270__color=id__order=canonical,geom=rot270__color=id__order=canonical,WALL_CENSORED,1024,False,121,121,0,wall_time,False,True,1124,121,1912,2048
4e34c42c:o1,4e34c42c:o1:d24:aug8:geom=rot90__color=id__order=canonical,geom=rot90__color=id__order=canonical,WALL_CENSORED,1024,False,100,100,0,wall_time,False,True,1155,100,1913,2048
4e34c42c:o1,4e34c42c:o1:d24:aug8:geom=transpose__color=id__order=canonical,geom=transpose__color=id__order=canonical,WALL_CENSORED,1024,False,91,91,0,wall_time,False,True,1157,91,1890,2048
62593bfd:o0,62593bfd:o0:d24:aug8:geom=anti_transpose__color=id__order=canonical,geom=anti_transpose__color=id__order=canonical,WALL_CENSORED,1024,False,131,131,0,wall_time,False,True,1935,131,3692,3840
62593bfd:o0,62593bfd:o0:d24:aug8:geom=flip_lr__color=id__order=canonical,geom=flip_lr__color=id__order=canonical,WALL_CENSORED,1024,False,155,155,0,wall_time,False,True,2019,155,3692,3840
62593bfd:o0,62593bfd:o0:d24:aug8:geom=flip_ud__color=id__order=canonical,geom=flip_ud__color=id__order=canonical,WALL_CENSORED,1024,False,133,133,0,wall_time,False,True,2023,133,3721,3840
62593bfd:o0,62593bfd:o0:d24:aug8:geom=identity__color=id__order=canonical,geom=identity__color=id__order=canonical,WALL_CENSORED,1024,False,137,137,0,wall_time,False,True,2016,137,3695,3840
62593bfd:o0,62593bfd:o0:d24:aug8:geom=rot180__color=id__order=canonical,geom=rot180__color=id__order=canonical,WALL_CENSORED,1024,False,128,128,0,wall_time,False,True,2030,128,3723,3840
62593bfd:o0,62593bfd:o0:d24:aug8:geom=rot270__color=id__order=canonical,geom=rot270__color=id__order=canonical,WALL_CENSORED,1024,False,207,207,0,wall_time,False,True,1981,207,3799,3840
62593bfd:o0,62593bfd:o0:d24:aug8:geom=rot90__color=id__order=canonical,geom=rot90__color=id__order=canonical,WALL_CENSORED,1024,False,218,218,0,wall_time,False,True,1948,218,3810,3840
62593bfd:o0,62593bfd:o0:d24:aug8:geom=transpose__color=id__order=canonical,geom=transpose__color=id__order=canonical,WALL_CENSORED,1024,False,191,191,0,wall_time,False,True,1983,191,3771,3840
6ffbe589:o0,6ffbe589:o0:d24:aug8:geom=anti_transpose__color=id__order=canonical,geom=anti_transpose__color=id__order=canonical,WALL_CENSORED,1024,False,131,131,0,wall_time,False,True,1106,131,2165,2304
6ffbe589:o0,6ffbe589:o0:d24:aug8:geom=flip_lr__color=id__order=canonical,geom=flip_lr__color=id__order=canonical,WALL_CENSORED,1024,False,102,102,0,wall_time,False,True,1114,102,2152,2304
6ffbe589:o0,6ffbe589:o0:d24:aug8:geom=flip_ud__color=id__order=canonical,geom=flip_ud__color=id__order=canonical,WALL_CENSORED,1024,False,127,127,0,wall_time,False,True,1121,127,2170,2304
6ffbe589:o0,6ffbe589:o0:d24:aug8:geom=identity__color=id__order=canonical,geom=identity__color=id__order=canonical,WALL_CENSORED,1024,False,109,109,0,wall_time,False,True,1106,109,2120,2304
6ffbe589:o0,6ffbe589:o0:d24:aug8:geom=rot180__color=id__order=canonical,geom=rot180__color=id__order=canonical,WALL_CENSORED,1024,False,119,119,0,wall_time,False,True,1156,119,2167,2304
6ffbe589:o0,6ffbe589:o0:d24:aug8:geom=rot270__color=id__order=canonical,geom=rot270__color=id__order=canonical,WALL_CENSORED,1024,False,128,128,0,wall_time,False,True,1109,128,2122,2304
6ffbe589:o0,6ffbe589:o0:d24:aug8:geom=rot90__color=id__order=canonical,geom=rot90__color=id__order=canonical,WALL_CENSORED,1024,False,202,202,0,wall_time,False,True,1116,202,2213,2304
6ffbe589:o0,6ffbe589:o0:d24:aug8:geom=transpose__color=id__order=canonical,geom=transpose__color=id__order=canonical,WALL_CENSORED,1024,False,102,102,0,wall_time,False,True,1122,102,2159,2304
71e489b6:o1,71e489b6:o1:d24:aug8:geom=anti_transpose__color=id__order=canonical,geom=anti_transpose__color=id__order=canonical,TERMINAL_CARRY,1024,False,422,422,3,search_exhausted,True,False,543,422,2513,2560
71e489b6:o1,71e489b6:o1:d24:aug8:geom=flip_lr__color=id__order=canonical,geom=flip_lr__color=id__order=canonical,WALL_CENSORED,1024,False,122,122,0,wall_time,False,True,1756,122,2236,2304
71e489b6:o1,71e489b6:o1:d24:aug8:geom=flip_ud__color=id__order=canonical,geom=flip_ud__color=id__order=canonical,TERMINAL_CARRY,1024,False,359,359,1,search_exhausted,True,False,360,359,2515,2560
71e489b6:o1,71e489b6:o1:d24:aug8:geom=identity__color=id__order=canonical,geom=identity__color=id__order=canonical,WALL_CENSORED,1024,False,383,383,1,wall_time,False,True,1741,383,2444,2560
71e489b6:o1,71e489b6:o1:d24:aug8:geom=rot180__color=id__order=canonical,geom=rot180__color=id__order=canonical,TERMINAL_CARRY,1024,False,401,401,2,search_exhausted,True,False,657,401,2515,2560
71e489b6:o1,71e489b6:o1:d24:aug8:geom=rot270__color=id__order=canonical,geom=rot270__color=id__order=canonical,WALL_CENSORED,1024,False,143,143,0,wall_time,False,True,1769,143,2270,2304
71e489b6:o1,71e489b6:o1:d24:aug8:geom=rot90__color=id__order=canonical,geom=rot90__color=id__order=canonical,TERMINAL_CARRY,1024,False,395,395,3,search_exhausted,True,False,396,395,2513,2560
71e489b6:o1,71e489b6:o1:d24:aug8:geom=transpose__color=id__order=canonical,geom=transpose__color=id__order=canonical,WALL_CENSORED,1024,False,130,130,0,wall_time,False,True,1731,130,2180,2304
7b3084d4:o0,7b3084d4:o0:d24:aug8:geom=anti_transpose__color=id__order=canonical,geom=anti_transpose__color=id__order=canonical,WALL_CENSORED,1024,False,136,136,0,wall_time,False,True,1067,136,1976,2048
7b3084d4:o0,7b3084d4:o0:d24:aug8:geom=flip_lr__color=id__order=canonical,geom=flip_lr__color=id__order=canonical,WALL_CENSORED,1024,False,99,99,0,wall_time,False,True,1070,99,1944,2048
7b3084d4:o0,7b3084d4:o0:d24:aug8:geom=flip_ud__color=id__order=canonical,geom=flip_ud__color=id__order=canonical,WALL_CENSORED,1024,False,83,83,0,wall_time,False,True,1074,83,1936,2048
7b3084d4:o0,7b3084d4:o0:d24:aug8:geom=identity__color=id__order=canonical,geom=identity__color=id__order=canonical,WALL_CENSORED,1024,False,95,95,0,wall_time,False,True,1071,95,1927,2048
7b3084d4:o0,7b3084d4:o0:d24:aug8:geom=rot180__color=id__order=canonical,geom=rot180__color=id__order=canonical,WALL_CENSORED,1024,False,128,128,0,wall_time,False,True,1067,128,1979,2048
7b3084d4:o0,7b3084d4:o0:d24:aug8:geom=rot270__color=id__order=canonical,geom=rot270__color=id__order=canonical,WALL_CENSORED,1024,False,111,111,0,wall_time,False,True,1075,111,1946,2048
7b3084d4:o0,7b3084d4:o0:d24:aug8:geom=rot90__color=id__order=canonical,geom=rot90__color=id__order=canonical,WALL_CENSORED,1024,False,102,102,0,wall_time,False,True,1072,102,1894,2048
7b3084d4:o0,7b3084d4:o0:d24:aug8:geom=transpose__color=id__order=canonical,geom=transpose__color=id__order=canonical,WALL_CENSORED,1024,False,90,90,0,wall_time,False,True,1060,90,1904,2048
7ed72f31:o1,7ed72f31:o1:d24:aug8:geom=anti_transpose__color=id__order=canonical,geom=anti_transpose__color=id__order=canonical,WALL_CENSORED,1024,False,298,298,0,wall_time,False,True,1235,298,2415,2560
7ed72f31:o1,7ed72f31:o1:d24:aug8:geom=flip_lr__color=id__order=canonical,geom=flip_lr__color=id__order=canonical,WALL_CENSORED,1024,False,197,197,0,wall_time,False,True,1248,197,2374,2560
7ed72f31:o1,7ed72f31:o1:d24:aug8:geom=flip_ud__color=id__order=canonical,geom=flip_ud__color=id__order=canonical,WALL_CENSORED,1024,False,122,122,0,wall_time,False,True,1294,122,2290,2304
7ed72f31:o1,7ed72f31:o1:d24:aug8:geom=identity__color=id__order=canonical,geom=identity__color=id__order=canonical,WALL_CENSORED,1024,False,181,181,0,wall_time,False,True,1232,181,2358,2560
7ed72f31:o1,7ed72f31:o1:d24:aug8:geom=rot180__color=id__order=canonical,geom=rot180__color=id__order=canonical,WALL_CENSORED,1024,False,103,103,0,wall_time,False,True,1274,103,2254,2304
7ed72f31:o1,7ed72f31:o1:d24:aug8:geom=rot270__color=id__order=canonical,geom=rot270__color=id__order=canonical,WALL_CENSORED,1024,False,169,169,0,wall_time,False,True,1283,169,2346,2560
7ed72f31:o1,7ed72f31:o1:d24:aug8:geom=rot90__color=id__order=canonical,geom=rot90__color=id__order=canonical,WALL_CENSORED,1024,False,182,182,0,wall_time,False,True,1254,182,2359,2560
7ed72f31:o1,7ed72f31:o1:d24:aug8:geom=transpose__color=id__order=canonical,geom=transpose__color=id__order=canonical,WALL_CENSORED,1024,False,178,178,0,wall_time,False,True,1250,178,2355,2560
80a900e0:o0,80a900e0:o0:d24:aug8:geom=anti_transpose__color=id__order=canonical,geom=anti_transpose__color=id__order=canonical,WALL_CENSORED,1024,False,117,117,0,wall_time,False,True,1121,117,2632,2816
80a900e0:o0,80a900e0:o0:d24:aug8:geom=flip_lr__color=id__order=canonical,geom=flip_lr__color=id__order=canonical,WALL_CENSORED,1024,False,94,94,0,wall_time,False,True,1134,94,2654,2816
80a900e0:o0,80a900e0:o0:d24:aug8:geom=flip_ud__color=id__order=canonical,geom=flip_ud__color=id__order=canonical,WALL_CENSORED,1024,False,105,105,0,wall_time,False,True,1115,105,2663,2816
80a900e0:o0,80a900e0:o0:d24:aug8:geom=identity__color=id__order=canonical,geom=identity__color=id__order=canonical,WALL_CENSORED,1024,False,87,87,0,wall_time,False,True,1132,87,2616,2816
80a900e0:o0,80a900e0:o0:d24:aug8:geom=rot180__color=id__order=canonical,geom=rot180__color=id__order=canonical,WALL_CENSORED,1024,False,137,137,0,wall_time,False,True,1121,137,2679,2816
80a900e0:o0,80a900e0:o0:d24:aug8:geom=rot270__color=id__order=canonical,geom=rot270__color=id__order=canonical,WALL_CENSORED,1024,False,103,103,0,wall_time,False,True,1126,103,2644,2816
80a900e0:o0,80a900e0:o0:d24:aug8:geom=rot90__color=id__order=canonical,geom=rot90__color=id__order=canonical,WALL_CENSORED,1024,False,98,98,0,wall_time,False,True,1133,98,2640,2816
80a900e0:o0,80a900e0:o0:d24:aug8:geom=transpose__color=id__order=canonical,geom=transpose__color=id__order=canonical,WALL_CENSORED,1024,False,101,101,0,wall_time,False,True,1137,101,2652,2816
88bcf3b4:o1,88bcf3b4:o1:d24:aug8:geom=anti_transpose__color=id__order=canonical,geom=anti_transpose__color=id__order=canonical,WALL_CENSORED,1024,False,113,113,0,wall_time,False,True,1102,113,2315,2560
88bcf3b4:o1,88bcf3b4:o1:d24:aug8:geom=flip_lr__color=id__order=canonical,geom=flip_lr__color=id__order=canonical,WALL_CENSORED,1024,False,113,113,0,wall_time,False,True,1124,113,2321,2560
88bcf3b4:o1,88bcf3b4:o1:d24:aug8:geom=flip_ud__color=id__order=canonical,geom=flip_ud__color=id__order=canonical,WALL_CENSORED,1024,False,233,233,0,wall_time,False,True,1080,233,2392,2560
88bcf3b4:o1,88bcf3b4:o1:d24:aug8:geom=identity__color=id__order=canonical,geom=identity__color=id__order=canonical,WALL_CENSORED,1024,False,261,261,0,wall_time,False,True,1095,261,2457,2560
88bcf3b4:o1,88bcf3b4:o1:d24:aug8:geom=rot180__color=id__order=canonical,geom=rot180__color=id__order=canonical,WALL_CENSORED,1024,False,229,229,0,wall_time,False,True,1143,229,2437,2560
88bcf3b4:o1,88bcf3b4:o1:d24:aug8:geom=rot270__color=id__order=canonical,geom=rot270__color=id__order=canonical,WALL_CENSORED,1024,False,250,250,0,wall_time,False,True,1087,250,2413,2560
88bcf3b4:o1,88bcf3b4:o1:d24:aug8:geom=rot90__color=id__order=canonical,geom=rot90__color=id__order=canonical,WALL_CENSORED,1024,False,144,144,0,wall_time,False,True,1074,144,2290,2560
88bcf3b4:o1,88bcf3b4:o1:d24:aug8:geom=transpose__color=id__order=canonical,geom=transpose__color=id__order=canonical,WALL_CENSORED,1024,False,149,149,0,wall_time,False,True,1120,149,2357,2560
898e7135:o0,898e7135:o0:d24:aug8:geom=anti_transpose__color=id__order=canonical,geom=anti_transpose__color=id__order=canonical,WALL_CENSORED,1024,False,157,157,0,wall_time,False,True,1141,157,2728,2816
898e7135:o0,898e7135:o0:d24:aug8:geom=flip_lr__color=id__order=canonical,geom=flip_lr__color=id__order=canonical,WALL_CENSORED,1024,False,134,134,0,wall_time,False,True,1138,134,2706,2816
898e7135:o0,898e7135:o0:d24:aug8:geom=flip_ud__color=id__order=canonical,geom=flip_ud__color=id__order=canonical,WALL_CENSORED,1024,False,137,137,0,wall_time,False,True,1136,137,2696,2816
898e7135:o0,898e7135:o0:d24:aug8:geom=identity__color=id__order=canonical,geom=identity__color=id__order=canonical,WALL_CENSORED,1024,False,136,136,0,wall_time,False,True,1138,136,2706,2816
898e7135:o0,898e7135:o0:d24:aug8:geom=rot180__color=id__order=canonical,geom=rot180__color=id__order=canonical,WALL_CENSORED,1024,False,140,140,0,wall_time,False,True,1147,140,2676,2816
898e7135:o0,898e7135:o0:d24:aug8:geom=rot270__color=id__order=canonical,geom=rot270__color=id__order=canonical,WALL_CENSORED,1024,False,143,143,0,wall_time,False,True,1183,143,2696,2816
898e7135:o0,898e7135:o0:d24:aug8:geom=rot90__color=id__order=canonical,geom=rot90__color=id__order=canonical,WALL_CENSORED,1024,False,140,140,0,wall_time,False,True,1142,140,2703,2816
898e7135:o0,898e7135:o0:d24:aug8:geom=transpose__color=id__order=canonical,geom=transpose__color=id__order=canonical,WALL_CENSORED,1024,False,109,109,0,wall_time,False,True,1160,109,2670,2816
8b7bacbf:o0,8b7bacbf:o0:d24:aug8:geom=anti_transpose__color=id__order=canonical,geom=anti_transpose__color=id__order=canonical,WALL_CENSORED,1024,False,403,403,0,wall_time,False,True,1979,403,3571,3584
8b7bacbf:o0,8b7bacbf:o0:d24:aug8:geom=flip_lr__color=id__order=canonical,geom=flip_lr__color=id__order=canonical,WALL_CENSORED,1024,False,235,235,0,wall_time,False,True,2210,235,3330,3584
8b7bacbf:o0,8b7bacbf:o0:d24:aug8:geom=flip_ud__color=id__order=canonical,geom=flip_ud__color=id__order=canonical,WALL_CENSORED,1024,False,247,247,0,wall_time,False,True,2213,247,3389,3584
8b7bacbf:o0,8b7bacbf:o0:d24:aug8:geom=identity__color=id__order=canonical,geom=identity__color=id__order=canonical,WALL_CENSORED,1024,False,216,216,0,wall_time,False,True,2197,216,3359,3584
8b7bacbf:o0,8b7bacbf:o0:d24:aug8:geom=rot180__color=id__order=canonical,geom=rot180__color=id__order=canonical,WALL_CENSORED,1024,False,230,230,0,wall_time,False,True,2206,230,3368,3584
8b7bacbf:o0,8b7bacbf:o0:d24:aug8:geom=rot270__color=id__order=canonical,geom=rot270__color=id__order=canonical,WALL_CENSORED,1024,False,249,249,0,wall_time,False,True,1983,249,3377,3584
8b7bacbf:o0,8b7bacbf:o0:d24:aug8:geom=rot90__color=id__order=canonical,geom=rot90__color=id__order=canonical,WALL_CENSORED,1024,False,378,378,0,wall_time,False,True,2035,378,3557,3584
8b7bacbf:o0,8b7bacbf:o0:d24:aug8:geom=transpose__color=id__order=canonical,geom=transpose__color=id__order=canonical,WALL_CENSORED,1024,False,267,267,0,wall_time,False,True,2023,267,3456,3584
8b7bacbf:o1,8b7bacbf:o1:d24:aug8:geom=anti_transpose__color=id__order=canonical,geom=anti_transpose__color=id__order=canonical,WALL_CENSORED,1024,False,160,160,0,wall_time,False,True,2002,160,2988,3072
8b7bacbf:o1,8b7bacbf:o1:d24:aug8:geom=flip_lr__color=id__order=canonical,geom=flip_lr__color=id__order=canonical,WALL_CENSORED,1024,False,149,149,0,wall_time,False,True,2027,149,2940,3072
8b7bacbf:o1,8b7bacbf:o1:d24:aug8:geom=flip_ud__color=id__order=canonical,geom=flip_ud__color=id__order=canonical,WALL_CENSORED,1024,False,263,263,0,wall_time,False,True,1972,263,3069,3072
8b7bacbf:o1,8b7bacbf:o1:d24:aug8:geom=identity__color=id__order=canonical,geom=identity__color=id__order=canonical,WALL_CENSORED,1024,False,185,185,0,wall_time,False,True,2004,185,2992,3072
8b7bacbf:o1,8b7bacbf:o1:d24:aug8:geom=rot180__color=id__order=canonical,geom=rot180__color=id__order=canonical,WALL_CENSORED,1024,False,336,336,0,wall_time,False,True,2021,336,3152,3328
8b7bacbf:o1,8b7bacbf:o1:d24:aug8:geom=rot270__color=id__order=canonical,geom=rot270__color=id__order=canonical,WALL_CENSORED,1024,False,303,303,0,wall_time,False,True,2035,303,3107,3328
8b7bacbf:o1,8b7bacbf:o1:d24:aug8:geom=rot90__color=id__order=canonical,geom=rot90__color=id__order=canonical,WALL_CENSORED,1024,False,173,173,0,wall_time,False,True,2022,173,2957,3072
8b7bacbf:o1,8b7bacbf:o1:d24:aug8:geom=transpose__color=id__order=canonical,geom=transpose__color=id__order=canonical,WALL_CENSORED,1024,False,309,309,0,wall_time,False,True,2005,309,3135,3328
a32d8b75:o0,a32d8b75:o0:d24:aug8:geom=anti_transpose__color=id__order=canonical,geom=anti_transpose__color=id__order=canonical,WALL_CENSORED,1024,False,154,154,0,wall_time,False,True,2142,154,4430,4608
a32d8b75:o0,a32d8b75:o0:d24:aug8:geom=flip_lr__color=id__order=canonical,geom=flip_lr__color=id__order=canonical,WALL_CENSORED,1024,False,133,133,0,wall_time,False,True,2192,133,4331,4608
a32d8b75:o0,a32d8b75:o0:d24:aug8:geom=flip_ud__color=id__order=canonical,geom=flip_ud__color=id__order=canonical,WALL_CENSORED,1024,False,121,121,0,wall_time,False,True,2177,121,4375,4608
a32d8b75:o0,a32d8b75:o0:d24:aug8:geom=identity__color=id__order=canonical,geom=identity__color=id__order=canonical,WALL_CENSORED,1024,False,132,132,0,wall_time,False,True,2188,132,4381,4608
a32d8b75:o0,a32d8b75:o0:d24:aug8:geom=rot180__color=id__order=canonical,geom=rot180__color=id__order=canonical,WALL_CENSORED,1024,False,123,123,0,wall_time,False,True,2180,123,4345,4608
a32d8b75:o0,a32d8b75:o0:d24:aug8:geom=rot270__color=id__order=canonical,geom=rot270__color=id__order=canonical,WALL_CENSORED,1024,False,169,169,0,wall_time,False,True,2099,169,4382,4608
a32d8b75:o0,a32d8b75:o0:d24:aug8:geom=rot90__color=id__order=canonical,geom=rot90__color=id__order=canonical,WALL_CENSORED,1024,False,183,183,0,wall_time,False,True,2097,183,4387,4608
a32d8b75:o0,a32d8b75:o0:d24:aug8:geom=transpose__color=id__order=canonical,geom=transpose__color=id__order=canonical,WALL_CENSORED,1024,False,174,174,0,wall_time,False,True,2108,174,4397,4608
c7f57c3e:o0,c7f57c3e:o0:d24:aug8:geom=anti_transpose__color=id__order=canonical,geom=anti_transpose__color=id__order=canonical,WALL_CENSORED,1024,False,552,552,0,wall_time,False,True,1113,552,2730,2816
c7f57c3e:o0,c7f57c3e:o0:d24:aug8:geom=flip_lr__color=id__order=canonical,geom=flip_lr__color=id__order=canonical,WALL_CENSORED,1024,False,186,186,0,wall_time,False,True,1128,186,2351,2560
c7f57c3e:o0,c7f57c3e:o0:d24:aug8:geom=flip_ud__color=id__order=canonical,geom=flip_ud__color=id__order=canonical,WALL_CENSORED,1024,False,157,157,0,wall_time,False,True,1097,157,2277,2560
c7f57c3e:o0,c7f57c3e:o0:d24:aug8:geom=identity__color=id__order=canonical,geom=identity__color=id__order=canonical,WALL_CENSORED,1024,False,98,98,0,wall_time,False,True,1147,98,2263,2304
c7f57c3e:o0,c7f57c3e:o0:d24:aug8:geom=rot180__color=id__order=canonical,geom=rot180__color=id__order=canonical,WALL_CENSORED,1024,False,200,200,0,wall_time,False,True,1099,200,2345,2560
c7f57c3e:o0,c7f57c3e:o0:d24:aug8:geom=rot270__color=id__order=canonical,geom=rot270__color=id__order=canonical,WALL_CENSORED,1024,False,221,221,0,wall_time,False,True,1117,221,2387,2560
c7f57c3e:o0,c7f57c3e:o0:d24:aug8:geom=rot90__color=id__order=canonical,geom=rot90__color=id__order=canonical,WALL_CENSORED,1024,False,283,283,0,wall_time,False,True,1103,283,2407,2560
c7f57c3e:o0,c7f57c3e:o0:d24:aug8:geom=transpose__color=id__order=canonical,geom=transpose__color=id__order=canonical,WALL_CENSORED,1024,False,945,945,1,wall_time,False,True,1102,945,2385,3072
cbebaa4b:o1,cbebaa4b:o1:d24:aug8:geom=anti_transpose__color=id__order=canonical,geom=anti_transpose__color=id__order=canonical,WALL_CENSORED,1024,False,400,400,0,wall_time,False,True,1986,400,3028,3072
cbebaa4b:o1,cbebaa4b:o1:d24:aug8:geom=flip_lr__color=id__order=canonical,geom=flip_lr__color=id__order=canonical,WALL_CENSORED,1024,False,491,491,0,wall_time,False,True,2012,491,3095,3328
cbebaa4b:o1,cbebaa4b:o1:d24:aug8:geom=flip_ud__color=id__order=canonical,geom=flip_ud__color=id__order=canonical,WALL_CENSORED,1024,False,526,526,0,wall_time,False,True,1979,526,3116,3328
cbebaa4b:o1,cbebaa4b:o1:d24:aug8:geom=identity__color=id__order=canonical,geom=identity__color=id__order=canonical,WALL_CENSORED,1024,False,444,444,0,wall_time,False,True,1972,444,3031,3072
cbebaa4b:o1,cbebaa4b:o1:d24:aug8:geom=rot180__color=id__order=canonical,geom=rot180__color=id__order=canonical,WALL_CENSORED,1024,False,521,521,0,wall_time,False,True,1987,521,3145,3328
cbebaa4b:o1,cbebaa4b:o1:d24:aug8:geom=rot270__color=id__order=canonical,geom=rot270__color=id__order=canonical,WALL_CENSORED,1024,False,320,320,0,wall_time,False,True,1994,320,2989,3072
cbebaa4b:o1,cbebaa4b:o1:d24:aug8:geom=rot90__color=id__order=canonical,geom=rot90__color=id__order=canonical,WALL_CENSORED,1024,False,557,557,0,wall_time,False,True,1993,557,3127,3328
cbebaa4b:o1,cbebaa4b:o1:d24:aug8:geom=transpose__color=id__order=canonical,geom=transpose__color=id__order=canonical,WALL_CENSORED,1024,False,261,261,0,wall_time,False,True,1996,261,2888,3072
dd6b8c4b:o0,dd6b8c4b:o0:d24:aug8:geom=anti_transpose__color=id__order=canonical,geom=anti_transpose__color=id__order=canonical,WALL_CENSORED,1024,False,122,122,0,wall_time,False,True,1121,122,1029,1280
dd6b8c4b:o0,dd6b8c4b:o0:d24:aug8:geom=flip_lr__color=id__order=canonical,geom=flip_lr__color=id__order=canonical,WALL_CENSORED,1024,False,161,161,0,wall_time,False,True,1101,161,1043,1280
dd6b8c4b:o0,dd6b8c4b:o0:d24:aug8:geom=flip_ud__color=id__order=canonical,geom=flip_ud__color=id__order=canonical,WALL_CENSORED,1024,False,187,187,0,wall_time,False,True,1107,187,1056,1280
dd6b8c4b:o0,dd6b8c4b:o0:d24:aug8:geom=identity__color=id__order=canonical,geom=identity__color=id__order=canonical,WALL_CENSORED,1024,False,86,86,0,wall_time,False,True,1116,86,993,1024
dd6b8c4b:o0,dd6b8c4b:o0:d24:aug8:geom=rot180__color=id__order=canonical,geom=rot180__color=id__order=canonical,WALL_CENSORED,1024,False,166,166,0,wall_time,False,True,1126,166,1045,1280
dd6b8c4b:o0,dd6b8c4b:o0:d24:aug8:geom=rot270__color=id__order=canonical,geom=rot270__color=id__order=canonical,WALL_CENSORED,1024,False,118,118,0,wall_time,False,True,1110,118,1027,1280
dd6b8c4b:o0,dd6b8c4b:o0:d24:aug8:geom=rot90__color=id__order=canonical,geom=rot90__color=id__order=canonical,WALL_CENSORED,1024,False,133,133,0,wall_time,False,True,1127,133,1035,1280
dd6b8c4b:o0,dd6b8c4b:o0:d24:aug8:geom=transpose__color=id__order=canonical,geom=transpose__color=id__order=canonical,WALL_CENSORED,1024,False,79,79,0,wall_time,False,True,1112,79,1000,1024
