task_id,states,baseline_top1,baseline_mrr,candidate_top1,candidate_mrr,delta_candidate_top1,delta_candidate_mrr,pairwise_top1,pairwise_mrr,delta_pairwise_top1,delta_pairwise_mrr
1818057f,1612,1.0,1.0,1.0,1.0,0.0,0.0,0.9975186104218362,0.9987593052109182,-0.002481389578163795,-0.001240694789081842
2d0172a1,2555,0.3827788649706458,0.6097651663405088,0.5154598825831702,0.7187018917155903,0.13268101761252443,0.10893672537508148,0.44344422700587083,0.676979778212655,0.060665362035225046,0.06721461187214617
36a08778,6656,0.19170673076923078,0.49486571371336996,0.33158052884615385,0.5982185782967033,0.13987379807692307,0.10335286458333337,0.37515024038461536,0.6235491071428572,0.18344350961538458,0.1286833934294872
4e34c42c,7172,0.5677635248187396,0.6237187802108056,0.42470719464584494,0.5941570587012313,-0.14305633017289465,-0.029561721509574368,0.42345231455660903,0.55766096277262,-0.14431121026213056,-0.06605781743818562
6ffbe589,8015,0.00461634435433562,0.24507654298983056,0.004117280099812851,0.2194080048322094,-0.0004990642545227696,-0.025668538157621157,0.0037429819089207735,0.2128577864915981,-0.0008733624454148469,-0.03221875649823247
7ed72f31,3223,0.6239528389699038,0.7438204571310374,0.30065156686317096,0.5326559106422588,-0.3233012721067329,-0.21116454648877858,0.26869376357430963,0.4971248319371187,-0.3552590753955942,-0.2466956251939187
80a900e0,7163,0.30476057517799804,0.5438506442136206,0.33296104983945274,0.5797806549167711,0.0282004746614547,0.035930010703150494,0.430266648052492,0.6101543344737537,0.12550607287449395,0.06630369026013305
88bcf3b4,4860,0.32242798353909463,0.4819089909626402,0.41728395061728396,0.5798170842411038,0.09485596707818933,0.09790809327846356,0.38251028806584364,0.5559967824578391,0.06008230452674901,0.0740877914951989
898e7135,3012,0.29415670650730413,0.5234893758300133,0.199867197875166,0.5300741478530323,-0.09428950863213814,0.006584772023018992,0.1852589641434263,0.5119798583444002,-0.10889774236387784,-0.01150951748561313
8b7bacbf,7122,0.40789104184217917,0.6068622043032321,0.39230553215388936,0.5914311456118533,-0.015585509688289811,-0.01543105869137884,0.2858747542825049,0.5145122089835654,-0.12201628755967425,-0.0923499953196667
c7f57c3e,6926,0.28573491192607564,0.49719706970284505,0.29382038694773316,0.4957243581810431,0.008085475021657518,-0.0014727115218019504,0.2390990470690153,0.46004960603935485,-0.04663586485706034,-0.0371474636634902
dd6b8c4b,5689,0.2733345051854456,0.426800968020866,0.30954473545438566,0.48780465935501965,0.03621023026894005,0.061003691334153676,0.24169449815433292,0.4416483342832438,-0.031640007031112694,0.014847366262377815
