output_id,augmentation_id,run_a_nodes,run_b_nodes,candidate_set_equal,candidate_order_equal,termination_equal
dd6b8c4b:o1,geom=identity__color=id__order=canonical,1024,1024,True,True,True
dd6b8c4b:o1,geom=flip_ud__color=id__order=canonical,1024,1024,True,True,True
dd6b8c4b:o1,geom=transpose__color=id__order=canonical,1024,1024,True,True,True
dd6b8c4b:o1,geom=anti_transpose__color=id__order=canonical,1024,1024,True,True,True
dd6b8c4b:o1,geom=rot90__color=id__order=canonical,1024,1024,True,True,True
dd6b8c4b:o1,geom=rot180__color=id__order=canonical,763,763,True,True,True
dd6b8c4b:o1,geom=rot270__color=id__order=canonical,1024,1024,True,True,True
dd6b8c4b:o1,geom=flip_lr__color=id__order=canonical,1024,1024,True,True,True
1818057f:o0,geom=identity__color=id__order=canonical,505,505,True,True,True
1818057f:o0,geom=flip_ud__color=id__order=canonical,814,814,True,True,True
1818057f:o0,geom=transpose__color=id__order=canonical,1024,1024,True,True,True
1818057f:o0,geom=anti_transpose__color=id__order=canonical,726,726,True,True,True
1818057f:o0,geom=rot90__color=id__order=canonical,1024,1024,True,True,True
1818057f:o0,geom=rot180__color=id__order=canonical,505,505,True,True,True
1818057f:o0,geom=rot270__color=id__order=canonical,973,973,True,True,True
1818057f:o0,geom=flip_lr__color=id__order=canonical,600,600,True,True,True
3a25b0d8:o1,geom=identity__color=id__order=canonical,1024,1024,True,True,True
3a25b0d8:o1,geom=flip_ud__color=id__order=canonical,1024,1024,True,True,True
3a25b0d8:o1,geom=transpose__color=id__order=canonical,582,582,True,True,True
3a25b0d8:o1,geom=anti_transpose__color=id__order=canonical,164,164,True,True,True
3a25b0d8:o1,geom=rot90__color=id__order=canonical,1024,1024,True,True,True
3a25b0d8:o1,geom=rot180__color=id__order=canonical,471,471,True,True,True
3a25b0d8:o1,geom=rot270__color=id__order=canonical,164,164,True,True,True
3a25b0d8:o1,geom=flip_lr__color=id__order=canonical,1024,1024,True,True,True
