output_id,group,historical_best_prefix,completed_views,retained_not_expanded_views,pruned_views,best_observed_prefix,best_retained_prefix,best_pruned_prefix,earliest_divergence_token,min_prune_regret,max_prune_regret
36a08778:o1,HIGH,0.9817007534983854,0,7,1,0.9817007534983854,0.9817007534983854,0.5371367061356297,8,6.999999820312951,6.999999820312951
8b7bacbf:o1,HIGH,0.8894472361809045,0,7,1,0.8877721943048577,0.5362563237774031,0.8877721943048577,29,6.999999878928065,6.999999878928065
0934a4d8:o0,HIGH,0.7428571428571429,0,7,1,0.7428571428571429,0.7428571428571429,0,1,6.999999791383743,6.999999791383743
2b83f449:o0,HIGH,0.6460176991150443,0,7,1,0.6430678466076696,0.23460410557184752,0.6430678466076696,1,8.99999953090446,8.99999953090446
62593bfd:o0,HIGH,0.6425269645608629,0,7,1,0.6409861325115562,0.48228043143297383,0.6409861325115562,4,7.500000046798959,7.500000046798959
7ed72f31:o1,HIGH,0.5856966707768188,0,3,5,0.5856966707768188,0.5856966707768188,0.33785450061652283,15,4.000000223517418,10.000000120387995
cbebaa4b:o1,MID,0.369472182596291,0,1,7,0.369472182596291,0.369472182596291,0.34807417974322397,7,4.499999830499291,7.500000220374204
80a900e0:o0,MID,0.36929460580912865,0,7,1,0.36929460580912865,0.36929460580912865,0.014522821576763486,1,4.5000001192092896,4.5000001192092896
8b7bacbf:o0,MID,0.3573735199138859,0,3,5,0.3573735199138859,0.3573735199138859,0.2906350914962325,104,4.000000178813934,8.000000210478902
16b78196:o0,MID,0.3519913885898816,0,0,8,0.35091496232508074,,0.35091496232508074,36,5.500000195577741,13.999999880792757
dd6b8c4b:o0,MID,0.3511450381679389,0,6,2,0.3511450381679389,0.3511450381679389,0.2595419847328244,3,4.500000069849193,4.999999914783984
88bcf3b4:o1,MID,0.343046357615894,0,5,3,0.343046357615894,0.343046357615894,0.19072847682119207,91,4.500000148080289,6.000000187661499
6ffbe589:o0,LOW,0.06077348066298342,0,8,0,0.06077348066298342,0.06077348066298342,,5,,
4e34c42c:o0,LOW,0.04659498207885305,0,7,1,0.04659498207885305,0.04659498207885305,0.028169014084507043,1,4.000000238418579,4.000000238418579
a32d8b75:o0,LOW,0.033925686591276254,0,2,6,0.03231017770597738,0,0.03231017770597738,1,4.499999791383743,8.999999791383743
7b3084d4:o0,LOW,0.03349282296650718,0,3,5,0.03349282296650718,0.03349282296650718,0,1,5.49999990221113,8.49999956623651
898e7135:o0,LOW,0.022604951560818085,0,3,5,0.021528525296017224,0.021528525296017224,0.021528525296017224,21,5.000000086147338,10.499999523559381
4e34c42c:o1,LOW,0.0111731843575419,0,7,1,0.0111731843575419,0.0111731843575419,0.005291005291005291,1,6.000000091502443,6.000000091502443
