depth,depth_unique,gen_view,global_cell_frontier,global_view_unique,mean_logprob_per_token,per_depth_view_unique,task_id
12,False,rot270,False,False,-0.015321741977461908,True,58490d8a
24,False,rot270,False,False,-0.01867794384807701,True,58490d8a
72,False,rot270,False,False,-0.007327458879623198,True,58490d8a
0,False,flip_lr,False,False,-0.0059356588161167696,False,71e489b6
0,False,identity,False,False,-0.006920005958117226,False,71e489b6
12,False,flip_lr,False,False,-0.002286928106157232,False,71e489b6
12,False,identity,False,False,-0.0016732658831986962,False,71e489b6
12,False,rot90,False,False,-0.0002901913233342925,False,71e489b6
12,False,transpose,False,False,-0.00038995137971475913,False,71e489b6
24,False,flip_lr,False,False,-0.0018651006579282726,False,71e489b6
24,False,flip_ud,False,True,-0.0014658637146720947,False,71e489b6
24,False,identity,False,False,-0.0034142155983773884,False,71e489b6
24,False,rot90,False,False,-7.206737499113537e-05,False,71e489b6
24,False,transpose,False,False,-0.0007746009671818879,False,71e489b6
48,False,flip_lr,False,False,-0.001865754177647946,False,71e489b6
48,False,identity,False,False,-0.0011692626102926507,False,71e489b6
48,False,rot90,False,False,-4.77385332970403e-05,False,71e489b6
72,False,rot180,False,True,-0.00047288123448777574,False,71e489b6
72,False,rot270,False,True,-0.0010310316096524812,False,71e489b6
72,False,rot90,False,False,-6.599343895875118e-06,False,71e489b6
72,False,transpose,False,False,-0.0011547217831215275,False,71e489b6
24,False,rot180,False,False,-0.012980829057707087,True,7b3084d4
48,False,rot180,False,False,-0.009388363885585704,False,7b3084d4
48,False,rot90,False,True,-0.004314630213171517,False,7b3084d4
0,False,anti_transpose,False,False,-0.012924929113036356,True,97d7923e
24,False,anti_transpose,False,False,-0.004074317289937805,True,97d7923e
0,False,anti_transpose,False,False,-1.6740535250212287e-07,False,981571dc
0,False,flip_lr,False,False,-8.515048083485678e-07,False,981571dc
0,False,flip_ud,False,False,-8.880336446770921e-07,False,981571dc
0,False,identity,False,False,-1.2135986353051541e-06,False,981571dc
0,False,rot180,False,False,-4.978094041190413e-06,False,981571dc
0,False,rot270,False,False,-4.651836244829855e-06,False,981571dc
0,False,rot90,False,False,-2.488009614207889e-07,False,981571dc
0,False,transpose,False,False,-2.436052852596538e-06,False,981571dc
12,False,anti_transpose,False,False,-1.5381842590564916e-09,False,981571dc
12,False,flip_lr,False,False,-4.6145510733949585e-09,False,981571dc
12,False,flip_ud,False,False,-1.0215880118716653e-07,False,981571dc
12,False,identity,False,False,-2.1919049441915192e-08,False,981571dc
12,False,rot180,False,False,-9.837337535267951e-07,False,981571dc
12,False,rot270,False,False,-1.041668310899047e-06,False,981571dc
12,False,rot90,False,False,-4.1018235193131594e-09,False,981571dc
12,False,transpose,False,False,-2.8544521324582787e-07,False,981571dc
24,False,anti_transpose,False,False,-2.123156646672686e-06,False,981571dc
24,False,flip_lr,False,False,-5.905976222331364e-07,False,981571dc
24,False,flip_ud,False,False,-1.1685241519062683e-05,False,981571dc
24,False,identity,False,False,-5.513387041724501e-05,False,981571dc
24,False,rot180,False,False,-6.441338285020157e-05,False,981571dc
24,False,rot270,False,False,-7.893769390523848e-06,False,981571dc
24,False,rot90,False,False,-3.008925453134599e-06,False,981571dc
24,False,transpose,False,False,-7.482537861189989e-07,False,981571dc
48,False,anti_transpose,False,False,-1.777807171727604e-07,False,981571dc
48,False,flip_lr,False,False,-8.26551560694974e-07,False,981571dc
48,False,flip_ud,False,False,-1.1984679751643393e-07,False,981571dc
48,False,identity,False,False,-3.441436323202862e-07,False,981571dc
48,False,rot180,False,False,-0.00022098457499783984,False,981571dc
48,False,rot270,False,False,-3.709092893513439e-06,False,981571dc
48,False,rot90,False,False,-2.050911117876044e-08,False,981571dc
48,False,transpose,False,False,-8.504519519128221e-05,False,981571dc
12,True,transpose,True,True,-0.0021071153612884502,True,b5ca7ac4
48,True,transpose,True,True,-0.001492452658107333,True,cb2d8a2c
0,False,rot270,False,True,-0.007950136244802002,True,dfadab01
12,False,flip_ud,False,False,-0.005997231911245613,True,dfadab01
24,False,flip_ud,False,False,-0.0022764840912296944,True,dfadab01
48,False,flip_lr,False,False,-0.0008438430189509611,False,dfadab01
48,False,identity,False,True,-0.002040548227974255,False,dfadab01
72,False,flip_lr,False,False,-0.00024293780820813926,True,dfadab01
