Y_CONTINUE,additional_nodes_actual,cell_key,cv_scheme,fold,model,output_id,score
0,1421,332f06d7:o0:d12:flip_ud,loo,332f06d7:o0,ALWAYS_STOP,332f06d7:o0,0.0
0,1421,332f06d7:o0:d12:flip_ud,loo,332f06d7:o0,ALWAYS_CONTINUE,332f06d7:o0,1.0
0,1421,332f06d7:o0:d12:flip_ud,loo,332f06d7:o0,THRESHOLD_candidate_yield_last256,332f06d7:o0,1.0
0,1421,332f06d7:o0:d12:flip_ud,loo,332f06d7:o0,THRESHOLD_nodes_since_last_candidate,332f06d7:o0,1.0
0,1421,332f06d7:o0:d12:flip_ud,loo,332f06d7:o0,THRESHOLD_frontier_growth_last256,332f06d7:o0,0.0
0,1421,332f06d7:o0:d12:flip_ud,loo,332f06d7:o0,THRESHOLD_retained_successors_last256,332f06d7:o0,1.0
0,1421,332f06d7:o0:d12:flip_ud,loo,332f06d7:o0,THRESHOLD_frontier_size_1024,332f06d7:o0,1.0
0,1421,332f06d7:o0:d12:flip_ud,loo,332f06d7:o0,THRESHOLD_retained_regret_min_proxy_1024,332f06d7:o0,1.0
0,1421,332f06d7:o0:d12:flip_ud,loo,332f06d7:o0,LOGISTIC_C=0.1,332f06d7:o0,0.9999999999999065
0,1421,332f06d7:o0:d12:flip_ud,loo,332f06d7:o0,LOGISTIC_C=1,332f06d7:o0,0.26240497672840785
0,1421,332f06d7:o0:d12:flip_ud,loo,332f06d7:o0,LOGISTIC_C=10,332f06d7:o0,0.04990342998095881
0,1421,332f06d7:o0:d12:flip_ud,loo,332f06d7:o0,TREE_DEPTH=1,332f06d7:o0,0.5
0,1421,332f06d7:o0:d12:flip_ud,loo,332f06d7:o0,TREE_DEPTH=2,332f06d7:o0,0.0
0,1421,332f06d7:o0:d12:flip_ud,loo,332f06d7:o0,TREE_DEPTH=3,332f06d7:o0,0.0
0,3072,97d7923e:o0:d12:flip_ud,loo,97d7923e:o0,ALWAYS_STOP,97d7923e:o0,0.0
0,455,97d7923e:o0:d12:identity,loo,97d7923e:o0,ALWAYS_STOP,97d7923e:o0,0.0
1,3072,97d7923e:o0:d24:flip_ud,loo,97d7923e:o0,ALWAYS_STOP,97d7923e:o0,0.0
0,970,97d7923e:o0:d48:identity,loo,97d7923e:o0,ALWAYS_STOP,97d7923e:o0,0.0
0,3072,97d7923e:o0:d12:flip_ud,loo,97d7923e:o0,ALWAYS_CONTINUE,97d7923e:o0,1.0
0,455,97d7923e:o0:d12:identity,loo,97d7923e:o0,ALWAYS_CONTINUE,97d7923e:o0,1.0
1,3072,97d7923e:o0:d24:flip_ud,loo,97d7923e:o0,ALWAYS_CONTINUE,97d7923e:o0,1.0
0,970,97d7923e:o0:d48:identity,loo,97d7923e:o0,ALWAYS_CONTINUE,97d7923e:o0,1.0
0,3072,97d7923e:o0:d12:flip_ud,loo,97d7923e:o0,THRESHOLD_candidate_yield_last256,97d7923e:o0,1.0
0,455,97d7923e:o0:d12:identity,loo,97d7923e:o0,THRESHOLD_candidate_yield_last256,97d7923e:o0,0.0
1,3072,97d7923e:o0:d24:flip_ud,loo,97d7923e:o0,THRESHOLD_candidate_yield_last256,97d7923e:o0,1.0
0,970,97d7923e:o0:d48:identity,loo,97d7923e:o0,THRESHOLD_candidate_yield_last256,97d7923e:o0,0.0
0,3072,97d7923e:o0:d12:flip_ud,loo,97d7923e:o0,THRESHOLD_nodes_since_last_candidate,97d7923e:o0,1.0
0,455,97d7923e:o0:d12:identity,loo,97d7923e:o0,THRESHOLD_nodes_since_last_candidate,97d7923e:o0,1.0
1,3072,97d7923e:o0:d24:flip_ud,loo,97d7923e:o0,THRESHOLD_nodes_since_last_candidate,97d7923e:o0,1.0
0,970,97d7923e:o0:d48:identity,loo,97d7923e:o0,THRESHOLD_nodes_since_last_candidate,97d7923e:o0,0.0
0,3072,97d7923e:o0:d12:flip_ud,loo,97d7923e:o0,THRESHOLD_frontier_growth_last256,97d7923e:o0,0.0
0,455,97d7923e:o0:d12:identity,loo,97d7923e:o0,THRESHOLD_frontier_growth_last256,97d7923e:o0,1.0
1,3072,97d7923e:o0:d24:flip_ud,loo,97d7923e:o0,THRESHOLD_frontier_growth_last256,97d7923e:o0,1.0
0,970,97d7923e:o0:d48:identity,loo,97d7923e:o0,THRESHOLD_frontier_growth_last256,97d7923e:o0,1.0
0,3072,97d7923e:o0:d12:flip_ud,loo,97d7923e:o0,THRESHOLD_retained_successors_last256,97d7923e:o0,1.0
0,455,97d7923e:o0:d12:identity,loo,97d7923e:o0,THRESHOLD_retained_successors_last256,97d7923e:o0,0.0
1,3072,97d7923e:o0:d24:flip_ud,loo,97d7923e:o0,THRESHOLD_retained_successors_last256,97d7923e:o0,1.0
0,970,97d7923e:o0:d48:identity,loo,97d7923e:o0,THRESHOLD_retained_successors_last256,97d7923e:o0,0.0
0,3072,97d7923e:o0:d12:flip_ud,loo,97d7923e:o0,THRESHOLD_frontier_size_1024,97d7923e:o0,1.0
0,455,97d7923e:o0:d12:identity,loo,97d7923e:o0,THRESHOLD_frontier_size_1024,97d7923e:o0,1.0
1,3072,97d7923e:o0:d24:flip_ud,loo,97d7923e:o0,THRESHOLD_frontier_size_1024,97d7923e:o0,1.0
0,970,97d7923e:o0:d48:identity,loo,97d7923e:o0,THRESHOLD_frontier_size_1024,97d7923e:o0,1.0
0,3072,97d7923e:o0:d12:flip_ud,loo,97d7923e:o0,THRESHOLD_retained_regret_min_proxy_1024,97d7923e:o0,1.0
0,455,97d7923e:o0:d12:identity,loo,97d7923e:o0,THRESHOLD_retained_regret_min_proxy_1024,97d7923e:o0,1.0
1,3072,97d7923e:o0:d24:flip_ud,loo,97d7923e:o0,THRESHOLD_retained_regret_min_proxy_1024,97d7923e:o0,1.0
0,970,97d7923e:o0:d48:identity,loo,97d7923e:o0,THRESHOLD_retained_regret_min_proxy_1024,97d7923e:o0,1.0
0,3072,97d7923e:o0:d12:flip_ud,loo,97d7923e:o0,LOGISTIC_C=0.1,97d7923e:o0,9.357622968839299e-14
0,455,97d7923e:o0:d12:identity,loo,97d7923e:o0,LOGISTIC_C=0.1,97d7923e:o0,0.9999999999999065
1,3072,97d7923e:o0:d24:flip_ud,loo,97d7923e:o0,LOGISTIC_C=0.1,97d7923e:o0,9.357622968839299e-14
0,970,97d7923e:o0:d48:identity,loo,97d7923e:o0,LOGISTIC_C=0.1,97d7923e:o0,0.9999999999999065
0,3072,97d7923e:o0:d12:flip_ud,loo,97d7923e:o0,LOGISTIC_C=1,97d7923e:o0,0.42023668084766214
0,455,97d7923e:o0:d12:identity,loo,97d7923e:o0,LOGISTIC_C=1,97d7923e:o0,0.15186311869574956
1,3072,97d7923e:o0:d24:flip_ud,loo,97d7923e:o0,LOGISTIC_C=1,97d7923e:o0,0.45711690895286916
0,970,97d7923e:o0:d48:identity,loo,97d7923e:o0,LOGISTIC_C=1,97d7923e:o0,0.1693512602565366
0,3072,97d7923e:o0:d12:flip_ud,loo,97d7923e:o0,LOGISTIC_C=10,97d7923e:o0,0.5387726235991069
0,455,97d7923e:o0:d12:identity,loo,97d7923e:o0,LOGISTIC_C=10,97d7923e:o0,0.009634093408401623
1,3072,97d7923e:o0:d24:flip_ud,loo,97d7923e:o0,LOGISTIC_C=10,97d7923e:o0,0.6822070022301084
0,970,97d7923e:o0:d48:identity,loo,97d7923e:o0,LOGISTIC_C=10,97d7923e:o0,0.022509111275557162
0,3072,97d7923e:o0:d12:flip_ud,loo,97d7923e:o0,TREE_DEPTH=1,97d7923e:o0,0.0
0,455,97d7923e:o0:d12:identity,loo,97d7923e:o0,TREE_DEPTH=1,97d7923e:o0,0.5
1,3072,97d7923e:o0:d24:flip_ud,loo,97d7923e:o0,TREE_DEPTH=1,97d7923e:o0,0.5
0,970,97d7923e:o0:d48:identity,loo,97d7923e:o0,TREE_DEPTH=1,97d7923e:o0,0.5
0,3072,97d7923e:o0:d12:flip_ud,loo,97d7923e:o0,TREE_DEPTH=2,97d7923e:o0,0.0
0,455,97d7923e:o0:d12:identity,loo,97d7923e:o0,TREE_DEPTH=2,97d7923e:o0,0.6666666666666666
1,3072,97d7923e:o0:d24:flip_ud,loo,97d7923e:o0,TREE_DEPTH=2,97d7923e:o0,0.3333333333333333
0,970,97d7923e:o0:d48:identity,loo,97d7923e:o0,TREE_DEPTH=2,97d7923e:o0,0.3333333333333333
0,3072,97d7923e:o0:d12:flip_ud,loo,97d7923e:o0,TREE_DEPTH=3,97d7923e:o0,0.0
0,455,97d7923e:o0:d12:identity,loo,97d7923e:o0,TREE_DEPTH=3,97d7923e:o0,0.6666666666666666
1,3072,97d7923e:o0:d24:flip_ud,loo,97d7923e:o0,TREE_DEPTH=3,97d7923e:o0,0.3333333333333333
0,970,97d7923e:o0:d48:identity,loo,97d7923e:o0,TREE_DEPTH=3,97d7923e:o0,0.3333333333333333
0,2691,cb2d8a2c:o1:d12:identity,loo,cb2d8a2c:o1,ALWAYS_STOP,cb2d8a2c:o1,0.0
0,2691,cb2d8a2c:o1:d12:identity,loo,cb2d8a2c:o1,ALWAYS_CONTINUE,cb2d8a2c:o1,1.0
0,2691,cb2d8a2c:o1:d12:identity,loo,cb2d8a2c:o1,THRESHOLD_candidate_yield_last256,cb2d8a2c:o1,0.0
0,2691,cb2d8a2c:o1:d12:identity,loo,cb2d8a2c:o1,THRESHOLD_nodes_since_last_candidate,cb2d8a2c:o1,1.0
0,2691,cb2d8a2c:o1:d12:identity,loo,cb2d8a2c:o1,THRESHOLD_frontier_growth_last256,cb2d8a2c:o1,0.0
0,2691,cb2d8a2c:o1:d12:identity,loo,cb2d8a2c:o1,THRESHOLD_retained_successors_last256,cb2d8a2c:o1,1.0
0,2691,cb2d8a2c:o1:d12:identity,loo,cb2d8a2c:o1,THRESHOLD_frontier_size_1024,cb2d8a2c:o1,1.0
0,2691,cb2d8a2c:o1:d12:identity,loo,cb2d8a2c:o1,THRESHOLD_retained_regret_min_proxy_1024,cb2d8a2c:o1,1.0
0,2691,cb2d8a2c:o1:d12:identity,loo,cb2d8a2c:o1,LOGISTIC_C=0.1,cb2d8a2c:o1,0.9999999999999065
0,2691,cb2d8a2c:o1:d12:identity,loo,cb2d8a2c:o1,LOGISTIC_C=1,cb2d8a2c:o1,0.2875692684000401
0,2691,cb2d8a2c:o1:d12:identity,loo,cb2d8a2c:o1,LOGISTIC_C=10,cb2d8a2c:o1,0.1998453329952232
0,2691,cb2d8a2c:o1:d12:identity,loo,cb2d8a2c:o1,TREE_DEPTH=1,cb2d8a2c:o1,0.0
0,2691,cb2d8a2c:o1:d12:identity,loo,cb2d8a2c:o1,TREE_DEPTH=2,cb2d8a2c:o1,0.0
0,2691,cb2d8a2c:o1:d12:identity,loo,cb2d8a2c:o1,TREE_DEPTH=3,cb2d8a2c:o1,0.0
0,1717,d59b0160:o0:d12:anti_transpose,loo,d59b0160:o0,ALWAYS_STOP,d59b0160:o0,0.0
0,3072,d59b0160:o0:d12:flip_ud,loo,d59b0160:o0,ALWAYS_STOP,d59b0160:o0,0.0
0,3072,d59b0160:o0:d12:identity,loo,d59b0160:o0,ALWAYS_STOP,d59b0160:o0,0.0
1,3072,d59b0160:o0:d24:flip_ud,loo,d59b0160:o0,ALWAYS_STOP,d59b0160:o0,0.0
1,3072,d59b0160:o0:d24:identity,loo,d59b0160:o0,ALWAYS_STOP,d59b0160:o0,0.0
1,2692,d59b0160:o0:d24:transpose,loo,d59b0160:o0,ALWAYS_STOP,d59b0160:o0,0.0
0,1717,d59b0160:o0:d12:anti_transpose,loo,d59b0160:o0,ALWAYS_CONTINUE,d59b0160:o0,1.0
0,3072,d59b0160:o0:d12:flip_ud,loo,d59b0160:o0,ALWAYS_CONTINUE,d59b0160:o0,1.0
0,3072,d59b0160:o0:d12:identity,loo,d59b0160:o0,ALWAYS_CONTINUE,d59b0160:o0,1.0
1,3072,d59b0160:o0:d24:flip_ud,loo,d59b0160:o0,ALWAYS_CONTINUE,d59b0160:o0,1.0
1,3072,d59b0160:o0:d24:identity,loo,d59b0160:o0,ALWAYS_CONTINUE,d59b0160:o0,1.0
1,2692,d59b0160:o0:d24:transpose,loo,d59b0160:o0,ALWAYS_CONTINUE,d59b0160:o0,1.0
0,1717,d59b0160:o0:d12:anti_transpose,loo,d59b0160:o0,THRESHOLD_candidate_yield_last256,d59b0160:o0,0.0
0,3072,d59b0160:o0:d12:flip_ud,loo,d59b0160:o0,THRESHOLD_candidate_yield_last256,d59b0160:o0,0.0
0,3072,d59b0160:o0:d12:identity,loo,d59b0160:o0,THRESHOLD_candidate_yield_last256,d59b0160:o0,0.0
1,3072,d59b0160:o0:d24:flip_ud,loo,d59b0160:o0,THRESHOLD_candidate_yield_last256,d59b0160:o0,0.0
1,3072,d59b0160:o0:d24:identity,loo,d59b0160:o0,THRESHOLD_candidate_yield_last256,d59b0160:o0,1.0
1,2692,d59b0160:o0:d24:transpose,loo,d59b0160:o0,THRESHOLD_candidate_yield_last256,d59b0160:o0,0.0
0,1717,d59b0160:o0:d12:anti_transpose,loo,d59b0160:o0,THRESHOLD_nodes_since_last_candidate,d59b0160:o0,1.0
0,3072,d59b0160:o0:d12:flip_ud,loo,d59b0160:o0,THRESHOLD_nodes_since_last_candidate,d59b0160:o0,0.0
0,3072,d59b0160:o0:d12:identity,loo,d59b0160:o0,THRESHOLD_nodes_since_last_candidate,d59b0160:o0,0.0
1,3072,d59b0160:o0:d24:flip_ud,loo,d59b0160:o0,THRESHOLD_nodes_since_last_candidate,d59b0160:o0,0.0
1,3072,d59b0160:o0:d24:identity,loo,d59b0160:o0,THRESHOLD_nodes_since_last_candidate,d59b0160:o0,1.0
1,2692,d59b0160:o0:d24:transpose,loo,d59b0160:o0,THRESHOLD_nodes_since_last_candidate,d59b0160:o0,0.0
0,1717,d59b0160:o0:d12:anti_transpose,loo,d59b0160:o0,THRESHOLD_frontier_growth_last256,d59b0160:o0,0.0
0,3072,d59b0160:o0:d12:flip_ud,loo,d59b0160:o0,THRESHOLD_frontier_growth_last256,d59b0160:o0,1.0
0,3072,d59b0160:o0:d12:identity,loo,d59b0160:o0,THRESHOLD_frontier_growth_last256,d59b0160:o0,0.0
1,3072,d59b0160:o0:d24:flip_ud,loo,d59b0160:o0,THRESHOLD_frontier_growth_last256,d59b0160:o0,0.0
1,3072,d59b0160:o0:d24:identity,loo,d59b0160:o0,THRESHOLD_frontier_growth_last256,d59b0160:o0,0.0
1,2692,d59b0160:o0:d24:transpose,loo,d59b0160:o0,THRESHOLD_frontier_growth_last256,d59b0160:o0,1.0
0,1717,d59b0160:o0:d12:anti_transpose,loo,d59b0160:o0,THRESHOLD_retained_successors_last256,d59b0160:o0,0.0
0,3072,d59b0160:o0:d12:flip_ud,loo,d59b0160:o0,THRESHOLD_retained_successors_last256,d59b0160:o0,1.0
0,3072,d59b0160:o0:d12:identity,loo,d59b0160:o0,THRESHOLD_retained_successors_last256,d59b0160:o0,1.0
1,3072,d59b0160:o0:d24:flip_ud,loo,d59b0160:o0,THRESHOLD_retained_successors_last256,d59b0160:o0,1.0
1,3072,d59b0160:o0:d24:identity,loo,d59b0160:o0,THRESHOLD_retained_successors_last256,d59b0160:o0,1.0
1,2692,d59b0160:o0:d24:transpose,loo,d59b0160:o0,THRESHOLD_retained_successors_last256,d59b0160:o0,0.0
0,1717,d59b0160:o0:d12:anti_transpose,loo,d59b0160:o0,THRESHOLD_frontier_size_1024,d59b0160:o0,1.0
0,3072,d59b0160:o0:d12:flip_ud,loo,d59b0160:o0,THRESHOLD_frontier_size_1024,d59b0160:o0,1.0
0,3072,d59b0160:o0:d12:identity,loo,d59b0160:o0,THRESHOLD_frontier_size_1024,d59b0160:o0,1.0
1,3072,d59b0160:o0:d24:flip_ud,loo,d59b0160:o0,THRESHOLD_frontier_size_1024,d59b0160:o0,1.0
1,3072,d59b0160:o0:d24:identity,loo,d59b0160:o0,THRESHOLD_frontier_size_1024,d59b0160:o0,1.0
1,2692,d59b0160:o0:d24:transpose,loo,d59b0160:o0,THRESHOLD_frontier_size_1024,d59b0160:o0,1.0
0,1717,d59b0160:o0:d12:anti_transpose,loo,d59b0160:o0,THRESHOLD_retained_regret_min_proxy_1024,d59b0160:o0,1.0
0,3072,d59b0160:o0:d12:flip_ud,loo,d59b0160:o0,THRESHOLD_retained_regret_min_proxy_1024,d59b0160:o0,1.0
0,3072,d59b0160:o0:d12:identity,loo,d59b0160:o0,THRESHOLD_retained_regret_min_proxy_1024,d59b0160:o0,1.0
1,3072,d59b0160:o0:d24:flip_ud,loo,d59b0160:o0,THRESHOLD_retained_regret_min_proxy_1024,d59b0160:o0,1.0
1,3072,d59b0160:o0:d24:identity,loo,d59b0160:o0,THRESHOLD_retained_regret_min_proxy_1024,d59b0160:o0,1.0
1,2692,d59b0160:o0:d24:transpose,loo,d59b0160:o0,THRESHOLD_retained_regret_min_proxy_1024,d59b0160:o0,1.0
0,1717,d59b0160:o0:d12:anti_transpose,loo,d59b0160:o0,LOGISTIC_C=0.1,d59b0160:o0,9.357622968839299e-14
0,3072,d59b0160:o0:d12:flip_ud,loo,d59b0160:o0,LOGISTIC_C=0.1,d59b0160:o0,9.357622968839299e-14
0,3072,d59b0160:o0:d12:identity,loo,d59b0160:o0,LOGISTIC_C=0.1,d59b0160:o0,9.357622968839299e-14
1,3072,d59b0160:o0:d24:flip_ud,loo,d59b0160:o0,LOGISTIC_C=0.1,d59b0160:o0,9.357622968839299e-14
1,3072,d59b0160:o0:d24:identity,loo,d59b0160:o0,LOGISTIC_C=0.1,d59b0160:o0,9.357622968839299e-14
1,2692,d59b0160:o0:d24:transpose,loo,d59b0160:o0,LOGISTIC_C=0.1,d59b0160:o0,9.357622968839299e-14
0,1717,d59b0160:o0:d12:anti_transpose,loo,d59b0160:o0,LOGISTIC_C=1,d59b0160:o0,0.18548433778476708
0,3072,d59b0160:o0:d12:flip_ud,loo,d59b0160:o0,LOGISTIC_C=1,d59b0160:o0,0.1453358549916315
0,3072,d59b0160:o0:d12:identity,loo,d59b0160:o0,LOGISTIC_C=1,d59b0160:o0,0.15514985788260266
1,3072,d59b0160:o0:d24:flip_ud,loo,d59b0160:o0,LOGISTIC_C=1,d59b0160:o0,0.14818241758289066
1,3072,d59b0160:o0:d24:identity,loo,d59b0160:o0,LOGISTIC_C=1,d59b0160:o0,0.20847382209600218
1,2692,d59b0160:o0:d24:transpose,loo,d59b0160:o0,LOGISTIC_C=1,d59b0160:o0,0.1619866256401841
0,1717,d59b0160:o0:d12:anti_transpose,loo,d59b0160:o0,LOGISTIC_C=10,d59b0160:o0,0.272698840945205
0,3072,d59b0160:o0:d12:flip_ud,loo,d59b0160:o0,LOGISTIC_C=10,d59b0160:o0,0.09290750856166931
0,3072,d59b0160:o0:d12:identity,loo,d59b0160:o0,LOGISTIC_C=10,d59b0160:o0,0.11345226445632543
1,3072,d59b0160:o0:d24:flip_ud,loo,d59b0160:o0,LOGISTIC_C=10,d59b0160:o0,0.09880357155355012
1,3072,d59b0160:o0:d24:identity,loo,d59b0160:o0,LOGISTIC_C=10,d59b0160:o0,0.3547352873593905
1,2692,d59b0160:o0:d24:transpose,loo,d59b0160:o0,LOGISTIC_C=10,d59b0160:o0,0.15489571427650276
0,1717,d59b0160:o0:d12:anti_transpose,loo,d59b0160:o0,TREE_DEPTH=1,d59b0160:o0,0.0
0,3072,d59b0160:o0:d12:flip_ud,loo,d59b0160:o0,TREE_DEPTH=1,d59b0160:o0,0.5
0,3072,d59b0160:o0:d12:identity,loo,d59b0160:o0,TREE_DEPTH=1,d59b0160:o0,0.0
1,3072,d59b0160:o0:d24:flip_ud,loo,d59b0160:o0,TREE_DEPTH=1,d59b0160:o0,0.0
1,3072,d59b0160:o0:d24:identity,loo,d59b0160:o0,TREE_DEPTH=1,d59b0160:o0,0.0
1,2692,d59b0160:o0:d24:transpose,loo,d59b0160:o0,TREE_DEPTH=1,d59b0160:o0,0.5
0,1717,d59b0160:o0:d12:anti_transpose,loo,d59b0160:o0,TREE_DEPTH=2,d59b0160:o0,0.0
0,3072,d59b0160:o0:d12:flip_ud,loo,d59b0160:o0,TREE_DEPTH=2,d59b0160:o0,0.5
0,3072,d59b0160:o0:d12:identity,loo,d59b0160:o0,TREE_DEPTH=2,d59b0160:o0,0.0
1,3072,d59b0160:o0:d24:flip_ud,loo,d59b0160:o0,TREE_DEPTH=2,d59b0160:o0,0.0
1,3072,d59b0160:o0:d24:identity,loo,d59b0160:o0,TREE_DEPTH=2,d59b0160:o0,0.0
1,2692,d59b0160:o0:d24:transpose,loo,d59b0160:o0,TREE_DEPTH=2,d59b0160:o0,0.5
0,1717,d59b0160:o0:d12:anti_transpose,loo,d59b0160:o0,TREE_DEPTH=3,d59b0160:o0,0.0
0,3072,d59b0160:o0:d12:flip_ud,loo,d59b0160:o0,TREE_DEPTH=3,d59b0160:o0,0.5
0,3072,d59b0160:o0:d12:identity,loo,d59b0160:o0,TREE_DEPTH=3,d59b0160:o0,0.0
1,3072,d59b0160:o0:d24:flip_ud,loo,d59b0160:o0,TREE_DEPTH=3,d59b0160:o0,0.0
1,3072,d59b0160:o0:d24:identity,loo,d59b0160:o0,TREE_DEPTH=3,d59b0160:o0,0.0
1,2692,d59b0160:o0:d24:transpose,loo,d59b0160:o0,TREE_DEPTH=3,d59b0160:o0,0.5
0,1262,f931b4a8:o1:d12:transpose,loo,f931b4a8:o1,ALWAYS_STOP,f931b4a8:o1,0.0
0,1262,f931b4a8:o1:d12:transpose,loo,f931b4a8:o1,ALWAYS_CONTINUE,f931b4a8:o1,1.0
0,1262,f931b4a8:o1:d12:transpose,loo,f931b4a8:o1,THRESHOLD_candidate_yield_last256,f931b4a8:o1,0.0
0,1262,f931b4a8:o1:d12:transpose,loo,f931b4a8:o1,THRESHOLD_nodes_since_last_candidate,f931b4a8:o1,1.0
0,1262,f931b4a8:o1:d12:transpose,loo,f931b4a8:o1,THRESHOLD_frontier_growth_last256,f931b4a8:o1,0.0
0,1262,f931b4a8:o1:d12:transpose,loo,f931b4a8:o1,THRESHOLD_retained_successors_last256,f931b4a8:o1,1.0
0,1262,f931b4a8:o1:d12:transpose,loo,f931b4a8:o1,THRESHOLD_frontier_size_1024,f931b4a8:o1,1.0
0,1262,f931b4a8:o1:d12:transpose,loo,f931b4a8:o1,THRESHOLD_retained_regret_min_proxy_1024,f931b4a8:o1,1.0
0,1262,f931b4a8:o1:d12:transpose,loo,f931b4a8:o1,LOGISTIC_C=0.1,f931b4a8:o1,0.9999999999999065
0,1262,f931b4a8:o1:d12:transpose,loo,f931b4a8:o1,LOGISTIC_C=1,f931b4a8:o1,0.22269238512788764
0,1262,f931b4a8:o1:d12:transpose,loo,f931b4a8:o1,LOGISTIC_C=10,f931b4a8:o1,0.03714796762625523
0,1262,f931b4a8:o1:d12:transpose,loo,f931b4a8:o1,TREE_DEPTH=1,f931b4a8:o1,0.0
0,1262,f931b4a8:o1:d12:transpose,loo,f931b4a8:o1,TREE_DEPTH=2,f931b4a8:o1,0.0
0,1262,f931b4a8:o1:d12:transpose,loo,f931b4a8:o1,TREE_DEPTH=3,f931b4a8:o1,0.0
0,1717,d59b0160:o0:d12:anti_transpose,sha256_mod4,sha256_mod4=0,ALWAYS_STOP,d59b0160:o0,0.0
0,3072,d59b0160:o0:d12:flip_ud,sha256_mod4,sha256_mod4=0,ALWAYS_STOP,d59b0160:o0,0.0
0,3072,d59b0160:o0:d12:identity,sha256_mod4,sha256_mod4=0,ALWAYS_STOP,d59b0160:o0,0.0
1,3072,d59b0160:o0:d24:flip_ud,sha256_mod4,sha256_mod4=0,ALWAYS_STOP,d59b0160:o0,0.0
1,3072,d59b0160:o0:d24:identity,sha256_mod4,sha256_mod4=0,ALWAYS_STOP,d59b0160:o0,0.0
1,2692,d59b0160:o0:d24:transpose,sha256_mod4,sha256_mod4=0,ALWAYS_STOP,d59b0160:o0,0.0
0,1262,f931b4a8:o1:d12:transpose,sha256_mod4,sha256_mod4=0,ALWAYS_STOP,f931b4a8:o1,0.0
0,1717,d59b0160:o0:d12:anti_transpose,sha256_mod4,sha256_mod4=0,ALWAYS_CONTINUE,d59b0160:o0,1.0
0,3072,d59b0160:o0:d12:flip_ud,sha256_mod4,sha256_mod4=0,ALWAYS_CONTINUE,d59b0160:o0,1.0
0,3072,d59b0160:o0:d12:identity,sha256_mod4,sha256_mod4=0,ALWAYS_CONTINUE,d59b0160:o0,1.0
1,3072,d59b0160:o0:d24:flip_ud,sha256_mod4,sha256_mod4=0,ALWAYS_CONTINUE,d59b0160:o0,1.0
1,3072,d59b0160:o0:d24:identity,sha256_mod4,sha256_mod4=0,ALWAYS_CONTINUE,d59b0160:o0,1.0
1,2692,d59b0160:o0:d24:transpose,sha256_mod4,sha256_mod4=0,ALWAYS_CONTINUE,d59b0160:o0,1.0
0,1262,f931b4a8:o1:d12:transpose,sha256_mod4,sha256_mod4=0,ALWAYS_CONTINUE,f931b4a8:o1,1.0
0,1717,d59b0160:o0:d12:anti_transpose,sha256_mod4,sha256_mod4=0,THRESHOLD_candidate_yield_last256,d59b0160:o0,0.0
0,3072,d59b0160:o0:d12:flip_ud,sha256_mod4,sha256_mod4=0,THRESHOLD_candidate_yield_last256,d59b0160:o0,0.0
0,3072,d59b0160:o0:d12:identity,sha256_mod4,sha256_mod4=0,THRESHOLD_candidate_yield_last256,d59b0160:o0,0.0
1,3072,d59b0160:o0:d24:flip_ud,sha256_mod4,sha256_mod4=0,THRESHOLD_candidate_yield_last256,d59b0160:o0,0.0
1,3072,d59b0160:o0:d24:identity,sha256_mod4,sha256_mod4=0,THRESHOLD_candidate_yield_last256,d59b0160:o0,1.0
1,2692,d59b0160:o0:d24:transpose,sha256_mod4,sha256_mod4=0,THRESHOLD_candidate_yield_last256,d59b0160:o0,0.0
0,1262,f931b4a8:o1:d12:transpose,sha256_mod4,sha256_mod4=0,THRESHOLD_candidate_yield_last256,f931b4a8:o1,0.0
0,1717,d59b0160:o0:d12:anti_transpose,sha256_mod4,sha256_mod4=0,THRESHOLD_nodes_since_last_candidate,d59b0160:o0,1.0
0,3072,d59b0160:o0:d12:flip_ud,sha256_mod4,sha256_mod4=0,THRESHOLD_nodes_since_last_candidate,d59b0160:o0,0.0
0,3072,d59b0160:o0:d12:identity,sha256_mod4,sha256_mod4=0,THRESHOLD_nodes_since_last_candidate,d59b0160:o0,0.0
1,3072,d59b0160:o0:d24:flip_ud,sha256_mod4,sha256_mod4=0,THRESHOLD_nodes_since_last_candidate,d59b0160:o0,0.0
1,3072,d59b0160:o0:d24:identity,sha256_mod4,sha256_mod4=0,THRESHOLD_nodes_since_last_candidate,d59b0160:o0,1.0
1,2692,d59b0160:o0:d24:transpose,sha256_mod4,sha256_mod4=0,THRESHOLD_nodes_since_last_candidate,d59b0160:o0,0.0
0,1262,f931b4a8:o1:d12:transpose,sha256_mod4,sha256_mod4=0,THRESHOLD_nodes_since_last_candidate,f931b4a8:o1,0.0
0,1717,d59b0160:o0:d12:anti_transpose,sha256_mod4,sha256_mod4=0,THRESHOLD_frontier_growth_last256,d59b0160:o0,0.0
0,3072,d59b0160:o0:d12:flip_ud,sha256_mod4,sha256_mod4=0,THRESHOLD_frontier_growth_last256,d59b0160:o0,1.0
0,3072,d59b0160:o0:d12:identity,sha256_mod4,sha256_mod4=0,THRESHOLD_frontier_growth_last256,d59b0160:o0,0.0
1,3072,d59b0160:o0:d24:flip_ud,sha256_mod4,sha256_mod4=0,THRESHOLD_frontier_growth_last256,d59b0160:o0,0.0
1,3072,d59b0160:o0:d24:identity,sha256_mod4,sha256_mod4=0,THRESHOLD_frontier_growth_last256,d59b0160:o0,0.0
1,2692,d59b0160:o0:d24:transpose,sha256_mod4,sha256_mod4=0,THRESHOLD_frontier_growth_last256,d59b0160:o0,1.0
0,1262,f931b4a8:o1:d12:transpose,sha256_mod4,sha256_mod4=0,THRESHOLD_frontier_growth_last256,f931b4a8:o1,0.0
0,1717,d59b0160:o0:d12:anti_transpose,sha256_mod4,sha256_mod4=0,THRESHOLD_retained_successors_last256,d59b0160:o0,0.0
0,3072,d59b0160:o0:d12:flip_ud,sha256_mod4,sha256_mod4=0,THRESHOLD_retained_successors_last256,d59b0160:o0,1.0
0,3072,d59b0160:o0:d12:identity,sha256_mod4,sha256_mod4=0,THRESHOLD_retained_successors_last256,d59b0160:o0,1.0
1,3072,d59b0160:o0:d24:flip_ud,sha256_mod4,sha256_mod4=0,THRESHOLD_retained_successors_last256,d59b0160:o0,1.0
1,3072,d59b0160:o0:d24:identity,sha256_mod4,sha256_mod4=0,THRESHOLD_retained_successors_last256,d59b0160:o0,1.0
1,2692,d59b0160:o0:d24:transpose,sha256_mod4,sha256_mod4=0,THRESHOLD_retained_successors_last256,d59b0160:o0,0.0
0,1262,f931b4a8:o1:d12:transpose,sha256_mod4,sha256_mod4=0,THRESHOLD_retained_successors_last256,f931b4a8:o1,0.0
0,1717,d59b0160:o0:d12:anti_transpose,sha256_mod4,sha256_mod4=0,THRESHOLD_frontier_size_1024,d59b0160:o0,1.0
0,3072,d59b0160:o0:d12:flip_ud,sha256_mod4,sha256_mod4=0,THRESHOLD_frontier_size_1024,d59b0160:o0,1.0
0,3072,d59b0160:o0:d12:identity,sha256_mod4,sha256_mod4=0,THRESHOLD_frontier_size_1024,d59b0160:o0,1.0
1,3072,d59b0160:o0:d24:flip_ud,sha256_mod4,sha256_mod4=0,THRESHOLD_frontier_size_1024,d59b0160:o0,1.0
1,3072,d59b0160:o0:d24:identity,sha256_mod4,sha256_mod4=0,THRESHOLD_frontier_size_1024,d59b0160:o0,1.0
1,2692,d59b0160:o0:d24:transpose,sha256_mod4,sha256_mod4=0,THRESHOLD_frontier_size_1024,d59b0160:o0,1.0
0,1262,f931b4a8:o1:d12:transpose,sha256_mod4,sha256_mod4=0,THRESHOLD_frontier_size_1024,f931b4a8:o1,1.0
0,1717,d59b0160:o0:d12:anti_transpose,sha256_mod4,sha256_mod4=0,THRESHOLD_retained_regret_min_proxy_1024,d59b0160:o0,1.0
0,3072,d59b0160:o0:d12:flip_ud,sha256_mod4,sha256_mod4=0,THRESHOLD_retained_regret_min_proxy_1024,d59b0160:o0,1.0
0,3072,d59b0160:o0:d12:identity,sha256_mod4,sha256_mod4=0,THRESHOLD_retained_regret_min_proxy_1024,d59b0160:o0,1.0
1,3072,d59b0160:o0:d24:flip_ud,sha256_mod4,sha256_mod4=0,THRESHOLD_retained_regret_min_proxy_1024,d59b0160:o0,1.0
1,3072,d59b0160:o0:d24:identity,sha256_mod4,sha256_mod4=0,THRESHOLD_retained_regret_min_proxy_1024,d59b0160:o0,1.0
1,2692,d59b0160:o0:d24:transpose,sha256_mod4,sha256_mod4=0,THRESHOLD_retained_regret_min_proxy_1024,d59b0160:o0,1.0
0,1262,f931b4a8:o1:d12:transpose,sha256_mod4,sha256_mod4=0,THRESHOLD_retained_regret_min_proxy_1024,f931b4a8:o1,1.0
0,1717,d59b0160:o0:d12:anti_transpose,sha256_mod4,sha256_mod4=0,LOGISTIC_C=0.1,d59b0160:o0,9.357622968839299e-14
0,3072,d59b0160:o0:d12:flip_ud,sha256_mod4,sha256_mod4=0,LOGISTIC_C=0.1,d59b0160:o0,0.9999999999999065
0,3072,d59b0160:o0:d12:identity,sha256_mod4,sha256_mod4=0,LOGISTIC_C=0.1,d59b0160:o0,9.357622968839299e-14
1,3072,d59b0160:o0:d24:flip_ud,sha256_mod4,sha256_mod4=0,LOGISTIC_C=0.1,d59b0160:o0,9.357622968839299e-14
1,3072,d59b0160:o0:d24:identity,sha256_mod4,sha256_mod4=0,LOGISTIC_C=0.1,d59b0160:o0,9.357622968839299e-14
1,2692,d59b0160:o0:d24:transpose,sha256_mod4,sha256_mod4=0,LOGISTIC_C=0.1,d59b0160:o0,9.357622968839299e-14
0,1262,f931b4a8:o1:d12:transpose,sha256_mod4,sha256_mod4=0,LOGISTIC_C=0.1,f931b4a8:o1,0.9999999999999065
0,1717,d59b0160:o0:d12:anti_transpose,sha256_mod4,sha256_mod4=0,LOGISTIC_C=1,d59b0160:o0,0.209369074495515
0,3072,d59b0160:o0:d12:flip_ud,sha256_mod4,sha256_mod4=0,LOGISTIC_C=1,d59b0160:o0,0.158771222407988
0,3072,d59b0160:o0:d12:identity,sha256_mod4,sha256_mod4=0,LOGISTIC_C=1,d59b0160:o0,0.1687762740987547
1,3072,d59b0160:o0:d24:flip_ud,sha256_mod4,sha256_mod4=0,LOGISTIC_C=1,d59b0160:o0,0.16178016291989103
1,3072,d59b0160:o0:d24:identity,sha256_mod4,sha256_mod4=0,LOGISTIC_C=1,d59b0160:o0,0.23042703067261391
1,2692,d59b0160:o0:d24:transpose,sha256_mod4,sha256_mod4=0,LOGISTIC_C=1,d59b0160:o0,0.17938919428260264
0,1262,f931b4a8:o1:d12:transpose,sha256_mod4,sha256_mod4=0,LOGISTIC_C=1,f931b4a8:o1,0.10972860146643018
0,1717,d59b0160:o0:d12:anti_transpose,sha256_mod4,sha256_mod4=0,LOGISTIC_C=10,d59b0160:o0,0.2961412820773067
0,3072,d59b0160:o0:d12:flip_ud,sha256_mod4,sha256_mod4=0,LOGISTIC_C=10,d59b0160:o0,0.08360894875938452
0,3072,d59b0160:o0:d12:identity,sha256_mod4,sha256_mod4=0,LOGISTIC_C=10,d59b0160:o0,0.09912035414542168
1,3072,d59b0160:o0:d24:flip_ud,sha256_mod4,sha256_mod4=0,LOGISTIC_C=10,d59b0160:o0,0.08860376499001309
1,3072,d59b0160:o0:d24:identity,sha256_mod4,sha256_mod4=0,LOGISTIC_C=10,d59b0160:o0,0.35221471746111327
1,2692,d59b0160:o0:d24:transpose,sha256_mod4,sha256_mod4=0,LOGISTIC_C=10,d59b0160:o0,0.15290433669070483
0,1262,f931b4a8:o1:d12:transpose,sha256_mod4,sha256_mod4=0,LOGISTIC_C=10,f931b4a8:o1,0.013858288099893704
0,1717,d59b0160:o0:d12:anti_transpose,sha256_mod4,sha256_mod4=0,TREE_DEPTH=1,d59b0160:o0,0.0
0,3072,d59b0160:o0:d12:flip_ud,sha256_mod4,sha256_mod4=0,TREE_DEPTH=1,d59b0160:o0,0.0
0,3072,d59b0160:o0:d12:identity,sha256_mod4,sha256_mod4=0,TREE_DEPTH=1,d59b0160:o0,0.5
1,3072,d59b0160:o0:d24:flip_ud,sha256_mod4,sha256_mod4=0,TREE_DEPTH=1,d59b0160:o0,0.0
1,3072,d59b0160:o0:d24:identity,sha256_mod4,sha256_mod4=0,TREE_DEPTH=1,d59b0160:o0,0.5
1,2692,d59b0160:o0:d24:transpose,sha256_mod4,sha256_mod4=0,TREE_DEPTH=1,d59b0160:o0,0.0
0,1262,f931b4a8:o1:d12:transpose,sha256_mod4,sha256_mod4=0,TREE_DEPTH=1,f931b4a8:o1,0.0
0,1717,d59b0160:o0:d12:anti_transpose,sha256_mod4,sha256_mod4=0,TREE_DEPTH=2,d59b0160:o0,0.0
0,3072,d59b0160:o0:d12:flip_ud,sha256_mod4,sha256_mod4=0,TREE_DEPTH=2,d59b0160:o0,0.0
0,3072,d59b0160:o0:d12:identity,sha256_mod4,sha256_mod4=0,TREE_DEPTH=2,d59b0160:o0,0.5
1,3072,d59b0160:o0:d24:flip_ud,sha256_mod4,sha256_mod4=0,TREE_DEPTH=2,d59b0160:o0,0.0
1,3072,d59b0160:o0:d24:identity,sha256_mod4,sha256_mod4=0,TREE_DEPTH=2,d59b0160:o0,0.5
1,2692,d59b0160:o0:d24:transpose,sha256_mod4,sha256_mod4=0,TREE_DEPTH=2,d59b0160:o0,0.0
0,1262,f931b4a8:o1:d12:transpose,sha256_mod4,sha256_mod4=0,TREE_DEPTH=2,f931b4a8:o1,0.0
0,1717,d59b0160:o0:d12:anti_transpose,sha256_mod4,sha256_mod4=0,TREE_DEPTH=3,d59b0160:o0,0.0
0,3072,d59b0160:o0:d12:flip_ud,sha256_mod4,sha256_mod4=0,TREE_DEPTH=3,d59b0160:o0,0.0
0,3072,d59b0160:o0:d12:identity,sha256_mod4,sha256_mod4=0,TREE_DEPTH=3,d59b0160:o0,0.5
1,3072,d59b0160:o0:d24:flip_ud,sha256_mod4,sha256_mod4=0,TREE_DEPTH=3,d59b0160:o0,0.0
1,3072,d59b0160:o0:d24:identity,sha256_mod4,sha256_mod4=0,TREE_DEPTH=3,d59b0160:o0,0.5
1,2692,d59b0160:o0:d24:transpose,sha256_mod4,sha256_mod4=0,TREE_DEPTH=3,d59b0160:o0,0.0
0,1262,f931b4a8:o1:d12:transpose,sha256_mod4,sha256_mod4=0,TREE_DEPTH=3,f931b4a8:o1,0.0
0,1421,332f06d7:o0:d12:flip_ud,sha256_mod4,sha256_mod4=1,ALWAYS_STOP,332f06d7:o0,0.0
0,1421,332f06d7:o0:d12:flip_ud,sha256_mod4,sha256_mod4=1,ALWAYS_CONTINUE,332f06d7:o0,1.0
0,1421,332f06d7:o0:d12:flip_ud,sha256_mod4,sha256_mod4=1,THRESHOLD_candidate_yield_last256,332f06d7:o0,1.0
0,1421,332f06d7:o0:d12:flip_ud,sha256_mod4,sha256_mod4=1,THRESHOLD_nodes_since_last_candidate,332f06d7:o0,1.0
0,1421,332f06d7:o0:d12:flip_ud,sha256_mod4,sha256_mod4=1,THRESHOLD_frontier_growth_last256,332f06d7:o0,0.0
0,1421,332f06d7:o0:d12:flip_ud,sha256_mod4,sha256_mod4=1,THRESHOLD_retained_successors_last256,332f06d7:o0,1.0
0,1421,332f06d7:o0:d12:flip_ud,sha256_mod4,sha256_mod4=1,THRESHOLD_frontier_size_1024,332f06d7:o0,1.0
0,1421,332f06d7:o0:d12:flip_ud,sha256_mod4,sha256_mod4=1,THRESHOLD_retained_regret_min_proxy_1024,332f06d7:o0,1.0
0,1421,332f06d7:o0:d12:flip_ud,sha256_mod4,sha256_mod4=1,LOGISTIC_C=0.1,332f06d7:o0,0.9999999999999065
0,1421,332f06d7:o0:d12:flip_ud,sha256_mod4,sha256_mod4=1,LOGISTIC_C=1,332f06d7:o0,0.26240497672840785
0,1421,332f06d7:o0:d12:flip_ud,sha256_mod4,sha256_mod4=1,LOGISTIC_C=10,332f06d7:o0,0.04990342998095881
0,1421,332f06d7:o0:d12:flip_ud,sha256_mod4,sha256_mod4=1,TREE_DEPTH=1,332f06d7:o0,0.5
0,1421,332f06d7:o0:d12:flip_ud,sha256_mod4,sha256_mod4=1,TREE_DEPTH=2,332f06d7:o0,0.0
0,1421,332f06d7:o0:d12:flip_ud,sha256_mod4,sha256_mod4=1,TREE_DEPTH=3,332f06d7:o0,0.0
0,3072,97d7923e:o0:d12:flip_ud,sha256_mod4,sha256_mod4=2,ALWAYS_STOP,97d7923e:o0,0.0
0,455,97d7923e:o0:d12:identity,sha256_mod4,sha256_mod4=2,ALWAYS_STOP,97d7923e:o0,0.0
1,3072,97d7923e:o0:d24:flip_ud,sha256_mod4,sha256_mod4=2,ALWAYS_STOP,97d7923e:o0,0.0
0,970,97d7923e:o0:d48:identity,sha256_mod4,sha256_mod4=2,ALWAYS_STOP,97d7923e:o0,0.0
0,2691,cb2d8a2c:o1:d12:identity,sha256_mod4,sha256_mod4=2,ALWAYS_STOP,cb2d8a2c:o1,0.0
0,3072,97d7923e:o0:d12:flip_ud,sha256_mod4,sha256_mod4=2,ALWAYS_CONTINUE,97d7923e:o0,1.0
0,455,97d7923e:o0:d12:identity,sha256_mod4,sha256_mod4=2,ALWAYS_CONTINUE,97d7923e:o0,1.0
1,3072,97d7923e:o0:d24:flip_ud,sha256_mod4,sha256_mod4=2,ALWAYS_CONTINUE,97d7923e:o0,1.0
0,970,97d7923e:o0:d48:identity,sha256_mod4,sha256_mod4=2,ALWAYS_CONTINUE,97d7923e:o0,1.0
0,2691,cb2d8a2c:o1:d12:identity,sha256_mod4,sha256_mod4=2,ALWAYS_CONTINUE,cb2d8a2c:o1,1.0
0,3072,97d7923e:o0:d12:flip_ud,sha256_mod4,sha256_mod4=2,THRESHOLD_candidate_yield_last256,97d7923e:o0,1.0
0,455,97d7923e:o0:d12:identity,sha256_mod4,sha256_mod4=2,THRESHOLD_candidate_yield_last256,97d7923e:o0,0.0
1,3072,97d7923e:o0:d24:flip_ud,sha256_mod4,sha256_mod4=2,THRESHOLD_candidate_yield_last256,97d7923e:o0,1.0
0,970,97d7923e:o0:d48:identity,sha256_mod4,sha256_mod4=2,THRESHOLD_candidate_yield_last256,97d7923e:o0,0.0
0,2691,cb2d8a2c:o1:d12:identity,sha256_mod4,sha256_mod4=2,THRESHOLD_candidate_yield_last256,cb2d8a2c:o1,0.0
0,3072,97d7923e:o0:d12:flip_ud,sha256_mod4,sha256_mod4=2,THRESHOLD_nodes_since_last_candidate,97d7923e:o0,1.0
0,455,97d7923e:o0:d12:identity,sha256_mod4,sha256_mod4=2,THRESHOLD_nodes_since_last_candidate,97d7923e:o0,1.0
1,3072,97d7923e:o0:d24:flip_ud,sha256_mod4,sha256_mod4=2,THRESHOLD_nodes_since_last_candidate,97d7923e:o0,1.0
0,970,97d7923e:o0:d48:identity,sha256_mod4,sha256_mod4=2,THRESHOLD_nodes_since_last_candidate,97d7923e:o0,0.0
0,2691,cb2d8a2c:o1:d12:identity,sha256_mod4,sha256_mod4=2,THRESHOLD_nodes_since_last_candidate,cb2d8a2c:o1,1.0
0,3072,97d7923e:o0:d12:flip_ud,sha256_mod4,sha256_mod4=2,THRESHOLD_frontier_growth_last256,97d7923e:o0,1.0
0,455,97d7923e:o0:d12:identity,sha256_mod4,sha256_mod4=2,THRESHOLD_frontier_growth_last256,97d7923e:o0,1.0
1,3072,97d7923e:o0:d24:flip_ud,sha256_mod4,sha256_mod4=2,THRESHOLD_frontier_growth_last256,97d7923e:o0,1.0
0,970,97d7923e:o0:d48:identity,sha256_mod4,sha256_mod4=2,THRESHOLD_frontier_growth_last256,97d7923e:o0,1.0
0,2691,cb2d8a2c:o1:d12:identity,sha256_mod4,sha256_mod4=2,THRESHOLD_frontier_growth_last256,cb2d8a2c:o1,1.0
0,3072,97d7923e:o0:d12:flip_ud,sha256_mod4,sha256_mod4=2,THRESHOLD_retained_successors_last256,97d7923e:o0,1.0
0,455,97d7923e:o0:d12:identity,sha256_mod4,sha256_mod4=2,THRESHOLD_retained_successors_last256,97d7923e:o0,0.0
1,3072,97d7923e:o0:d24:flip_ud,sha256_mod4,sha256_mod4=2,THRESHOLD_retained_successors_last256,97d7923e:o0,1.0
0,970,97d7923e:o0:d48:identity,sha256_mod4,sha256_mod4=2,THRESHOLD_retained_successors_last256,97d7923e:o0,0.0
0,2691,cb2d8a2c:o1:d12:identity,sha256_mod4,sha256_mod4=2,THRESHOLD_retained_successors_last256,cb2d8a2c:o1,1.0
0,3072,97d7923e:o0:d12:flip_ud,sha256_mod4,sha256_mod4=2,THRESHOLD_frontier_size_1024,97d7923e:o0,1.0
0,455,97d7923e:o0:d12:identity,sha256_mod4,sha256_mod4=2,THRESHOLD_frontier_size_1024,97d7923e:o0,1.0
1,3072,97d7923e:o0:d24:flip_ud,sha256_mod4,sha256_mod4=2,THRESHOLD_frontier_size_1024,97d7923e:o0,1.0
0,970,97d7923e:o0:d48:identity,sha256_mod4,sha256_mod4=2,THRESHOLD_frontier_size_1024,97d7923e:o0,1.0
0,2691,cb2d8a2c:o1:d12:identity,sha256_mod4,sha256_mod4=2,THRESHOLD_frontier_size_1024,cb2d8a2c:o1,1.0
0,3072,97d7923e:o0:d12:flip_ud,sha256_mod4,sha256_mod4=2,THRESHOLD_retained_regret_min_proxy_1024,97d7923e:o0,1.0
0,455,97d7923e:o0:d12:identity,sha256_mod4,sha256_mod4=2,THRESHOLD_retained_regret_min_proxy_1024,97d7923e:o0,1.0
1,3072,97d7923e:o0:d24:flip_ud,sha256_mod4,sha256_mod4=2,THRESHOLD_retained_regret_min_proxy_1024,97d7923e:o0,1.0
0,970,97d7923e:o0:d48:identity,sha256_mod4,sha256_mod4=2,THRESHOLD_retained_regret_min_proxy_1024,97d7923e:o0,1.0
0,2691,cb2d8a2c:o1:d12:identity,sha256_mod4,sha256_mod4=2,THRESHOLD_retained_regret_min_proxy_1024,cb2d8a2c:o1,1.0
0,3072,97d7923e:o0:d12:flip_ud,sha256_mod4,sha256_mod4=2,LOGISTIC_C=0.1,97d7923e:o0,9.357622968839299e-14
0,455,97d7923e:o0:d12:identity,sha256_mod4,sha256_mod4=2,LOGISTIC_C=0.1,97d7923e:o0,0.9999999999999065
1,3072,97d7923e:o0:d24:flip_ud,sha256_mod4,sha256_mod4=2,LOGISTIC_C=0.1,97d7923e:o0,9.357622968839299e-14
0,970,97d7923e:o0:d48:identity,sha256_mod4,sha256_mod4=2,LOGISTIC_C=0.1,97d7923e:o0,0.9999999999999065
0,2691,cb2d8a2c:o1:d12:identity,sha256_mod4,sha256_mod4=2,LOGISTIC_C=0.1,cb2d8a2c:o1,0.9999999999999065
0,3072,97d7923e:o0:d12:flip_ud,sha256_mod4,sha256_mod4=2,LOGISTIC_C=1,97d7923e:o0,0.45868697231591166
0,455,97d7923e:o0:d12:identity,sha256_mod4,sha256_mod4=2,LOGISTIC_C=1,97d7923e:o0,0.18201943560358563
1,3072,97d7923e:o0:d24:flip_ud,sha256_mod4,sha256_mod4=2,LOGISTIC_C=1,97d7923e:o0,0.4963959562281393
0,970,97d7923e:o0:d48:identity,sha256_mod4,sha256_mod4=2,LOGISTIC_C=1,97d7923e:o0,0.19722799583297734
0,2691,cb2d8a2c:o1:d12:identity,sha256_mod4,sha256_mod4=2,LOGISTIC_C=1,cb2d8a2c:o1,0.289742246042382
0,3072,97d7923e:o0:d12:flip_ud,sha256_mod4,sha256_mod4=2,LOGISTIC_C=10,97d7923e:o0,0.5128366325650932
0,455,97d7923e:o0:d12:identity,sha256_mod4,sha256_mod4=2,LOGISTIC_C=10,97d7923e:o0,0.014898065600835148
1,3072,97d7923e:o0:d24:flip_ud,sha256_mod4,sha256_mod4=2,LOGISTIC_C=10,97d7923e:o0,0.6604528973017789
0,970,97d7923e:o0:d48:identity,sha256_mod4,sha256_mod4=2,LOGISTIC_C=10,97d7923e:o0,0.0377102213393651
0,2691,cb2d8a2c:o1:d12:identity,sha256_mod4,sha256_mod4=2,LOGISTIC_C=10,cb2d8a2c:o1,0.194060801346975
0,3072,97d7923e:o0:d12:flip_ud,sha256_mod4,sha256_mod4=2,TREE_DEPTH=1,97d7923e:o0,0.6666666666666666
0,455,97d7923e:o0:d12:identity,sha256_mod4,sha256_mod4=2,TREE_DEPTH=1,97d7923e:o0,0.6666666666666666
1,3072,97d7923e:o0:d24:flip_ud,sha256_mod4,sha256_mod4=2,TREE_DEPTH=1,97d7923e:o0,0.6666666666666666
0,970,97d7923e:o0:d48:identity,sha256_mod4,sha256_mod4=2,TREE_DEPTH=1,97d7923e:o0,0.2
0,2691,cb2d8a2c:o1:d12:identity,sha256_mod4,sha256_mod4=2,TREE_DEPTH=1,cb2d8a2c:o1,0.6666666666666666
0,3072,97d7923e:o0:d12:flip_ud,sha256_mod4,sha256_mod4=2,TREE_DEPTH=2,97d7923e:o0,0.6666666666666666
0,455,97d7923e:o0:d12:identity,sha256_mod4,sha256_mod4=2,TREE_DEPTH=2,97d7923e:o0,0.6666666666666666
1,3072,97d7923e:o0:d24:flip_ud,sha256_mod4,sha256_mod4=2,TREE_DEPTH=2,97d7923e:o0,0.6666666666666666
0,970,97d7923e:o0:d48:identity,sha256_mod4,sha256_mod4=2,TREE_DEPTH=2,97d7923e:o0,0.5
0,2691,cb2d8a2c:o1:d12:identity,sha256_mod4,sha256_mod4=2,TREE_DEPTH=2,cb2d8a2c:o1,0.6666666666666666
0,3072,97d7923e:o0:d12:flip_ud,sha256_mod4,sha256_mod4=2,TREE_DEPTH=3,97d7923e:o0,0.6666666666666666
0,455,97d7923e:o0:d12:identity,sha256_mod4,sha256_mod4=2,TREE_DEPTH=3,97d7923e:o0,0.6666666666666666
1,3072,97d7923e:o0:d24:flip_ud,sha256_mod4,sha256_mod4=2,TREE_DEPTH=3,97d7923e:o0,0.6666666666666666
0,970,97d7923e:o0:d48:identity,sha256_mod4,sha256_mod4=2,TREE_DEPTH=3,97d7923e:o0,0.5
0,2691,cb2d8a2c:o1:d12:identity,sha256_mod4,sha256_mod4=2,TREE_DEPTH=3,cb2d8a2c:o1,0.6666666666666666
