allocated_bytes,cells,checkpoint,extra,free_bytes,peak_allocated_bytes,peak_reserved_bytes,reserved_bytes,total_bytes,total_live_kv_bytes
9536859136,"[{""cell_key"": ""d59b0160:o0:d24:anti_transpose"", ""position"": 1928, ""recursion_depth"": 1, ""cache_object_count"": 1, ""unique_kv_bytes"": 284295168}, {""cell_key"": ""d59b0160:o0:d24:flip_ud"", ""position"": 1928, ""recursion_depth"": 1, ""cache_object_count"": 1, ""unique_kv_bytes"": 284295168}, {""cell_key"": ""d59b0160:o0:d24:identity"", ""position"": 1928, ""recursion_depth"": 1, ""cache_object_count"": 1, ""unique_kv_bytes"": 284295168}, {""cell_key"": ""d59b0160:o0:d24:transpose"", ""position"": 1928, ""recursion_depth"": 1, ""cache_object_count"": 1, ""unique_kv_bytes"": 284295168}]",B1,"{""stage"": ""legacy_views"", ""layer"": null}",14962130944,9728280576,9997123584,9997123584,25298141184,1137180672
9552653312,"[{""cell_key"": ""d59b0160:o0:d24:anti_transpose"", ""position"": 1928, ""recursion_depth"": 1, ""cache_object_count"": 1, ""unique_kv_bytes"": 284295168}, {""cell_key"": ""d59b0160:o0:d24:flip_ud"", ""position"": 1928, ""recursion_depth"": 1, ""cache_object_count"": 1, ""unique_kv_bytes"": 284295168}, {""cell_key"": ""d59b0160:o0:d24:identity"", ""position"": 1928, ""recursion_depth"": 1, ""cache_object_count"": 1, ""unique_kv_bytes"": 284295168}, {""cell_key"": ""d59b0160:o0:d24:transpose"", ""position"": 1928, ""recursion_depth"": 1, ""cache_object_count"": 1, ""unique_kv_bytes"": 284295168}]",B2,"{""stage"": ""packed_layer"", ""layer"": 0}",14962130944,9728280576,9997123584,9997123584,25298141184,1137180672
9679006720,"[{""cell_key"": ""d59b0160:o0:d24:anti_transpose"", ""position"": 1928, ""recursion_depth"": 1, ""cache_object_count"": 1, ""unique_kv_bytes"": 284295168}, {""cell_key"": ""d59b0160:o0:d24:flip_ud"", ""position"": 1928, ""recursion_depth"": 1, ""cache_object_count"": 1, ""unique_kv_bytes"": 284295168}, {""cell_key"": ""d59b0160:o0:d24:identity"", ""position"": 1928, ""recursion_depth"": 1, ""cache_object_count"": 1, ""unique_kv_bytes"": 284295168}, {""cell_key"": ""d59b0160:o0:d24:transpose"", ""position"": 1928, ""recursion_depth"": 1, ""cache_object_count"": 1, ""unique_kv_bytes"": 284295168}]",B2,"{""stage"": ""packed_layer"", ""layer"": 8}",14962130944,9728280576,9997123584,9997123584,25298141184,1137180672
9805360128,"[{""cell_key"": ""d59b0160:o0:d24:anti_transpose"", ""position"": 1928, ""recursion_depth"": 1, ""cache_object_count"": 1, ""unique_kv_bytes"": 284295168}, {""cell_key"": ""d59b0160:o0:d24:flip_ud"", ""position"": 1928, ""recursion_depth"": 1, ""cache_object_count"": 1, ""unique_kv_bytes"": 284295168}, {""cell_key"": ""d59b0160:o0:d24:identity"", ""position"": 1928, ""recursion_depth"": 1, ""cache_object_count"": 1, ""unique_kv_bytes"": 284295168}, {""cell_key"": ""d59b0160:o0:d24:transpose"", ""position"": 1928, ""recursion_depth"": 1, ""cache_object_count"": 1, ""unique_kv_bytes"": 284295168}]",B2,"{""stage"": ""packed_layer"", ""layer"": 16}",14899216384,9805360128,10060038144,10060038144,25298141184,1137180672
9931713536,"[{""cell_key"": ""d59b0160:o0:d24:anti_transpose"", ""position"": 1928, ""recursion_depth"": 1, ""cache_object_count"": 1, ""unique_kv_bytes"": 284295168}, {""cell_key"": ""d59b0160:o0:d24:flip_ud"", ""position"": 1928, ""recursion_depth"": 1, ""cache_object_count"": 1, ""unique_kv_bytes"": 284295168}, {""cell_key"": ""d59b0160:o0:d24:identity"", ""position"": 1928, ""recursion_depth"": 1, ""cache_object_count"": 1, ""unique_kv_bytes"": 284295168}, {""cell_key"": ""d59b0160:o0:d24:transpose"", ""position"": 1928, ""recursion_depth"": 1, ""cache_object_count"": 1, ""unique_kv_bytes"": 284295168}]",B2,"{""stage"": ""packed_layer"", ""layer"": 24}",14731444224,9931713536,10227810304,10227810304,25298141184,1137180672
10105449472,"[{""cell_key"": ""d59b0160:o0:d24:anti_transpose"", ""position"": 1928, ""recursion_depth"": 1, ""cache_object_count"": 1, ""unique_kv_bytes"": 284295168}, {""cell_key"": ""d59b0160:o0:d24:flip_ud"", ""position"": 1928, ""recursion_depth"": 1, ""cache_object_count"": 1, ""unique_kv_bytes"": 284295168}, {""cell_key"": ""d59b0160:o0:d24:identity"", ""position"": 1928, ""recursion_depth"": 1, ""cache_object_count"": 1, ""unique_kv_bytes"": 284295168}, {""cell_key"": ""d59b0160:o0:d24:transpose"", ""position"": 1928, ""recursion_depth"": 1, ""cache_object_count"": 1, ""unique_kv_bytes"": 284295168}]",B2,"{""stage"": ""packed_layer"", ""layer"": 35}",14500757504,10105449472,10458497024,10458497024,25298141184,1137180672
10105449472,"[{""cell_key"": ""d59b0160:o0:d24:anti_transpose"", ""position"": 1928, ""recursion_depth"": 1, ""cache_object_count"": 1, ""unique_kv_bytes"": 284295168}, {""cell_key"": ""d59b0160:o0:d24:flip_ud"", ""position"": 1928, ""recursion_depth"": 1, ""cache_object_count"": 1, ""unique_kv_bytes"": 284295168}, {""cell_key"": ""d59b0160:o0:d24:identity"", ""position"": 1928, ""recursion_depth"": 1, ""cache_object_count"": 1, ""unique_kv_bytes"": 284295168}, {""cell_key"": ""d59b0160:o0:d24:transpose"", ""position"": 1928, ""recursion_depth"": 1, ""cache_object_count"": 1, ""unique_kv_bytes"": 284295168}]",B3,"{""stage"": ""merged_legacy"", ""layer"": null}",14500757504,10105449472,10458497024,10458497024,25298141184,1137180672
10105449472,"[{""cell_key"": ""d59b0160:o0:d24:anti_transpose"", ""position"": 1928, ""recursion_depth"": 1, ""cache_object_count"": 1, ""unique_kv_bytes"": 284295168}, {""cell_key"": ""d59b0160:o0:d24:flip_ud"", ""position"": 1928, ""recursion_depth"": 1, ""cache_object_count"": 1, ""unique_kv_bytes"": 284295168}, {""cell_key"": ""d59b0160:o0:d24:identity"", ""position"": 1928, ""recursion_depth"": 1, ""cache_object_count"": 1, ""unique_kv_bytes"": 284295168}, {""cell_key"": ""d59b0160:o0:d24:transpose"", ""position"": 1928, ""recursion_depth"": 1, ""cache_object_count"": 1, ""unique_kv_bytes"": 284295168}]",B3,"{""stage"": ""before_restore"", ""layer"": null}",14500757504,10105449472,10458497024,10458497024,25298141184,1137180672
10105449472,"[{""cell_key"": ""d59b0160:o0:d24:anti_transpose"", ""position"": 1928, ""recursion_depth"": 1, ""cache_object_count"": 1, ""unique_kv_bytes"": 284295168}, {""cell_key"": ""d59b0160:o0:d24:flip_ud"", ""position"": 1928, ""recursion_depth"": 1, ""cache_object_count"": 1, ""unique_kv_bytes"": 284295168}, {""cell_key"": ""d59b0160:o0:d24:identity"", ""position"": 1928, ""recursion_depth"": 1, ""cache_object_count"": 1, ""unique_kv_bytes"": 284295168}, {""cell_key"": ""d59b0160:o0:d24:transpose"", ""position"": 1928, ""recursion_depth"": 1, ""cache_object_count"": 1, ""unique_kv_bytes"": 284295168}]",B4,"{""stage"": ""after_restore"", ""layer"": null}",14500757504,10105449472,10458497024,10458497024,25298141184,1137180672
10105449472,"[{""cell_key"": ""d59b0160:o0:d24:anti_transpose"", ""position"": 1928, ""recursion_depth"": 1, ""cache_object_count"": 1, ""unique_kv_bytes"": 284295168}, {""cell_key"": ""d59b0160:o0:d24:flip_ud"", ""position"": 1928, ""recursion_depth"": 1, ""cache_object_count"": 1, ""unique_kv_bytes"": 284295168}, {""cell_key"": ""d59b0160:o0:d24:identity"", ""position"": 1928, ""recursion_depth"": 1, ""cache_object_count"": 1, ""unique_kv_bytes"": 284295168}, {""cell_key"": ""d59b0160:o0:d24:transpose"", ""position"": 1928, ""recursion_depth"": 1, ""cache_object_count"": 1, ""unique_kv_bytes"": 284295168}]",B5,"{""stage"": ""before_model_forward"", ""layer"": null}",14500757504,10105449472,10458497024,10458497024,25298141184,1137180672
10674335232,"[{""cell_key"": ""d59b0160:o0:d24:anti_transpose"", ""position"": 1928, ""recursion_depth"": 1, ""cache_object_count"": 1, ""unique_kv_bytes"": 284295168}, {""cell_key"": ""d59b0160:o0:d24:flip_ud"", ""position"": 1928, ""recursion_depth"": 1, ""cache_object_count"": 1, ""unique_kv_bytes"": 284295168}, {""cell_key"": ""d59b0160:o0:d24:identity"", ""position"": 1928, ""recursion_depth"": 1, ""cache_object_count"": 1, ""unique_kv_bytes"": 284295168}, {""cell_key"": ""d59b0160:o0:d24:transpose"", ""position"": 1928, ""recursion_depth"": 1, ""cache_object_count"": 1, ""unique_kv_bytes"": 284295168}]",B6,"{""stage"": ""after_b2_model_forward"", ""layer"": null}",13745782784,10674666496,11213471744,11213471744,25298141184,1137180672
10674335232,"[{""cell_key"": ""d59b0160:o0:d24:anti_transpose"", ""position"": 1928, ""recursion_depth"": 1, ""cache_object_count"": 1, ""unique_kv_bytes"": 284295168}, {""cell_key"": ""d59b0160:o0:d24:flip_ud"", ""position"": 1928, ""recursion_depth"": 1, ""cache_object_count"": 1, ""unique_kv_bytes"": 284295168}, {""cell_key"": ""d59b0160:o0:d24:identity"", ""position"": 1928, ""recursion_depth"": 1, ""cache_object_count"": 1, ""unique_kv_bytes"": 284295168}, {""cell_key"": ""d59b0160:o0:d24:transpose"", ""position"": 1928, ""recursion_depth"": 1, ""cache_object_count"": 1, ""unique_kv_bytes"": 284295168}]",B7,"{""stage"": ""after_split_legacy"", ""layer"": null}",13745782784,10674666496,11213471744,11213471744,25298141184,1137180672
10674335232,"[{""cell_key"": ""d59b0160:o0:d24:anti_transpose"", ""position"": 1928, ""recursion_depth"": 1, ""cache_object_count"": 1, ""unique_kv_bytes"": 284295168}, {""cell_key"": ""d59b0160:o0:d24:flip_ud"", ""position"": 1928, ""recursion_depth"": 1, ""cache_object_count"": 1, ""unique_kv_bytes"": 284295168}, {""cell_key"": ""d59b0160:o0:d24:identity"", ""position"": 1928, ""recursion_depth"": 1, ""cache_object_count"": 1, ""unique_kv_bytes"": 284295168}, {""cell_key"": ""d59b0160:o0:d24:transpose"", ""position"": 1928, ""recursion_depth"": 1, ""cache_object_count"": 1, ""unique_kv_bytes"": 284295168}]",B8,"{""stage"": ""after_split"", ""layer"": null}",13745782784,10674666496,11213471744,11213471744,25298141184,1137180672
10105744896,"[{""cell_key"": ""d59b0160:o0:d24:anti_transpose"", ""position"": 1928, ""recursion_depth"": 1, ""cache_object_count"": 1, ""unique_kv_bytes"": 284295168}, {""cell_key"": ""d59b0160:o0:d24:flip_ud"", ""position"": 1928, ""recursion_depth"": 1, ""cache_object_count"": 1, ""unique_kv_bytes"": 284295168}, {""cell_key"": ""d59b0160:o0:d24:identity"", ""position"": 1928, ""recursion_depth"": 1, ""cache_object_count"": 1, ""unique_kv_bytes"": 284295168}, {""cell_key"": ""d59b0160:o0:d24:transpose"", ""position"": 1928, ""recursion_depth"": 1, ""cache_object_count"": 1, ""unique_kv_bytes"": 284295168}]",B9,"{""stage"": ""after_release_temporaries"", ""layer"": null}",13745782784,10674666496,11213471744,11213471744,25298141184,1137180672
10105744896,"[{""cell_key"": ""d59b0160:o0:d24:anti_transpose"", ""position"": 1929, ""recursion_depth"": 2, ""cache_object_count"": 2, ""unique_kv_bytes"": 853180416}, {""cell_key"": ""d59b0160:o0:d24:flip_ud"", ""position"": 1929, ""recursion_depth"": 2, ""cache_object_count"": 2, ""unique_kv_bytes"": 853180416}, {""cell_key"": ""d59b0160:o0:d24:identity"", ""position"": 1928, ""recursion_depth"": 1, ""cache_object_count"": 1, ""unique_kv_bytes"": 284295168}, {""cell_key"": ""d59b0160:o0:d24:transpose"", ""position"": 1928, ""recursion_depth"": 1, ""cache_object_count"": 1, ""unique_kv_bytes"": 284295168}]",B10,"{""stage"": ""after_logical_resume"", ""layer"": null}",13745782784,10674666496,11213471744,11213471744,25298141184,1706065920
